-- Auto-generated by generate-seed.ts — do not edit manually.
-- Source: local DB, set OGS (Proving Grounds) + extra cards: fury-rune
-- Generated: 2026-04-15T17:50:28.691Z

-- Reference / lookup tables (upsert to merge with migration-seeded rows)
INSERT INTO domains (slug, label, sort_order, is_well_known, color) VALUES
  ('Fury', 'Fury', 0, FALSE, '#CB212D'),
  ('Calm', 'Calm', 1, FALSE, '#16AA71'),
  ('Mind', 'Mind', 2, FALSE, '#227799'),
  ('Body', 'Body', 3, FALSE, '#E2710C'),
  ('Chaos', 'Chaos', 4, FALSE, '#6B4891'),
  ('Order', 'Order', 5, FALSE, '#CDA902'),
  ('Colorless', 'Colorless', 6, TRUE, '#737373')
  ON CONFLICT (slug) DO UPDATE SET label = EXCLUDED.label, sort_order = EXCLUDED.sort_order, is_well_known = EXCLUDED.is_well_known, color = EXCLUDED.color;

INSERT INTO rarities (slug, label, sort_order, is_well_known, color) VALUES
  ('Common', 'Common', 0, FALSE, '#A6A6A6'),
  ('Uncommon', 'Uncommon', 1, FALSE, '#47D1D1'),
  ('Rare', 'Rare', 2, FALSE, '#E052B1'),
  ('Epic', 'Epic', 3, FALSE, '#FA8938'),
  ('Showcase', 'Showcase', 4, FALSE, '#FFCC00')
  ON CONFLICT (slug) DO UPDATE SET label = EXCLUDED.label, sort_order = EXCLUDED.sort_order, is_well_known = EXCLUDED.is_well_known, color = EXCLUDED.color;

INSERT INTO card_types (slug, label, sort_order, is_well_known) VALUES
  ('Legend', 'Legend', 0, TRUE),
  ('Unit', 'Unit', 1, TRUE),
  ('Rune', 'Rune', 2, TRUE),
  ('Spell', 'Spell', 3, FALSE),
  ('Gear', 'Gear', 4, FALSE),
  ('Battlefield', 'Battlefield', 5, TRUE),
  ('Other', 'Other', 6, FALSE)
  ON CONFLICT (slug) DO UPDATE SET label = EXCLUDED.label, sort_order = EXCLUDED.sort_order, is_well_known = EXCLUDED.is_well_known;

INSERT INTO super_types (slug, label, sort_order, is_well_known) VALUES
  ('Basic', 'Basic', 0, FALSE),
  ('Champion', 'Champion', 1, TRUE),
  ('Signature', 'Signature', 2, TRUE),
  ('Token', 'Token', 3, FALSE)
  ON CONFLICT (slug) DO UPDATE SET label = EXCLUDED.label, sort_order = EXCLUDED.sort_order, is_well_known = EXCLUDED.is_well_known;

INSERT INTO finishes (slug, label, sort_order, is_well_known) VALUES
  ('normal', 'Normal', 0, TRUE),
  ('foil', 'Foil', 1, TRUE)
  ON CONFLICT (slug) DO UPDATE SET label = EXCLUDED.label, sort_order = EXCLUDED.sort_order, is_well_known = EXCLUDED.is_well_known;

INSERT INTO art_variants (slug, label, sort_order, is_well_known) VALUES
  ('normal', 'Normal', 0, TRUE),
  ('altart', 'Alt Art', 1, TRUE),
  ('overnumbered', 'Overnumbered', 2, TRUE)
  ON CONFLICT (slug) DO UPDATE SET label = EXCLUDED.label, sort_order = EXCLUDED.sort_order, is_well_known = EXCLUDED.is_well_known;

INSERT INTO languages (code, name, sort_order) VALUES
  ('EN', 'English', 1),
  ('FR', 'French', 2),
  ('ZH', 'Chinese', 3)
  ON CONFLICT (code) DO UPDATE SET name = EXCLUDED.name, sort_order = EXCLUDED.sort_order;

INSERT INTO formats (id, name) VALUES
  ('freeform', 'Freeform'),
  ('standard', 'Standard')
  ON CONFLICT (id) DO UPDATE SET name = EXCLUDED.name;

INSERT INTO deck_formats (slug, label, sort_order, is_well_known) VALUES
  ('constructed', 'Constructed', 0, TRUE),
  ('freeform', 'Freeform', 1, TRUE)
  ON CONFLICT (slug) DO UPDATE SET label = EXCLUDED.label, sort_order = EXCLUDED.sort_order, is_well_known = EXCLUDED.is_well_known;

INSERT INTO deck_zones (slug, label, sort_order, is_well_known) VALUES
  ('legend', 'Legend', 0, TRUE),
  ('champion', 'Champion', 1, TRUE),
  ('main', 'Main', 2, TRUE),
  ('battlefield', 'Battlefield', 3, TRUE),
  ('runes', 'Runes', 4, TRUE),
  ('sideboard', 'Sideboard', 5, TRUE),
  ('overflow', 'Overflow', 6, TRUE)
  ON CONFLICT (slug) DO UPDATE SET label = EXCLUDED.label, sort_order = EXCLUDED.sort_order, is_well_known = EXCLUDED.is_well_known;

INSERT INTO keyword_styles (name, color, dark_text) VALUES
  ('Accelerate', '#24705f', FALSE),
  ('Action', '#24705f', FALSE),
  ('Add', '#707070', FALSE),
  ('Ambush', '#24705f', FALSE),
  ('Assault', '#cd346f', FALSE),
  ('Backline', '#cd346f', FALSE),
  ('Buff', '#707070', FALSE),
  ('Deathknell', '#95b229', TRUE),
  ('Deflect', '#95b229', TRUE),
  ('Equip', '#707070', FALSE),
  ('Ganking', '#95b229', TRUE),
  ('Hidden', '#24705f', FALSE),
  ('Hunt', '#95b229', TRUE),
  ('Legion', '#24705f', FALSE),
  ('Level', '#95b229', TRUE),
  ('Mighty', '#707070', FALSE),
  ('Predict', '#707070', FALSE),
  ('Quick-Draw', '#24705f', FALSE),
  ('Reaction', '#24705f', FALSE),
  ('Repeat', '#24705f', FALSE),
  ('Shield', '#cd346f', FALSE),
  ('Stun', '#707070', FALSE),
  ('Tank', '#cd346f', FALSE),
  ('Temporary', '#95b229', TRUE),
  ('Unique', '#707070', FALSE),
  ('Vision', '#707070', FALSE),
  ('Weaponmaster', '#707070', FALSE)
  ON CONFLICT (name) DO UPDATE SET color = EXCLUDED.color, dark_text = EXCLUDED.dark_text;

INSERT INTO keyword_translations (keyword_name, language, label) VALUES
  ('Accelerate', 'ZH', '急速'),
  ('Action', 'ZH', '迅捷'),
  ('Add', 'ZH', '获得'),
  ('Ambush', 'ZH', '伏击'),
  ('Assault', 'ZH', '强攻'),
  ('Backline', 'ZH', '后排'),
  ('Buff', 'ZH', '增益'),
  ('Deathknell', 'ZH', '绝念'),
  ('Deflect', 'ZH', '法盾'),
  ('Equip', 'ZH', '装配'),
  ('Ganking', 'ZH', '游走'),
  ('Hidden', 'ZH', '待命'),
  ('Hunt', 'ZH', '狩猎'),
  ('Legion', 'ZH', '鼓舞'),
  ('Level', 'ZH', '等级'),
  ('Mighty', 'ZH', '强力'),
  ('Predict', 'ZH', '洞察'),
  ('Quick-Draw', 'ZH', '灵便'),
  ('Reaction', 'ZH', '反应'),
  ('Repeat', 'ZH', '回响'),
  ('Shield', 'ZH', '坚守'),
  ('Stun', 'ZH', '眩晕'),
  ('Tank', 'ZH', '壁垒'),
  ('Temporary', 'ZH', '瞬息'),
  ('Unique', 'ZH', '唯我'),
  ('Vision', 'ZH', '预知'),
  ('Weaponmaster', 'ZH', '百炼')
  ON CONFLICT (keyword_name, language) DO UPDATE SET label = EXCLUDED.label;


-- Sets and cards
INSERT INTO sets (id, slug, name, set_type, printed_total, sort_order, released_at) VALUES
  ('019cfc3b-0369-7890-a450-7859471cc3f6', 'OGN', 'Origins', 'main', 298, 1, '2025-10-31T00:00:00.000Z'),
  ('019cfc3b-0369-76e1-8643-5310ac59ac33', 'OGS', 'Proving Grounds', 'supplemental', 24, 2, '2025-10-31T00:00:00.000Z'),
  ('019cfc3b-0369-78be-bd85-75cb9e46ad0c', 'SFD', 'Spiritforged', 'main', 221, 4, '2026-02-28T00:00:00.000Z'),
  ('019cfd6f-067b-768c-a586-b8f9547ad455', 'UNL', 'Unleashed', 'main', 219, 5, '2026-05-08T00:00:00.000Z');

INSERT INTO cards (id, slug, name, type, might, energy, power, might_bonus, keywords, tags, norm_name) VALUES
  ('019cfc3b-038a-7c0c-a76c-e0a5e2f46b18', 'annie-fiery', 'Annie, Fiery', 'Unit', 4, 5, 1, NULL, '{}', '{"Annie","Noxus"}', 'anniefiery'),
  ('019cfc3b-038a-7c41-b170-c9f989adc4a8', 'annie-stubborn', 'Annie, Stubborn', 'Unit', 3, 4, 1, NULL, '{}', '{"Annie","Noxus"}', 'anniestubborn'),
  ('019cfc3b-038a-7acd-8d1e-ff0cd42a7878', 'blast-of-power', 'Blast of Power', 'Spell', NULL, 6, 1, NULL, '{"Action"}', '{}', 'blastofpower'),
  ('019cfc3b-038a-7e54-90c3-34a262a17bea', 'dark-child-starter', 'Dark Child, Starter', 'Legend', NULL, NULL, NULL, NULL, '{}', '{"Annie"}', 'darkchildstarter'),
  ('019cfc3b-038b-7140-a819-397e9b1eb94e', 'decisive-strike', 'Decisive Strike', 'Spell', NULL, 5, 1, NULL, '{"Action"}', '{"Garen"}', 'decisivestrike'),
  ('019cfc3b-038a-7c96-a595-49eecd42e4bf', 'final-spark', 'Final Spark', 'Spell', NULL, 8, NULL, NULL, '{"Action"}', '{"Lux"}', 'finalspark'),
  ('019cfc3b-038a-7e00-b828-03d838e5edab', 'firestorm', 'Firestorm', 'Spell', NULL, 6, 1, NULL, '{}', '{}', 'firestorm'),
  ('019cfc3b-038a-7e2f-a482-917692bfd498', 'flash', 'Flash', 'Spell', NULL, 2, NULL, NULL, '{"Reaction"}', '{}', 'flash'),
  ('019cfc3b-0387-7b61-be7a-edfadddd1879', 'fury-rune', 'Fury Rune', 'Rune', NULL, NULL, NULL, NULL, '{}', '{}', 'furyrune'),
  ('019cfc3b-038a-7c52-b7f5-683161fa2c98', 'garen-commander', 'Garen, Commander', 'Unit', 5, 6, 1, NULL, '{}', '{"Elite","Garen","Demacia"}', 'garencommander'),
  ('019cfc3b-038a-7c30-8616-613222ef6b01', 'garen-rugged', 'Garen, Rugged', 'Unit', 5, 6, 1, NULL, '{"Assault","Shield"}', '{"Elite","Garen","Demacia"}', 'garenrugged'),
  ('019cfc3b-038a-7e20-b240-25edfa53cbca', 'gentlemen-s-duel', 'Gentlemen''s Duel', 'Spell', NULL, 6, 1, NULL, '{"Action"}', '{}', 'gentlemensduel'),
  ('019cfc3b-038a-7e66-ae6d-5c57a250af7e', 'highlander', 'Highlander', 'Spell', NULL, 4, NULL, NULL, '{"Reaction"}', '{"Master Yi"}', 'highlander'),
  ('019cfc3b-0389-7de9-8860-226f4c8947d8', 'incinerate', 'Incinerate', 'Spell', NULL, 2, NULL, NULL, '{"Action"}', '{}', 'incinerate'),
  ('019cfc3b-038a-7aff-9f64-d915ada7e046', 'lady-of-luminosity-starter', 'Lady of Luminosity, Starter', 'Legend', NULL, NULL, NULL, NULL, '{}', '{"Lux"}', 'ladyofluminositystarter'),
  ('019cfc3b-038a-7e42-8b17-0f904fc6a78c', 'lux-crownguard', 'Lux, Crownguard', 'Unit', 2, 4, NULL, NULL, '{"Reaction","Add"}', '{"Lux","Demacia"}', 'luxcrownguard'),
  ('019cfc3b-038a-7aab-b290-3ac99454fe0e', 'lux-illuminated', 'Lux, Illuminated', 'Unit', 5, 6, 1, NULL, '{}', '{"Lux","Demacia"}', 'luxilluminated'),
  ('019cfc3b-038a-7abc-b43e-79b55463b059', 'master-yi-honed', 'Master Yi, Honed', 'Unit', 6, 7, 1, NULL, '{"Ganking"}', '{"Master Yi","Ionia"}', 'masteryihoned'),
  ('019cfc3b-038a-7c1e-a8eb-57c9b27608ca', 'master-yi-meditative', 'Master Yi, Meditative', 'Unit', 4, 5, 1, NULL, '{}', '{"Master Yi","Ionia"}', 'masteryimeditative'),
  ('019cfc3b-038a-7e76-9ea8-f1feb5c9d837', 'might-of-demacia-starter', 'Might of Demacia, Starter', 'Legend', NULL, NULL, NULL, NULL, '{}', '{"Garen"}', 'mightofdemaciastarter'),
  ('019cfc3b-038a-7add-b48d-e16b7614dfda', 'recruit-the-vanguard', 'Recruit the Vanguard', 'Spell', NULL, 6, NULL, NULL, '{"Action"}', '{}', 'recruitthevanguard'),
  ('019cfc3b-038a-7aef-b46a-dc08a7a17008', 'tibbers', 'Tibbers', 'Unit', 7, 8, 2, NULL, '{}', '{"Annie"}', 'tibbers'),
  ('019cfc3b-038a-7c63-a32a-d4ca63b2bee9', 'vanguard-attendant', 'Vanguard Attendant', 'Unit', 5, 6, 1, NULL, '{}', '{"Elite","Demacia"}', 'vanguardattendant'),
  ('019cfc3b-038a-7c85-87b3-452bea9999fb', 'wuju-bladesman-starter', 'Wuju Bladesman, Starter', 'Legend', NULL, NULL, NULL, NULL, '{}', '{"Master Yi"}', 'wujubladesmanstarter'),
  ('019cfc3b-038a-7e10-b8d4-6e8b9646a975', 'zephyr-sage', 'Zephyr Sage', 'Unit', 6, 6, 1, NULL, '{"Shield"}', '{"Ionia","Bird"}', 'zephyrsage');

INSERT INTO card_super_types (card_id, super_type_slug) VALUES
  ('019cfc3b-0387-7b61-be7a-edfadddd1879', 'Basic'),
  ('019cfc3b-038a-7aab-b290-3ac99454fe0e', 'Champion'),
  ('019cfc3b-038a-7abc-b43e-79b55463b059', 'Champion'),
  ('019cfc3b-038a-7aef-b46a-dc08a7a17008', 'Signature'),
  ('019cfc3b-038a-7aff-9f64-d915ada7e046', 'Champion'),
  ('019cfc3b-038a-7c0c-a76c-e0a5e2f46b18', 'Champion'),
  ('019cfc3b-038a-7c1e-a8eb-57c9b27608ca', 'Champion'),
  ('019cfc3b-038a-7c30-8616-613222ef6b01', 'Champion'),
  ('019cfc3b-038a-7c41-b170-c9f989adc4a8', 'Champion'),
  ('019cfc3b-038a-7c52-b7f5-683161fa2c98', 'Champion'),
  ('019cfc3b-038a-7c85-87b3-452bea9999fb', 'Champion'),
  ('019cfc3b-038a-7c96-a595-49eecd42e4bf', 'Signature'),
  ('019cfc3b-038a-7e42-8b17-0f904fc6a78c', 'Champion'),
  ('019cfc3b-038a-7e54-90c3-34a262a17bea', 'Champion'),
  ('019cfc3b-038a-7e66-ae6d-5c57a250af7e', 'Signature'),
  ('019cfc3b-038a-7e76-9ea8-f1feb5c9d837', 'Champion'),
  ('019cfc3b-038b-7140-a819-397e9b1eb94e', 'Signature');

INSERT INTO card_domains (card_id, domain_slug, ordinal) VALUES
  ('019cfc3b-0387-7b61-be7a-edfadddd1879', 'Fury', 0),
  ('019cfc3b-0389-7de9-8860-226f4c8947d8', 'Fury', 0),
  ('019cfc3b-038a-7aab-b290-3ac99454fe0e', 'Mind', 0),
  ('019cfc3b-038a-7abc-b43e-79b55463b059', 'Body', 0),
  ('019cfc3b-038a-7acd-8d1e-ff0cd42a7878', 'Order', 0),
  ('019cfc3b-038a-7add-b48d-e16b7614dfda', 'Order', 0),
  ('019cfc3b-038a-7aef-b46a-dc08a7a17008', 'Fury', 0),
  ('019cfc3b-038a-7aef-b46a-dc08a7a17008', 'Chaos', 1),
  ('019cfc3b-038a-7aff-9f64-d915ada7e046', 'Mind', 0),
  ('019cfc3b-038a-7aff-9f64-d915ada7e046', 'Order', 1),
  ('019cfc3b-038a-7c0c-a76c-e0a5e2f46b18', 'Fury', 0),
  ('019cfc3b-038a-7c1e-a8eb-57c9b27608ca', 'Calm', 0),
  ('019cfc3b-038a-7c30-8616-613222ef6b01', 'Body', 0),
  ('019cfc3b-038a-7c41-b170-c9f989adc4a8', 'Chaos', 0),
  ('019cfc3b-038a-7c52-b7f5-683161fa2c98', 'Order', 0),
  ('019cfc3b-038a-7c63-a32a-d4ca63b2bee9', 'Order', 0),
  ('019cfc3b-038a-7c85-87b3-452bea9999fb', 'Calm', 0),
  ('019cfc3b-038a-7c85-87b3-452bea9999fb', 'Body', 1),
  ('019cfc3b-038a-7c96-a595-49eecd42e4bf', 'Mind', 0),
  ('019cfc3b-038a-7c96-a595-49eecd42e4bf', 'Order', 1),
  ('019cfc3b-038a-7e00-b828-03d838e5edab', 'Fury', 0),
  ('019cfc3b-038a-7e10-b8d4-6e8b9646a975', 'Calm', 0),
  ('019cfc3b-038a-7e20-b240-25edfa53cbca', 'Body', 0),
  ('019cfc3b-038a-7e2f-a482-917692bfd498', 'Chaos', 0),
  ('019cfc3b-038a-7e42-8b17-0f904fc6a78c', 'Order', 0),
  ('019cfc3b-038a-7e54-90c3-34a262a17bea', 'Fury', 0),
  ('019cfc3b-038a-7e54-90c3-34a262a17bea', 'Chaos', 1),
  ('019cfc3b-038a-7e66-ae6d-5c57a250af7e', 'Calm', 0),
  ('019cfc3b-038a-7e66-ae6d-5c57a250af7e', 'Body', 1),
  ('019cfc3b-038a-7e76-9ea8-f1feb5c9d837', 'Body', 0),
  ('019cfc3b-038a-7e76-9ea8-f1feb5c9d837', 'Order', 1),
  ('019cfc3b-038b-7140-a819-397e9b1eb94e', 'Body', 0),
  ('019cfc3b-038b-7140-a819-397e9b1eb94e', 'Order', 1);

INSERT INTO card_name_aliases (card_id, norm_name) VALUES
  ('019cfc3b-0387-7b61-be7a-edfadddd1879', 'furyrune'),
  ('019cfc3b-0387-7b61-be7a-edfadddd1879', 'furyrunealternateart'),
  ('019cfc3b-0387-7b61-be7a-edfadddd1879', 'furyruneoriginsnexusnightpromo'),
  ('019cfc3b-0387-7b61-be7a-edfadddd1879', 'furyruner01b'),
  ('019cfc3b-0387-7b61-be7a-edfadddd1879', 'furyrunespiritforgednexusnightpromo'),
  ('019cfc3b-0389-7de9-8860-226f4c8947d8', 'incinerate'),
  ('019cfc3b-038a-7aab-b290-3ac99454fe0e', 'luxilluminated'),
  ('019cfc3b-038a-7aab-b290-3ac99454fe0e', 'luxilluminatedspiritforgednexusnightpromo'),
  ('019cfc3b-038a-7abc-b43e-79b55463b059', 'masteryihoned'),
  ('019cfc3b-038a-7abc-b43e-79b55463b059', 'masteryihonedspiritforgednexusnightpromo'),
  ('019cfc3b-038a-7abc-b43e-79b55463b059', 'yihoned'),
  ('019cfc3b-038a-7acd-8d1e-ff0cd42a7878', 'blastofpower'),
  ('019cfc3b-038a-7add-b48d-e16b7614dfda', 'recruitthevanguard'),
  ('019cfc3b-038a-7aef-b46a-dc08a7a17008', 'tibbers'),
  ('019cfc3b-038a-7aef-b46a-dc08a7a17008', 'tibbersspiritforgednexusnightpromo'),
  ('019cfc3b-038a-7aff-9f64-d915ada7e046', 'ladyofluminosity'),
  ('019cfc3b-038a-7aff-9f64-d915ada7e046', 'ladyofluminositystarter'),
  ('019cfc3b-038a-7aff-9f64-d915ada7e046', 'luxladyofluminosity'),
  ('019cfc3b-038a-7aff-9f64-d915ada7e046', 'luxladyofluminositymetal'),
  ('019cfc3b-038a-7aff-9f64-d915ada7e046', 'luxladyofluminositystarter'),
  ('019cfc3b-038a-7aff-9f64-d915ada7e046', 'luxladyofluminositystarterspiritforgednexusnightpromo'),
  ('019cfc3b-038a-7c0c-a76c-e0a5e2f46b18', 'anniefiery'),
  ('019cfc3b-038a-7c0c-a76c-e0a5e2f46b18', 'anniefieryspiritforgednexusnightpromo'),
  ('019cfc3b-038a-7c1e-a8eb-57c9b27608ca', 'masteryimedative'),
  ('019cfc3b-038a-7c1e-a8eb-57c9b27608ca', 'masteryimeditative'),
  ('019cfc3b-038a-7c1e-a8eb-57c9b27608ca', 'masteryimeditativespiritforgednexusnightpromo'),
  ('019cfc3b-038a-7c1e-a8eb-57c9b27608ca', 'yimeditative'),
  ('019cfc3b-038a-7c30-8616-613222ef6b01', 'garenrugged'),
  ('019cfc3b-038a-7c30-8616-613222ef6b01', 'garenruggedspiritforgednexusnightpromo'),
  ('019cfc3b-038a-7c41-b170-c9f989adc4a8', 'anniestubborn'),
  ('019cfc3b-038a-7c41-b170-c9f989adc4a8', 'anniestubbornspiritforgednexusnightpromo'),
  ('019cfc3b-038a-7c52-b7f5-683161fa2c98', 'garencommander'),
  ('019cfc3b-038a-7c52-b7f5-683161fa2c98', 'garencommanderspiritforgednexusnightpromo'),
  ('019cfc3b-038a-7c63-a32a-d4ca63b2bee9', 'vanguardattendant'),
  ('019cfc3b-038a-7c85-87b3-452bea9999fb', 'masteryiwujubladesman'),
  ('019cfc3b-038a-7c85-87b3-452bea9999fb', 'masteryiwujubladesmanmetal'),
  ('019cfc3b-038a-7c85-87b3-452bea9999fb', 'masteryiwujubladesmanstarter'),
  ('019cfc3b-038a-7c85-87b3-452bea9999fb', 'masteryiwujubladesmanstarterspiritforgednexusnightpromo'),
  ('019cfc3b-038a-7c85-87b3-452bea9999fb', 'wujubladesman'),
  ('019cfc3b-038a-7c85-87b3-452bea9999fb', 'wujubladesmanstarter'),
  ('019cfc3b-038a-7c96-a595-49eecd42e4bf', 'finalspark'),
  ('019cfc3b-038a-7c96-a595-49eecd42e4bf', 'finalsparkspiritforgednexusnightpromo'),
  ('019cfc3b-038a-7e00-b828-03d838e5edab', 'firestorm'),
  ('019cfc3b-038a-7e10-b8d4-6e8b9646a975', 'zephyrsage'),
  ('019cfc3b-038a-7e20-b240-25edfa53cbca', 'gentlemensduel'),
  ('019cfc3b-038a-7e2f-a482-917692bfd498', 'flash'),
  ('019cfc3b-038a-7e42-8b17-0f904fc6a78c', 'luxcrownguard'),
  ('019cfc3b-038a-7e42-8b17-0f904fc6a78c', 'luxcrownguardspiritforgednexusnightpromo'),
  ('019cfc3b-038a-7e54-90c3-34a262a17bea', 'anniedarkchild'),
  ('019cfc3b-038a-7e54-90c3-34a262a17bea', 'anniedarkchildmetal'),
  ('019cfc3b-038a-7e54-90c3-34a262a17bea', 'anniedarkchildstarter'),
  ('019cfc3b-038a-7e54-90c3-34a262a17bea', 'anniedarkchildstarterspiritforgednexusnightpromo'),
  ('019cfc3b-038a-7e54-90c3-34a262a17bea', 'darkchild'),
  ('019cfc3b-038a-7e54-90c3-34a262a17bea', 'darkchildstarter'),
  ('019cfc3b-038a-7e66-ae6d-5c57a250af7e', 'highlander'),
  ('019cfc3b-038a-7e66-ae6d-5c57a250af7e', 'highlanderspiritforgednexusnightpromo'),
  ('019cfc3b-038a-7e76-9ea8-f1feb5c9d837', 'garenmightofdemacia'),
  ('019cfc3b-038a-7e76-9ea8-f1feb5c9d837', 'garenmightofdemaciametal'),
  ('019cfc3b-038a-7e76-9ea8-f1feb5c9d837', 'garenmightofdemaciastarter'),
  ('019cfc3b-038a-7e76-9ea8-f1feb5c9d837', 'garenmightofdemaciastarterspiritforgednexusnightpromo'),
  ('019cfc3b-038a-7e76-9ea8-f1feb5c9d837', 'mightofdemacia'),
  ('019cfc3b-038a-7e76-9ea8-f1feb5c9d837', 'mightofdemaciastarter'),
  ('019cfc3b-038b-7140-a819-397e9b1eb94e', 'decisivestrike'),
  ('019cfc3b-038b-7140-a819-397e9b1eb94e', 'decisivestrikespiritforgednexusnightpromo');

INSERT INTO card_errata (id, card_id, corrected_rules_text, corrected_effect_text, source, source_url, effective_date) VALUES
  ('019713f0-0000-7000-8000-000000000001', '019cfc3b-038a-7c0c-a76c-e0a5e2f46b18', 'Deal 3 damage to target unit. (Corrected from 2)', NULL, 'official-errata', NULL, '2025-01-15'),
  ('019713f0-0000-7000-8000-000000000002', '019cfc3b-038a-7c41-b170-c9f989adc4a8', NULL, 'When this unit enters play, draw a card.', 'official-errata', 'https://example.com/errata', '2025-03-01');


-- Printings and images
INSERT INTO distribution_channels (id, slug, label, kind) VALUES
  ('019d02a7-1639-7700-a279-2e6f4f6dc91c', 'nexus', 'Nexus Night Promo', 'event'),
  ('019d0179-b842-7ac6-8546-0c4d0d366687', 'promo', 'Promo (no details known)', 'event')
  ON CONFLICT (slug) DO UPDATE SET id = EXCLUDED.id, label = EXCLUDED.label, kind = EXCLUDED.kind;

INSERT INTO markers (id, slug, label, description, sort_order) VALUES
  ('019d91bf-898a-784f-be61-be9497dfe824', 'nexus', 'Nexus Night Promo', NULL, 5),
  ('019d91bf-8989-7b3a-b1be-30547817e3e2', 'promo', 'Promo', 'Generic promo stamp', 0)
  ON CONFLICT (slug) DO UPDATE SET id = EXCLUDED.id, label = EXCLUDED.label, description = EXCLUDED.description, sort_order = EXCLUDED.sort_order;

INSERT INTO printings (id, card_id, set_id, short_code, rarity, art_variant, is_signed, finish, artist, public_code, printed_rules_text, printed_effect_text, flavor_text, comment, marker_slugs, language, printed_name) VALUES
  ('019d69a5-28fa-70a2-92ea-73d8f2a27d3f', '019cfc3b-0387-7b61-be7a-edfadddd1879', '019cfc3b-0369-7890-a450-7859471cc3f6', 'OGN-007', 'Common', 'normal', FALSE, 'normal', 'Greg Ghielmetti&Leah Chen', 'OGN-007/298', NULL, NULL, NULL, NULL, '{}', 'ZH', '炽烈符文'),
  ('019cfc3b-03d2-75a9-b281-305c0ec46c9c', '019cfc3b-0387-7b61-be7a-edfadddd1879', '019cfc3b-0369-7890-a450-7859471cc3f6', 'OGN-007', 'Common', 'normal', FALSE, 'normal', 'Greg Ghielmetti & Leah Chen', 'OGN-007/298', NULL, NULL, NULL, NULL, '{}', 'EN', 'Fury Rune'),
  ('019d69a4-8117-73d6-9aec-69530d59d8da', '019cfc3b-0387-7b61-be7a-edfadddd1879', '019cfc3b-0369-7890-a450-7859471cc3f6', 'OGN-007a', 'Showcase', 'altart', FALSE, 'foil', 'Fairfoul', 'OGN-007a/298', NULL, NULL, NULL, NULL, '{}', 'ZH', '炽烈符文'),
  ('019cfc3b-03d1-7eb9-b5d5-588deb7bd4a7', '019cfc3b-0387-7b61-be7a-edfadddd1879', '019cfc3b-0369-7890-a450-7859471cc3f6', 'OGN-007a', 'Showcase', 'altart', FALSE, 'foil', 'Fairfoul', 'OGN-007a/298', NULL, NULL, NULL, NULL, '{}', 'EN', 'Fury Rune'),
  ('019cfde8-86d5-734d-add4-3f4fc05c1173', '019cfc3b-0387-7b61-be7a-edfadddd1879', '019cfc3b-0369-7890-a450-7859471cc3f6', 'OGN-007b', 'Showcase', 'altart', FALSE, 'foil', 'Greg Ghielmetti & Leah Chen', 'OGN-007b/298', NULL, NULL, NULL, NULL, '{"promo"}', 'EN', 'Fury Rune'),
  ('019d69a4-f7b9-7222-bb93-cb745d47be9f', '019cfc3b-0387-7b61-be7a-edfadddd1879', '019cfc3b-0369-7890-a450-7859471cc3f6', 'OGN-007b', 'Showcase', 'altart', FALSE, 'foil', 'Greg Ghielmetti & Leah Chen', 'OGN-007b/298', NULL, NULL, NULL, NULL, '{}', 'ZH', '炽烈符文'),
  ('019d17a1-2723-733a-a21e-4630e4370046', '019cfc3b-038a-7c0c-a76c-e0a5e2f46b18', '019cfc3b-0369-76e1-8643-5310ac59ac33', 'OGS-001', 'Epic', 'normal', FALSE, 'foil', 'Polar Engine Studio', 'OGS-001/024', 'Your spells and abilities deal 1 Bonus Damage. _(Each instance of damage they deal is increased by 1.)_', NULL, '“I never play with matches.”', NULL, '{"nexus"}', 'EN', 'Annie, Fiery'),
  ('019cfc3b-03d6-74cf-adec-1dce41f631eb', '019cfc3b-038a-7c0c-a76c-e0a5e2f46b18', '019cfc3b-0369-76e1-8643-5310ac59ac33', 'OGS-001', 'Epic', 'normal', FALSE, 'normal', 'Polar Engine Studio', 'OGS-001/024', 'Your spells and abilities deal 1 Bonus Damage. _(Each instance of damage they deal is increased by 1.)_', NULL, '“I never play with matches.”', NULL, '{}', 'EN', 'Annie, Fiery'),
  ('019d6d05-930d-7af7-9eb5-1bbefadba3a4', '019cfc3b-038a-7c0c-a76c-e0a5e2f46b18', '019cfc3b-0369-76e1-8643-5310ac59ac33', 'OGS-001', 'Epic', 'normal', FALSE, 'normal', 'Polar Engine Studio', 'OGS-001/024', '你的法术和技能造成的伤害+1（每段伤害都+1）。', NULL, '“我从来不玩火柴。”', NULL, '{}', 'ZH', '安妮, 汹涌烈焰'),
  ('019d6d05-9935-76e8-a805-ea6541cb99dd', '019cfc3b-038a-7e00-b828-03d838e5edab', '019cfc3b-0369-76e1-8643-5310ac59ac33', 'OGS-002', 'Uncommon', 'normal', FALSE, 'normal', 'Kudos Productions', 'OGS-002/024', '对一处战场的所有敌方单位各造成3点伤害。', NULL, '“小妞妞，放火球！”
——安妮', NULL, '{}', 'ZH', '烈火风暴'),
  ('019cfc3b-03d5-768e-91cf-8ac59b20fb0e', '019cfc3b-038a-7e00-b828-03d838e5edab', '019cfc3b-0369-76e1-8643-5310ac59ac33', 'OGS-002', 'Uncommon', 'normal', FALSE, 'normal', 'Kudos Productions', 'OGS-002/024', 'Deal 3 to all enemy units at a battlefield.', NULL, '“Eeny, meeny, miny, burn!”
—Annie', NULL, '{}', 'EN', 'Firestorm'),
  ('019d6d05-9a7a-7234-aa16-3d519c8131c9', '019cfc3b-0389-7de9-8860-226f4c8947d8', '019cfc3b-0369-76e1-8643-5310ac59ac33', 'OGS-003', 'Common', 'normal', FALSE, 'normal', 'Kudos Productions', 'OGS-003/024', '[迅捷]（可在你的回合或法术对决中打出。）
对战场上的一名单位造成2点伤害。', NULL, '“你闻起来就像……烧焦了一样！”
——安妮', NULL, '{}', 'ZH', '焚烧'),
  ('019cfc3b-03d6-74e0-bdbe-4aca898a0bbd', '019cfc3b-0389-7de9-8860-226f4c8947d8', '019cfc3b-0369-76e1-8643-5310ac59ac33', 'OGS-003', 'Common', 'normal', FALSE, 'normal', 'Kudos Productions', 'OGS-003/024', '[Action] _(Play on your turn or in showdowns.)_
Deal 2 to a unit at a battlefield.', NULL, '“You smell like burning!”
—Annie', NULL, '{}', 'EN', 'Incinerate'),
  ('019d17a6-13f6-74f3-bcaa-6974580b57db', '019cfc3b-038a-7c1e-a8eb-57c9b27608ca', '019cfc3b-0369-76e1-8643-5310ac59ac33', 'OGS-004', 'Rare', 'normal', FALSE, 'foil', 'Kudos Productions', 'OGS-004/024', 'While you have 8+ runes, I have +4 :rb_might:.', NULL, '“Anger gives motivation without purpose.”', NULL, '{"nexus"}', 'EN', 'Master Yi, Meditative'),
  ('019d6d05-a758-7fce-aadd-aafcc11baebe', '019cfc3b-038a-7c1e-a8eb-57c9b27608ca', '019cfc3b-0369-76e1-8643-5310ac59ac33', 'OGS-004', 'Rare', 'normal', FALSE, 'normal', 'Kudos Productions', 'OGS-004/024', '如果你拥有不少于八枚符文，则我获得:rb_might:+4。', NULL, '“愤怒，带来冲动。”', NULL, '{}', 'ZH', '易, 禅心大道'),
  ('019cfc3b-03d6-74f2-bcff-7bd89d0061f5', '019cfc3b-038a-7c1e-a8eb-57c9b27608ca', '019cfc3b-0369-76e1-8643-5310ac59ac33', 'OGS-004', 'Rare', 'normal', FALSE, 'normal', 'Kudos Productions', 'OGS-004/024', 'While you have 8+ runes, I have +4 :rb_might:.', NULL, '“Anger gives motivation without purpose.”', NULL, '{}', 'EN', 'Master Yi, Meditative'),
  ('019d6d05-aa97-77be-8913-cae20a56f25f', '019cfc3b-038a-7e10-b8d4-6e8b9646a975', '019cfc3b-0369-76e1-8643-5310ac59ac33', 'OGS-005', 'Uncommon', 'normal', FALSE, 'normal', 'Six More Vodka', 'OGS-005/024', '[坚守]（如果我是防守方，则:rb_might:+1。）', NULL, '“真正的大师，永远都怀着一颗学徒的心。”——易', NULL, '{}', 'ZH', '和风贤者'),
  ('019cfc3b-03d6-7502-b5c1-a9e422f91ac7', '019cfc3b-038a-7e10-b8d4-6e8b9646a975', '019cfc3b-0369-76e1-8643-5310ac59ac33', 'OGS-005', 'Uncommon', 'normal', FALSE, 'normal', 'Six More Vodka', 'OGS-005/024', '[Shield] _(+1 :rb_might: while I’m a defender.)_', NULL, '“A true master is an eternal student.”
—Master Yi', NULL, '{}', 'EN', 'Zephyr Sage'),
  ('019d6d05-b0ac-79e3-8edc-0d6d436d148b', '019cfc3b-038a-7aab-b290-3ac99454fe0e', '019cfc3b-0369-76e1-8643-5310ac59ac33', 'OGS-006', 'Rare', 'normal', FALSE, 'normal', 'Six More Vodka', 'OGS-006/024', '每当你打出费用不低于:rb_energy_5:的法术时，让我本回合内:rb_might:+3。', NULL, '“毫无保留！”', NULL, '{}', 'ZH', '拉克丝, 明丽光华'),
  ('019cfc3b-03d6-7514-9347-be4597ff1eee', '019cfc3b-038a-7aab-b290-3ac99454fe0e', '019cfc3b-0369-76e1-8643-5310ac59ac33', 'OGS-006', 'Rare', 'normal', FALSE, 'normal', 'Six More Vodka', 'OGS-006/024', 'When you play a spell that costs :rb_energy_5: or more, give me +3 :rb_might: this turn.', NULL, '“No more holding back!”', NULL, '{}', 'EN', 'Lux, Illuminated'),
  ('019d1be8-3681-73b5-bf13-078b7e3c9096', '019cfc3b-038a-7aab-b290-3ac99454fe0e', '019cfc3b-0369-76e1-8643-5310ac59ac33', 'OGS-006', 'Rare', 'normal', FALSE, 'foil', 'Six More Vodka', 'OGS-006/024', 'When you play a spell that costs :rb_energy_5: or more, give me +3 :rb_might: this turn.', NULL, '“No more holding back!”', NULL, '{"nexus"}', 'EN', 'Lux, Illuminated'),
  ('019cfc3b-03d6-752a-adc5-19033009d65d', '019cfc3b-038a-7c30-8616-613222ef6b01', '019cfc3b-0369-76e1-8643-5310ac59ac33', 'OGS-007', 'Rare', 'normal', FALSE, 'normal', 'Six More Vodka', 'OGS-007/024', '[Assault 2], [Shield 2] _(+2 :rb_might: while I’m an attacker or defender.)_', NULL, '“Fear is the first of many foes.”', NULL, '{}', 'EN', 'Garen, Rugged'),
  ('019d6d05-b656-79e4-b3df-2c0c6414f64b', '019cfc3b-038a-7c30-8616-613222ef6b01', '019cfc3b-0369-76e1-8643-5310ac59ac33', 'OGS-007', 'Rare', 'normal', FALSE, 'normal', 'Six More Vodka', 'OGS-007/024', '[强攻2]（如果我是进攻方，则:rb_might:+2。）
[坚守2]（如果我是防守方，则:rb_might:+2。）', NULL, '“恐惧，是万敌之首。”', NULL, '{}', 'ZH', '盖伦, 身经百战'),
  ('019d1bee-0857-793a-b76b-50b6ead8ddbb', '019cfc3b-038a-7c30-8616-613222ef6b01', '019cfc3b-0369-76e1-8643-5310ac59ac33', 'OGS-007', 'Rare', 'normal', FALSE, 'foil', 'Six More Vodka', 'OGS-007/024', '[Assault 2], [Shield 2] _(+2 :rb_might: while I’m an attacker or defender.)_', NULL, '“Fear is the first of many foes.”', NULL, '{"nexus"}', 'EN', 'Garen, Rugged'),
  ('019cfc3b-03d6-753c-9ec3-7cf48219b1e8', '019cfc3b-038a-7e20-b240-25edfa53cbca', '019cfc3b-0369-76e1-8643-5310ac59ac33', 'OGS-008', 'Common', 'normal', FALSE, 'normal', 'Kudos Productions', 'OGS-008/024', '[Action] _(Play on your turn or in showdowns.)_
Give a friendly unit +3 :rb_might: this turn. Then choose an enemy unit. They deal damage equal to their Mights to each other.', NULL, 'A proper and formal way to kill your enemies.', NULL, '{}', 'EN', 'Gentlemen''s Duel'),
  ('019d6d05-b99e-7e0e-96dd-e1c9da4bdae3', '019cfc3b-038a-7e20-b240-25edfa53cbca', '019cfc3b-0369-76e1-8643-5310ac59ac33', 'OGS-008', 'Common', 'normal', FALSE, 'normal', 'Kudos Productions', 'OGS-008/024', '[迅捷]（可在你的回合或法术对决中打出。）
让一名友方单位本回合内:rb_might:+3。随后，选择一名敌方单位，让这两名单位互相以自身战力给对方造成伤害。', NULL, '体面而正式地干掉你的敌人。', NULL, '{}', 'ZH', '绅士决斗'),
  ('019cfc3b-03d6-754e-a4de-ca223b302965', '019cfc3b-038a-7abc-b43e-79b55463b059', '019cfc3b-0369-76e1-8643-5310ac59ac33', 'OGS-009', 'Epic', 'normal', FALSE, 'normal', 'Kudos Productions', 'OGS-009/024', '[Ganking] _(I can move from battlefield to battlefield.)_
I enter ready.', NULL, '“The focused mind can pierce through stone.”', NULL, '{}', 'EN', 'Master Yi, Honed'),
  ('019d6d05-c13a-799a-bda0-efd70a6a1b75', '019cfc3b-038a-7abc-b43e-79b55463b059', '019cfc3b-0369-76e1-8643-5310ac59ac33', 'OGS-009', 'Epic', 'normal', FALSE, 'normal', 'Kudos Productions', 'OGS-009/024', '[游走]（我可以向其他战场进行移动。）
我以活跃状态进场。', NULL, '“集中起来的意志，可以击穿顽石。”', NULL, '{}', 'ZH', '易, 锋芒毕现'),
  ('019d17ac-724a-732c-b83a-23cd257a74e5', '019cfc3b-038a-7abc-b43e-79b55463b059', '019cfc3b-0369-76e1-8643-5310ac59ac33', 'OGS-009', 'Epic', 'normal', FALSE, 'foil', 'Kudos Productions', 'OGS-009/024', '[Ganking] _(I can move from battlefield to battlefield.)_
I enter ready.', NULL, '“The focused mind can pierce through stone.”', NULL, '{"nexus"}', 'EN', 'Master Yi, Honed'),
  ('019d1bf8-97d5-79ac-929e-286838af5508', '019cfc3b-038a-7c41-b170-c9f989adc4a8', '019cfc3b-0369-76e1-8643-5310ac59ac33', 'OGS-010', 'Rare', 'normal', FALSE, 'foil', 'League Splash Team', 'OGS-010/024', 'When you play me, return a spell from your trash to your hand.', NULL, '“I want a turn!”', NULL, '{"nexus"}', 'EN', 'Annie, Stubborn'),
  ('019cfc3b-03d6-755e-8d42-32464c0bf236', '019cfc3b-038a-7c41-b170-c9f989adc4a8', '019cfc3b-0369-76e1-8643-5310ac59ac33', 'OGS-010', 'Rare', 'normal', FALSE, 'normal', 'League Splash Team', 'OGS-010/024', 'When you play me, return a spell from your trash to your hand.', NULL, '“I want a turn!”', NULL, '{}', 'EN', 'Annie, Stubborn'),
  ('019d6d05-c823-7069-95b6-1cdf23f82a9a', '019cfc3b-038a-7c41-b170-c9f989adc4a8', '019cfc3b-0369-76e1-8643-5310ac59ac33', 'OGS-010', 'Rare', 'normal', FALSE, 'normal', 'League Splash Team', 'OGS-010/024', '当你打出我时，让一张法术牌从你的废牌堆返回你的手牌。', NULL, '“该我了！”', NULL, '{}', 'ZH', '安妮, 野火丛生'),
  ('019d6d05-d8e2-7e53-8fe6-54fd10424a8b', '019cfc3b-038a-7e2f-a482-917692bfd498', '019cfc3b-0369-76e1-8643-5310ac59ac33', 'OGS-011', 'Common', 'normal', FALSE, 'normal', 'Sugar Free', 'OGS-011/024', '[反应]（可在任意时机打出，甚至先于其他法术和技能的结算。）
将最多两名友方单位从战场上移动到基地。', NULL, '这不叫逃跑，这叫战术性转移。', NULL, '{}', 'ZH', '闪现'),
  ('019cfc3b-03d6-7570-ac57-ad240fe24183', '019cfc3b-038a-7e2f-a482-917692bfd498', '019cfc3b-0369-76e1-8643-5310ac59ac33', 'OGS-011', 'Common', 'normal', FALSE, 'normal', 'Sugar Free', 'OGS-011/024', '[Reaction] _(Play any time, even before spells and abilities resolve.)_
Move up to 2 friendly units to base.', NULL, '“It’s not running away. It’s strategic repositioning.”', NULL, '{}', 'EN', 'Flash'),
  ('019d6d05-d9e8-75ca-9545-64d46c8fb6cb', '019cfc3b-038a-7acd-8d1e-ff0cd42a7878', '019cfc3b-0369-76e1-8643-5310ac59ac33', 'OGS-012', 'Common', 'normal', FALSE, 'normal', 'Kudos Productions', 'OGS-012/024', '[迅捷]（可在你的回合或法术对决中打出。）
摧毁战场上的一名单位。', NULL, '“照亮所有敌人！”
——拉克丝', NULL, '{}', 'ZH', '爆能术'),
  ('019cfc3b-03d6-7581-bf1d-f627860d73b0', '019cfc3b-038a-7acd-8d1e-ff0cd42a7878', '019cfc3b-0369-76e1-8643-5310ac59ac33', 'OGS-012', 'Common', 'normal', FALSE, 'normal', 'Kudos Productions', 'OGS-012/024', '[Action] _(Play on your turn or in showdowns.)_
Kill a unit at a battlefield.', NULL, '“Illuminate the enemy!”
—Lux', NULL, '{}', 'EN', 'Blast of Power'),
  ('019d6d05-e5d5-7c5b-8b55-90aeb47adb3e', '019cfc3b-038a-7c52-b7f5-683161fa2c98', '019cfc3b-0369-76e1-8643-5310ac59ac33', 'OGS-013', 'Epic', 'normal', FALSE, 'normal', 'Six More Vodka', 'OGS-013/024', '此处的其他友方单位获得:rb_might:+1。', NULL, '“为了德玛西亚！”', NULL, '{}', 'ZH', '盖伦, 剑尉长'),
  ('019d1bfd-da4c-73d9-b2c9-a6c628b23bdd', '019cfc3b-038a-7c52-b7f5-683161fa2c98', '019cfc3b-0369-76e1-8643-5310ac59ac33', 'OGS-013', 'Epic', 'normal', FALSE, 'foil', 'Six More Vodka', 'OGS-013/024', 'Other friendly units have +1 :rb_might: here.', NULL, '“For Demacia!”', NULL, '{"nexus"}', 'EN', 'Garen, Commander'),
  ('019cfc3b-03d6-7592-be7d-af8b5a85a818', '019cfc3b-038a-7c52-b7f5-683161fa2c98', '019cfc3b-0369-76e1-8643-5310ac59ac33', 'OGS-013', 'Epic', 'normal', FALSE, 'normal', 'Six More Vodka', 'OGS-013/024', 'Other friendly units have +1 :rb_might: here.', NULL, '“For Demacia!”', NULL, '{}', 'EN', 'Garen, Commander'),
  ('019d1c00-e58f-73c9-a402-a822d45df1f9', '019cfc3b-038a-7e42-8b17-0f904fc6a78c', '019cfc3b-0369-76e1-8643-5310ac59ac33', 'OGS-014', 'Epic', 'normal', FALSE, 'foil', 'Envar Studio', 'OGS-014/024', ':rb_exhaust:: [Reaction] — [Add] :rb_energy_2:. Use only to play spells. _(Abilities that add resources can’t be reacted to.)_', NULL, '“I’ve been hiding my light long enough.”', NULL, '{"nexus"}', 'EN', 'Lux, Crownguard'),
  ('019cfc3b-03d6-75a3-90b8-c82d7afdc00a', '019cfc3b-038a-7e42-8b17-0f904fc6a78c', '019cfc3b-0369-76e1-8643-5310ac59ac33', 'OGS-014', 'Epic', 'normal', FALSE, 'normal', 'Envar Studio', 'OGS-014/024', ':rb_exhaust:: [Reaction] — [Add] :rb_energy_2:. Use only to play spells. _(Abilities that add resources can’t be reacted to.)_', NULL, '“I’ve been hiding my light long enough.”', NULL, '{}', 'EN', 'Lux, Crownguard'),
  ('019d6d05-f9be-789f-b21f-bfe68b1572d8', '019cfc3b-038a-7e42-8b17-0f904fc6a78c', '019cfc3b-0369-76e1-8643-5310ac59ac33', 'OGS-014', 'Epic', 'normal', FALSE, 'normal', 'Envar Studio', 'OGS-014/024', '[横置]：[反应]-[获得]:rb_energy_2:，但仅可用于打出法术。（获得费用资源的技能无法成为其他法术的反应目标。）', NULL, '“我已经压抑自己的光芒太久了。”', NULL, '{}', 'ZH', '拉克丝, 冕卫之光'),
  ('019cfc3b-03d6-75d8-a0f7-c6fd8a35c6f9', '019cfc3b-038a-7add-b48d-e16b7614dfda', '019cfc3b-0369-76e1-8643-5310ac59ac33', 'OGS-015', 'Uncommon', 'normal', FALSE, 'normal', 'Kudos Productions', 'OGS-015/024', '[Action] _(Play on your turn or in showdowns.)_
Play four 1 :rb_might: Recruit unit tokens. _(They can be played to your base or to battlefields you control.)_', NULL, '“My heart and sword always for Demacia.”
—Garen', NULL, '{}', 'EN', 'Recruit the Vanguard'),
  ('019d6d05-fee6-7d60-b8f2-ea216d891c59', '019cfc3b-038a-7add-b48d-e16b7614dfda', '019cfc3b-0369-76e1-8643-5310ac59ac33', 'OGS-015', 'Uncommon', 'normal', FALSE, 'normal', 'Kudos Productions', 'OGS-015/024', '[迅捷]（可在你的回合或法术对决中打出。）
打出四名1:rb_might:的“随从”。（可以将其打出到你的基地或你已控制的战场。）', NULL, '“人在塔在！”
——盖伦', NULL, '{}', 'ZH', '共同献身'),
  ('019cfc3b-03d6-75ee-922c-1e736369b5d4', '019cfc3b-038a-7c63-a32a-d4ca63b2bee9', '019cfc3b-0369-76e1-8643-5310ac59ac33', 'OGS-016', 'Common', 'normal', FALSE, 'normal', 'Six More Vodka', 'OGS-016/024', 'I enter ready.', NULL, '“Even the Vanguard needs a first line of defense.”', NULL, '{}', 'EN', 'Vanguard Attendant'),
  ('019d6d06-0398-7088-8098-0484a6aa2fea', '019cfc3b-038a-7c63-a32a-d4ca63b2bee9', '019cfc3b-0369-76e1-8643-5310ac59ac33', 'OGS-016', 'Common', 'normal', FALSE, 'normal', 'Six More Vodka', 'OGS-016/024', '我以活跃状态进场。', NULL, '就算是先锋，也需要第一道防线。', NULL, '{}', 'ZH', '先锋扈从'),
  ('019d1c05-bf03-747d-be95-60ee1687b24b', '019cfc3b-038a-7e54-90c3-34a262a17bea', '019cfc3b-0369-76e1-8643-5310ac59ac33', 'OGS-017', 'Rare', 'normal', FALSE, 'foil', 'Six More Vodka', 'OGS-017/024', 'At the end of your turn, ready 2 runes.', NULL, NULL, NULL, '{"nexus"}', 'EN', 'Dark Child, Starter'),
  ('019d6d06-108e-726f-809e-13b31796be1c', '019cfc3b-038a-7e54-90c3-34a262a17bea', '019cfc3b-0369-76e1-8643-5310ac59ac33', 'OGS-017', 'Rare', 'normal', FALSE, 'normal', 'Six More Vodka', 'OGS-017/024', '在你回合结束时，让两枚符文变为活跃状态。', NULL, NULL, NULL, '{}', 'ZH', '黑暗之女, 入门'),
  ('019cfc3b-03d6-7600-9bd2-f43441e40ace', '019cfc3b-038a-7e54-90c3-34a262a17bea', '019cfc3b-0369-76e1-8643-5310ac59ac33', 'OGS-017', 'Rare', 'normal', FALSE, 'normal', 'Six More Vodka', 'OGS-017/024', 'At the end of your turn, ready 2 runes.', NULL, NULL, NULL, '{}', 'EN', 'Dark Child, Starter'),
  ('019d6d06-1dd2-7649-938a-01851a1098ae', '019cfc3b-038a-7aef-b46a-dc08a7a17008', '019cfc3b-0369-76e1-8643-5310ac59ac33', 'OGS-018', 'Epic', 'normal', FALSE, 'normal', 'Polar Engine Studio', 'OGS-018/024', '当你打出我时，对所有战场上的单位各造成3点伤害。', NULL, '“你看见过我的小熊吗？”
——安妮', NULL, '{}', 'ZH', '提伯斯'),
  ('019cfc3b-03d8-7309-9eae-0ba9ba5967f3', '019cfc3b-038a-7aef-b46a-dc08a7a17008', '019cfc3b-0369-76e1-8643-5310ac59ac33', 'OGS-018', 'Epic', 'normal', FALSE, 'normal', 'Polar Engine Studio', 'OGS-018/024', 'When you play me, deal 3 to all units at battlefields.', NULL, '“Bear hug!”
—Annie', NULL, '{}', 'EN', 'Tibbers'),
  ('019d1c0b-64ab-7160-8bd6-36dfdffb1210', '019cfc3b-038a-7aef-b46a-dc08a7a17008', '019cfc3b-0369-76e1-8643-5310ac59ac33', 'OGS-018', 'Epic', 'normal', FALSE, 'foil', 'Polar Engine Studio', 'OGS-018/024', 'When you play me, deal 3 to all units at battlefields.', NULL, '“Bear hug!”
—Annie', NULL, '{"nexus"}', 'EN', 'Tibbers'),
  ('019d1c0e-5395-709b-a44a-b9b9bc85907b', '019cfc3b-038a-7c85-87b3-452bea9999fb', '019cfc3b-0369-76e1-8643-5310ac59ac33', 'OGS-019', 'Rare', 'normal', FALSE, 'foil', 'Grafit Studio/Quy Ho', 'OGS-019/024', 'While a friendly unit defends alone, it gets +2 :rb_might:.', NULL, NULL, NULL, '{"nexus"}', 'EN', 'Wuju Bladesman, Starter'),
  ('019d6d06-2149-7ed5-a52b-64215640186a', '019cfc3b-038a-7c85-87b3-452bea9999fb', '019cfc3b-0369-76e1-8643-5310ac59ac33', 'OGS-019', 'Rare', 'normal', FALSE, 'normal', 'Grafit Studio&Quy Ho', 'OGS-019/024', '如果你只有一名友方单位防守一处战场，则该单位:rb_might:+2。', NULL, NULL, NULL, '{}', 'ZH', '无极剑圣, 入门'),
  ('019cfc3b-03d8-731c-8957-4f2dc4f8464f', '019cfc3b-038a-7c85-87b3-452bea9999fb', '019cfc3b-0369-76e1-8643-5310ac59ac33', 'OGS-019', 'Rare', 'normal', FALSE, 'normal', 'Grafit Studio/Quy Ho', 'OGS-019/024', 'While a friendly unit defends alone, it gets +2 :rb_might:.', NULL, NULL, NULL, '{}', 'EN', 'Wuju Bladesman, Starter'),
  ('019d1c11-4999-78e3-9980-2298b44d436d', '019cfc3b-038a-7e66-ae6d-5c57a250af7e', '019cfc3b-0369-76e1-8643-5310ac59ac33', 'OGS-020', 'Epic', 'normal', FALSE, 'foil', 'Kudos Productions', 'OGS-020/024', '[Reaction] _(Play any time, even before spells and abilities resolve.)_
Choose a friendly unit. The next time it dies this turn, recall it exhausted instead. _(Send it to base. This isn’t a move.)_', NULL, NULL, NULL, '{"nexus"}', 'EN', 'Highlander'),
  ('019d6d06-2210-7187-b6ea-5d10e2e048ab', '019cfc3b-038a-7e66-ae6d-5c57a250af7e', '019cfc3b-0369-76e1-8643-5310ac59ac33', 'OGS-020', 'Epic', 'normal', FALSE, 'normal', 'Kudos Productions', 'OGS-020/024', '[反应]（可在任意时机打出，甚至先于其他法术和技能的结算。）
选择一名友方单位。如果该单位在本回合内被摧毁，则改为以休眠状态将其召回。（把该单位送回基地，此行动不算作移动。）', NULL, NULL, NULL, '{}', 'ZH', '高原血统'),
  ('019cfc3b-03d8-732e-9d55-1e74ebff11dd', '019cfc3b-038a-7e66-ae6d-5c57a250af7e', '019cfc3b-0369-76e1-8643-5310ac59ac33', 'OGS-020', 'Epic', 'normal', FALSE, 'normal', 'Kudos Productions', 'OGS-020/024', '[Reaction] _(Play any time, even before spells and abilities resolve.)_
Choose a friendly unit. The next time it dies this turn, recall it exhausted instead. _(Send it to base. This isn’t a move.)_', NULL, NULL, NULL, '{}', 'EN', 'Highlander'),
  ('019d6d06-3071-78cb-871f-945422034de3', '019cfc3b-038a-7aff-9f64-d915ada7e046', '019cfc3b-0369-76e1-8643-5310ac59ac33', 'OGS-021', 'Rare', 'normal', FALSE, 'normal', 'Grafit Studio&Maki Planas Mata', 'OGS-021/024', '每当你打出一张费用不低于:rb_energy_5:的法术时，抽一张牌。', NULL, NULL, NULL, '{}', 'ZH', '光辉女郎, 入门'),
  ('019cfc3b-03d8-7340-8664-d8b5b646ef84', '019cfc3b-038a-7aff-9f64-d915ada7e046', '019cfc3b-0369-76e1-8643-5310ac59ac33', 'OGS-021', 'Rare', 'normal', FALSE, 'normal', 'Grafit Studio/Maki Planas Mata', 'OGS-021/024', 'When you play a spell that costs :rb_energy_5: or more, draw 1.', NULL, NULL, NULL, '{}', 'EN', 'Lady of Luminosity, Starter'),
  ('019d6d06-31c7-75c2-ba60-479deb454553', '019cfc3b-038a-7c96-a595-49eecd42e4bf', '019cfc3b-0369-76e1-8643-5310ac59ac33', 'OGS-022', 'Epic', 'normal', FALSE, 'normal', 'Kudos Productions', 'OGS-022/024', '[迅捷]（可在你的回合或法术对决中打出。）
对一名单位造成8点伤害。', NULL, NULL, NULL, '{}', 'ZH', '终极闪光'),
  ('019cfc3b-03d8-7350-b433-2aee587b1912', '019cfc3b-038a-7c96-a595-49eecd42e4bf', '019cfc3b-0369-76e1-8643-5310ac59ac33', 'OGS-022', 'Epic', 'normal', FALSE, 'normal', 'Kudos Productions', 'OGS-022/024', '[Action] _(Play on your turn or in showdowns.)_
Deal 8 to a unit.', NULL, NULL, NULL, '{}', 'EN', 'Final Spark'),
  ('019d6d06-3485-71cd-bcef-9c7db6924832', '019cfc3b-038a-7e76-9ea8-f1feb5c9d837', '019cfc3b-0369-76e1-8643-5310ac59ac33', 'OGS-023', 'Rare', 'normal', FALSE, 'normal', 'Six More Vodka', 'OGS-023/024', '当你征服一处战场时，如果你在该战场上拥有不少于四名单位，则抽两张牌。', NULL, NULL, NULL, '{}', 'ZH', '德玛西亚之力, 入门'),
  ('019cfc3b-03d8-7361-9a9a-915783d54e1c', '019cfc3b-038a-7e76-9ea8-f1feb5c9d837', '019cfc3b-0369-76e1-8643-5310ac59ac33', 'OGS-023', 'Rare', 'normal', FALSE, 'normal', 'Six More Vodka', 'OGS-023/024', 'When you conquer, if you have 4+ units at that battlefield, draw 2.', NULL, NULL, NULL, '{}', 'EN', 'Might of Demacia, Starter'),
  ('019cfc3b-03d8-7371-9e2d-f3aa5ad324a9', '019cfc3b-038b-7140-a819-397e9b1eb94e', '019cfc3b-0369-76e1-8643-5310ac59ac33', 'OGS-024', 'Epic', 'normal', FALSE, 'normal', 'Kudos Productions', 'OGS-024/024', '[Action] _(Play on your turn or in showdowns.)_
Give friendly units +2 :rb_might: this turn.', NULL, NULL, NULL, '{}', 'EN', 'Decisive Strike'),
  ('019d6d06-37a3-7312-bb34-9c497b8b9d64', '019cfc3b-038b-7140-a819-397e9b1eb94e', '019cfc3b-0369-76e1-8643-5310ac59ac33', 'OGS-024', 'Epic', 'normal', FALSE, 'normal', 'Kudos Productions', 'OGS-024/024', '[迅捷]（可在你的回合或法术对决中打出。）
在本回合内，让所有友方单位:rb_might:+2。', NULL, NULL, NULL, '{}', 'ZH', '致命打击'),
  ('019cfded-5ed2-7f73-80a1-9cfea07679c8', '019cfc3b-0387-7b61-be7a-edfadddd1879', '019cfc3b-0369-78be-bd85-75cb9e46ad0c', 'SFD-R01', 'Common', 'normal', FALSE, 'normal', 'Greg Ghielmetti & Leah Chen', 'SFD-R01', NULL, NULL, NULL, NULL, '{}', 'EN', 'Fury Rune'),
  ('019d69a5-bdd0-7753-98b2-253827e5d3b5', '019cfc3b-0387-7b61-be7a-edfadddd1879', '019cfc3b-0369-78be-bd85-75cb9e46ad0c', 'SFD-R01', 'Common', 'normal', FALSE, 'normal', 'Greg Ghielmetti&Leah Chen', 'SFD-R01/221', NULL, NULL, NULL, NULL, '{}', 'ZH', '炽烈符文'),
  ('019d69a5-8576-7b4d-9c18-7aa1f4451540', '019cfc3b-0387-7b61-be7a-edfadddd1879', '019cfc3b-0369-78be-bd85-75cb9e46ad0c', 'SFD-R01a', 'Showcase', 'altart', FALSE, 'foil', 'Fairfoul', 'SFD-R01a/221', NULL, NULL, NULL, NULL, '{}', 'ZH', '炽烈符文'),
  ('019cfdee-854c-7472-b74c-3a33a8485cea', '019cfc3b-0387-7b61-be7a-edfadddd1879', '019cfc3b-0369-78be-bd85-75cb9e46ad0c', 'SFD-R01a', 'Showcase', 'altart', FALSE, 'foil', 'Fairfoul', 'SFD-R01a', NULL, NULL, NULL, NULL, '{}', 'EN', 'Fury Rune'),
  ('019cfdf0-6c9d-76f1-ab80-f96bc3670fb0', '019cfc3b-0387-7b61-be7a-edfadddd1879', '019cfc3b-0369-78be-bd85-75cb9e46ad0c', 'SFD-R01b', 'Showcase', 'altart', FALSE, 'foil', '华锐', 'SFD-R01b', NULL, NULL, NULL, NULL, '{"promo"}', 'EN', 'Fury Rune'),
  ('019d69a5-e53a-7e57-886d-a4524d3da4f8', '019cfc3b-0387-7b61-be7a-edfadddd1879', '019cfc3b-0369-78be-bd85-75cb9e46ad0c', 'SFD-R01b', 'Showcase', 'altart', FALSE, 'foil', '华锐', 'SFD-R01b/221', NULL, NULL, NULL, NULL, '{}', 'ZH', '炽烈符文'),
  ('019cfde9-e3e5-7af6-ad98-b9fcc2bfd125', '019cfc3b-0387-7b61-be7a-edfadddd1879', '019cfd6f-067b-768c-a586-b8f9547ad455', 'UNL-R01a', 'Showcase', 'altart', FALSE, 'foil', 'Envar Studio', 'UNL-R01a', NULL, NULL, NULL, NULL, '{}', 'EN', 'Fury Rune');

INSERT INTO printing_markers (printing_id, marker_id) VALUES
  ('019cfde8-86d5-734d-add4-3f4fc05c1173', '019d91bf-8989-7b3a-b1be-30547817e3e2'),
  ('019cfdf0-6c9d-76f1-ab80-f96bc3670fb0', '019d91bf-8989-7b3a-b1be-30547817e3e2'),
  ('019d17a1-2723-733a-a21e-4630e4370046', '019d91bf-898a-784f-be61-be9497dfe824'),
  ('019d17a6-13f6-74f3-bcaa-6974580b57db', '019d91bf-898a-784f-be61-be9497dfe824'),
  ('019d17ac-724a-732c-b83a-23cd257a74e5', '019d91bf-898a-784f-be61-be9497dfe824'),
  ('019d1be8-3681-73b5-bf13-078b7e3c9096', '019d91bf-898a-784f-be61-be9497dfe824'),
  ('019d1bee-0857-793a-b76b-50b6ead8ddbb', '019d91bf-898a-784f-be61-be9497dfe824'),
  ('019d1bf8-97d5-79ac-929e-286838af5508', '019d91bf-898a-784f-be61-be9497dfe824'),
  ('019d1bfd-da4c-73d9-b2c9-a6c628b23bdd', '019d91bf-898a-784f-be61-be9497dfe824'),
  ('019d1c00-e58f-73c9-a402-a822d45df1f9', '019d91bf-898a-784f-be61-be9497dfe824'),
  ('019d1c05-bf03-747d-be95-60ee1687b24b', '019d91bf-898a-784f-be61-be9497dfe824'),
  ('019d1c0b-64ab-7160-8bd6-36dfdffb1210', '019d91bf-898a-784f-be61-be9497dfe824'),
  ('019d1c0e-5395-709b-a44a-b9b9bc85907b', '019d91bf-898a-784f-be61-be9497dfe824'),
  ('019d1c11-4999-78e3-9980-2298b44d436d', '019d91bf-898a-784f-be61-be9497dfe824');

INSERT INTO printing_distribution_channels (printing_id, channel_id, distribution_note) VALUES
  ('019cfde8-86d5-734d-add4-3f4fc05c1173', '019d0179-b842-7ac6-8546-0c4d0d366687', NULL),
  ('019cfdf0-6c9d-76f1-ab80-f96bc3670fb0', '019d0179-b842-7ac6-8546-0c4d0d366687', NULL),
  ('019d17a1-2723-733a-a21e-4630e4370046', '019d02a7-1639-7700-a279-2e6f4f6dc91c', NULL),
  ('019d17a6-13f6-74f3-bcaa-6974580b57db', '019d02a7-1639-7700-a279-2e6f4f6dc91c', NULL),
  ('019d17ac-724a-732c-b83a-23cd257a74e5', '019d02a7-1639-7700-a279-2e6f4f6dc91c', NULL),
  ('019d1be8-3681-73b5-bf13-078b7e3c9096', '019d02a7-1639-7700-a279-2e6f4f6dc91c', NULL),
  ('019d1bee-0857-793a-b76b-50b6ead8ddbb', '019d02a7-1639-7700-a279-2e6f4f6dc91c', NULL),
  ('019d1bf8-97d5-79ac-929e-286838af5508', '019d02a7-1639-7700-a279-2e6f4f6dc91c', NULL),
  ('019d1bfd-da4c-73d9-b2c9-a6c628b23bdd', '019d02a7-1639-7700-a279-2e6f4f6dc91c', NULL),
  ('019d1c00-e58f-73c9-a402-a822d45df1f9', '019d02a7-1639-7700-a279-2e6f4f6dc91c', NULL),
  ('019d1c05-bf03-747d-be95-60ee1687b24b', '019d02a7-1639-7700-a279-2e6f4f6dc91c', NULL),
  ('019d1c0b-64ab-7160-8bd6-36dfdffb1210', '019d02a7-1639-7700-a279-2e6f4f6dc91c', NULL),
  ('019d1c0e-5395-709b-a44a-b9b9bc85907b', '019d02a7-1639-7700-a279-2e6f4f6dc91c', NULL),
  ('019d1c11-4999-78e3-9980-2298b44d436d', '019d02a7-1639-7700-a279-2e6f4f6dc91c', NULL);

INSERT INTO image_files (id, original_url, rehosted_url, rotation) VALUES
  ('019cfdeb-9062-7800-a4ec-768210ad8caf', 'https://cdn.piltoverarchive.com/cards/OGN-007b.webp', '/media/cards/af/019cfdeb-9062-7800-a4ec-768210ad8caf', 0),
  ('019cfdee-0385-7811-85f9-4d51966347a4', 'https://piltoverarchive.b-cdn.net/temporary/1772489366582-j850d8b51vc.png', '/media/cards/a4/019cfdee-0385-7811-85f9-4d51966347a4', 0),
  ('019d0c1b-2eda-747f-8caa-f276547b3d15', 'https://static.dotgg.gg/riftbound/cards/SFD-R01b.webp', '/media/cards/15/019d0c1b-2eda-747f-8caa-f276547b3d15', 0),
  ('019d1a6e-eaae-73ad-8c0d-c6b356a1669a', 'https://product-images.s3.cardmarket.com/1655/SFD/872478/872478.jpg', '/media/cards/9a/019d1a6e-eaae-73ad-8c0d-c6b356a1669a', 0),
  ('019d1af7-5828-7a86-bbf2-80b476dfebe6', 'https://product-images.s3.cardmarket.com/1655/SFD/871893/871893.jpg', '/media/cards/e6/019d1af7-5828-7a86-bbf2-80b476dfebe6', 0),
  ('019d1be8-ad21-7f32-8087-53b4dd439a26', 'https://product-images.s3.cardmarket.com/1655/OGNX/874123/874123.jpg', '/media/cards/26/019d1be8-ad21-7f32-8087-53b4dd439a26', 0),
  ('019d1c08-874d-7b9d-a5ee-44ba310478e1', 'https://www.cardtrader.com/uploads/blueprints/image/344430/dark-child-starter-origins-proving-grounds.jpg', '/media/cards/e1/019d1c08-874d-7b9d-a5ee-44ba310478e1', 0),
  ('019d1ef6-3893-791d-b643-f27d1b1cea8f', 'https://www.cardtrader.com/uploads/blueprints/image/374045/fury-rune-alternate-art-spiritforged.jpg', '/media/cards/8f/019d1ef6-3893-791d-b643-f27d1b1cea8f', 0),
  ('019d20c0-f11b-7f6d-8b2e-44fc2e2340db', 'https://www.cardtrader.com/uploads/blueprints/image/375019/annie-fiery-spiritforged-nexus-night-promo-nexus-night-promos.jpg', '/media/cards/db/019d20c0-f11b-7f6d-8b2e-44fc2e2340db', 0),
  ('019d20c1-5df2-76f9-9b28-b5c0f0046d11', 'https://www.cardtrader.com/uploads/blueprints/image/375034/master-yi-medative-spiritforged-nexus-night-promo-nexus-night-promos.jpg', '/media/cards/11/019d20c1-5df2-76f9-9b28-b5c0f0046d11', 0),
  ('019d20c2-635c-77bc-9541-f0eb363a7410', 'https://www.cardtrader.com/uploads/blueprints/image/375040/garen-rugged-spiritforged-nexus-night-promo-nexus-night-promos.jpg', '/media/cards/10/019d20c2-635c-77bc-9541-f0eb363a7410', 0),
  ('019d20c2-92c1-7787-b66f-84bdb2dbbf5b', 'https://www.cardtrader.com/uploads/blueprints/image/375042/master-yi-honed-spiritforged-nexus-night-promo-nexus-night-promos.jpg', '/media/cards/5b/019d20c2-92c1-7787-b66f-84bdb2dbbf5b', 0),
  ('019d20c2-c9c9-7f30-af37-a582a05ea8c5', 'https://www.cardtrader.com/uploads/blueprints/image/375020/annie-stubborn-spiritforged-nexus-night-promo-nexus-night-promos.jpg', '/media/cards/c5/019d20c2-c9c9-7f30-af37-a582a05ea8c5', 0),
  ('019d20c3-145f-755c-9440-8189b2e80446', 'https://www.cardtrader.com/uploads/blueprints/image/375051/garen-commander-spiritforged-nexus-night-promo-nexus-night-promos.jpg', '/media/cards/46/019d20c3-145f-755c-9440-8189b2e80446', 0),
  ('019d20c3-4219-746c-9ae8-170b90dcba18', 'https://www.cardtrader.com/uploads/blueprints/image/375050/lux-crownguard-spiritforged-nexus-night-promo-nexus-night-promos.jpg', '/media/cards/18/019d20c3-4219-746c-9ae8-170b90dcba18', 0),
  ('019d20c3-eefd-753e-ab6c-1405e9f1ec89', 'https://www.cardtrader.com/uploads/blueprints/image/375021/annie-dark-child-spiritforged-nexus-night-promo-nexus-night-promos.jpg', '/media/cards/89/019d20c3-eefd-753e-ab6c-1405e9f1ec89', 0),
  ('019d20c4-1927-787f-9d9a-683adbf8b1db', 'https://www.cardtrader.com/uploads/blueprints/image/375022/tibbers-spiritforged-nexus-night-promo-nexus-night-promos.jpg', '/media/cards/db/019d20c4-1927-787f-9d9a-683adbf8b1db', 0),
  ('019d20c4-6769-7509-b5ac-4ec19f10b08c', 'https://www.cardtrader.com/uploads/blueprints/image/375023/master-yi-wuju-bladesman-spiritforged-nexus-night-promo-nexus-night-promos.jpg', '/media/cards/8c/019d20c4-6769-7509-b5ac-4ec19f10b08c', 0),
  ('019d20c4-93fa-76a7-be9d-573ed8c694db', 'https://www.cardtrader.com/uploads/blueprints/image/375024/highlander-spiritforged-nexus-night-promo-nexus-night-promos.jpg', '/media/cards/db/019d20c4-93fa-76a7-be9d-573ed8c694db', 0),
  ('019d69a4-8bfe-7087-86d9-11e6f8547ae7', 'https://cdn.playloltcg.com/lol/card/20250731/8bcfa24f535b4093a12526d5bdb82b5e.png', '/media/cards/e7/019d69a4-8bfe-7087-86d9-11e6f8547ae7', 0),
  ('019d69a5-01fb-7e23-8b13-274c2283d333', 'https://cdn.playloltcg.com/lol/card/20250829/7dda81d378cd4a13866952096d40075f.png', '/media/cards/33/019d69a5-01fb-7e23-8b13-274c2283d333', 0),
  ('019d69a5-34b2-7280-9706-5286e199ac41', 'https://cdn.playloltcg.com/lol/card/20250731/9c353ec9e607479587696f6714603f2f.png', '/media/cards/41/019d69a5-34b2-7280-9706-5286e199ac41', 0),
  ('019d69a5-9c6e-7990-a460-dff6e0ca4ca4', 'https://cdn.playloltcg.com/lol/card/20251217/399756b931284213a42dff219fd28a7f.png', '/media/cards/a4/019d69a5-9c6e-7990-a460-dff6e0ca4ca4', 0),
  ('019d69a5-c873-7aaa-9c2e-54aa2c3b93b0', 'https://cdn.playloltcg.com/lol/card/20251217/c202802b05a24480ac5582622e3955a3.png', '/media/cards/b0/019d69a5-c873-7aaa-9c2e-54aa2c3b93b0', 0),
  ('019d69a5-efd4-76bc-866a-25e442273662', 'https://cdn.playloltcg.com/lol/card/20251225/545785ffb3e54dff96a78cf54f024432.png', '/media/cards/62/019d69a5-efd4-76bc-866a-25e442273662', 0),
  ('019d6d05-931f-721e-8038-db4a078c27e8', 'https://cdn.playloltcg.com/lol/card/20250731/fb17a832925e4a6ab6aa063bbe94d581.png', '/media/cards/e8/019d6d05-931f-721e-8038-db4a078c27e8', 0),
  ('019d6d05-9947-742c-b01d-cad0c7018b84', 'https://cdn.playloltcg.com/lol/card/20250731/a929826226134cc2b2f0ca258e9fca19.png', '/media/cards/84/019d6d05-9947-742c-b01d-cad0c7018b84', 0),
  ('019d6d05-9a7e-775c-8f1e-4403df1951cc', 'https://cdn.playloltcg.com/lol/card/20250731/28ef5461b60d4a569b13a763e66076ed.png', '/media/cards/cc/019d6d05-9a7e-775c-8f1e-4403df1951cc', 0),
  ('019d6d05-a775-7452-8e04-45b7f429d40a', 'https://cdn.playloltcg.com/lol/card/20250731/10d8a2ccf9ec4d1ca4fe561b1f186428.png', '/media/cards/0a/019d6d05-a775-7452-8e04-45b7f429d40a', 0),
  ('019d6d05-aaab-7c8b-ad5f-fc115adfed4c', 'https://cdn.playloltcg.com/lol/card/20250731/aff96d682f2743d08a96472d296d3e09.png', '/media/cards/4c/019d6d05-aaab-7c8b-ad5f-fc115adfed4c', 0),
  ('019d6d05-b0b6-748f-b425-39e7eb8bbbfa', 'https://cdn.playloltcg.com/lol/card/20250731/7712adb1035c413faa35f28c5c38fbfb.png', '/media/cards/fa/019d6d05-b0b6-748f-b425-39e7eb8bbbfa', 0),
  ('019d6d05-b66a-7de3-87f0-3d41a4ca347f', 'https://cdn.playloltcg.com/lol/card/20250731/00b94e5e01294130a3755d5e4ebeaba4.png', '/media/cards/7f/019d6d05-b66a-7de3-87f0-3d41a4ca347f', 0),
  ('019d6d05-b9af-7d7c-85fc-d0fab99b3612', 'https://cdn.playloltcg.com/lol/card/20250731/8c29b2cce6be4548b09e867df9bbda43.png', '/media/cards/12/019d6d05-b9af-7d7c-85fc-d0fab99b3612', 0),
  ('019d6d05-c14d-76ae-951c-d2f037b2f97f', 'https://cdn.playloltcg.com/lol/card/20250731/79cb337805da45aea83e84982e2802e1.png', '/media/cards/7f/019d6d05-c14d-76ae-951c-d2f037b2f97f', 0),
  ('019d6d05-c845-7de4-bbc7-edaa17b2fbca', 'https://cdn.playloltcg.com/lol/card/20250731/e826e37c3f2f4d25891717483eb08113.png', '/media/cards/ca/019d6d05-c845-7de4-bbc7-edaa17b2fbca', 0),
  ('019d6d05-d8f6-7586-a393-0ad31059d2be', 'https://cdn.playloltcg.com/lol/card/20250731/d16981dcbd884d3b89c2a259725a491f.png', '/media/cards/be/019d6d05-d8f6-7586-a393-0ad31059d2be', 0),
  ('019d6d05-d9f8-71b7-a98a-6f2c78757719', 'https://cdn.playloltcg.com/lol/card/20250731/4c7fff3a64b34999881df2a3d19f0ca0.png', '/media/cards/19/019d6d05-d9f8-71b7-a98a-6f2c78757719', 0),
  ('019d6d05-e5ee-7b32-b2dd-f0fb368562ce', 'https://cdn.playloltcg.com/lol/card/20250731/a9bb9ade0fc94e53a17ae052fd922615.png', '/media/cards/ce/019d6d05-e5ee-7b32-b2dd-f0fb368562ce', 0),
  ('019d6d05-f9c7-7bae-b42f-2a11d7012ecc', 'https://cdn.playloltcg.com/lol/card/20250731/dfbea90b57b043f4930863fdf21874d0.png', '/media/cards/cc/019d6d05-f9c7-7bae-b42f-2a11d7012ecc', 0),
  ('019d6d05-feed-74e0-ac0d-8f7481067c47', 'https://cdn.playloltcg.com/lol/card/20250731/3ed3308a305447d382ff77d06021a635.png', '/media/cards/47/019d6d05-feed-74e0-ac0d-8f7481067c47', 0),
  ('019d6d06-03a7-7715-a71d-80e04647dac1', 'https://cdn.playloltcg.com/lol/card/20250731/7b24b03a046d4f48a4e014c30d601257.png', '/media/cards/c1/019d6d06-03a7-7715-a71d-80e04647dac1', 0),
  ('019d6d06-1093-760b-b41f-d750ecde9e1d', 'https://cdn.playloltcg.com/lol/card/20250731/04f1261faf7741e8abde6a96d2db8f69.png', '/media/cards/1d/019d6d06-1093-760b-b41f-d750ecde9e1d', 0),
  ('019d6d06-1de1-7b72-9361-d50150c5b846', 'https://cdn.playloltcg.com/lol/card/20250731/fc1238b1e6da4dcebc024d6dca76ee38.png', '/media/cards/46/019d6d06-1de1-7b72-9361-d50150c5b846', 0),
  ('019d6d06-2168-7f76-87e0-e98b9207b642', 'https://cdn.playloltcg.com/lol/card/20250731/0c7f618b2a6a4522b1953a16c4c0a8d1.png', '/media/cards/42/019d6d06-2168-7f76-87e0-e98b9207b642', 0),
  ('019d6d06-2223-77ed-9c04-48f87fc6287d', 'https://cdn.playloltcg.com/lol/card/20250731/25330aaee06b44cfb35b45404422aab8.png', '/media/cards/7d/019d6d06-2223-77ed-9c04-48f87fc6287d', 0),
  ('019d6d06-3083-73e3-afac-c22fbdfa2f9b', 'https://cdn.playloltcg.com/lol/card/20250731/43e6206fc8b74cb5821c7fd8fbe40ec3.png', '/media/cards/9b/019d6d06-3083-73e3-afac-c22fbdfa2f9b', 0),
  ('019d6d06-31d8-77d8-9712-2692f13b3a85', 'https://cdn.playloltcg.com/lol/card/20250731/b1ff99bcd0314dd68f42e0d9417a7713.png', '/media/cards/85/019d6d06-31d8-77d8-9712-2692f13b3a85', 0),
  ('019d6d06-3492-7e51-b1fd-59619b316a84', 'https://cdn.playloltcg.com/lol/card/20250731/d78d0ea699284be892886bcfc111e2c9.png', '/media/cards/84/019d6d06-3492-7e51-b1fd-59619b316a84', 0),
  ('019d6d06-37b8-71dd-8f68-b30f9444e05b', 'https://cdn.playloltcg.com/lol/card/20250731/f28cb924915742b2a1b49873935e664b.png', '/media/cards/5b/019d6d06-37b8-71dd-8f68-b30f9444e05b', 0),
  ('03678a34-c684-4954-a811-e8462ab2a281', 'https://cmsassets.rgpub.io/sanity/images/dsfx7636/game_data_live/532d75dc36a16eb5954253a77366fcceac7aec62-744x1039.png', '/media/cards/81/03678a34-c684-4954-a811-e8462ab2a281', 0),
  ('0501a7a7-5d11-4513-8ac2-0fecd9f4a205', 'https://cmsassets.rgpub.io/sanity/images/dsfx7636/game_data_live/0e16976cd6d7ee5a874be9351b428671990fbd25-744x1039.png', '/media/cards/05/0501a7a7-5d11-4513-8ac2-0fecd9f4a205', 0),
  ('27e5cc73-c79a-4ae6-9464-4a37b7f3a802', 'https://cmsassets.rgpub.io/sanity/images/dsfx7636/game_data_live/986782271be078c184a8d1c196e375106459c6c5-744x1039.png', '/media/cards/02/27e5cc73-c79a-4ae6-9464-4a37b7f3a802', 0),
  ('43e0d3db-218a-4db4-a6d0-c497631888e1', 'https://cmsassets.rgpub.io/sanity/images/dsfx7636/game_data_live/4558a2dc1bb1f1b8a73ec0d82244654e84b12687-744x1039.png', '/media/cards/e1/43e0d3db-218a-4db4-a6d0-c497631888e1', 0),
  ('48bf20fa-b0c7-40fb-85e8-75577b008025', 'https://cmsassets.rgpub.io/sanity/images/dsfx7636/game_data_live/09da06c69d07d4e72dde703737ef167472c715af-1488x2078.png', '/media/cards/25/48bf20fa-b0c7-40fb-85e8-75577b008025', 0),
  ('48d995d4-9571-4a55-b1e7-11eff002e83d', 'https://cmsassets.rgpub.io/sanity/images/dsfx7636/game_data_live/8231ced23eaf22ca3bf62ec8cb86b83a3e222da6-744x1039.png', '/media/cards/3d/48d995d4-9571-4a55-b1e7-11eff002e83d', 0),
  ('523622e5-e4e7-4c35-86eb-531b43e1761c', 'https://cmsassets.rgpub.io/sanity/images/dsfx7636/game_data_live/44885d811b70621b188d9813b2b10b5cff1b81e6-744x1039.png', '/media/cards/1c/523622e5-e4e7-4c35-86eb-531b43e1761c', 0),
  ('5b0d0ef9-e234-4f78-92d5-93348fbb82e0', 'https://cmsassets.rgpub.io/sanity/images/dsfx7636/game_data_live/026f851a703601fce4142c0791e913377c170b47-744x1039.png', '/media/cards/e0/5b0d0ef9-e234-4f78-92d5-93348fbb82e0', 0),
  ('5f478373-1eef-4684-bbe2-ba93fc4d0769', 'https://cmsassets.rgpub.io/sanity/images/dsfx7636/game_data_live/e7185deb46f17770802d06aeddfe3b929afff880-744x1039.png', '/media/cards/69/5f478373-1eef-4684-bbe2-ba93fc4d0769', 0),
  ('6063d6e9-d982-45c6-9a67-648f36a4cde1', 'https://cmsassets.rgpub.io/sanity/images/dsfx7636/game_data_live/7664b03bb107954195153d9f2f86c5d63682fa4b-744x1039.png', '/media/cards/e1/6063d6e9-d982-45c6-9a67-648f36a4cde1', 0),
  ('64cf5e1a-c1c4-47f7-bafe-3590a7efef03', 'https://cmsassets.rgpub.io/sanity/images/dsfx7636/game_data_live/17d0793ad495727e67bb1c94ae0e11cd4705870f-744x1039.png', '/media/cards/03/64cf5e1a-c1c4-47f7-bafe-3590a7efef03', 0),
  ('767b5069-1c75-460d-b816-1ed1302cece3', 'https://cmsassets.rgpub.io/sanity/images/dsfx7636/game_data_live/46e4eaada1412f9b6c24751bdb3932c6a51e905f-744x1039.png', '/media/cards/e3/767b5069-1c75-460d-b816-1ed1302cece3', 0),
  ('76e324f1-c984-4bb8-b2b9-3ef90fe4ec1b', 'https://cmsassets.rgpub.io/sanity/images/dsfx7636/game_data_live/4568ab827fdcd42d6bb86b1c2de6182e286c9ee9-744x1039.png', '/media/cards/1b/76e324f1-c984-4bb8-b2b9-3ef90fe4ec1b', 0),
  ('7a80cb4d-8bd8-44cc-a814-9189ba0b51ff', 'https://cmsassets.rgpub.io/sanity/images/dsfx7636/game_data_live/81d1c47459606f7b627778cce9b5f0e44d80f7fa-744x1039.png', '/media/cards/ff/7a80cb4d-8bd8-44cc-a814-9189ba0b51ff', 0),
  ('852d5d3e-90f8-46f6-a332-6298b87db544', 'https://cmsassets.rgpub.io/sanity/images/dsfx7636/game_data_live/89963e1d1cffd69c620fb5d6b037f50d5c334463-744x1039.png', '/media/cards/44/852d5d3e-90f8-46f6-a332-6298b87db544', 0),
  ('8afe395c-becd-4399-b8dd-412860946970', 'https://cmsassets.rgpub.io/sanity/images/dsfx7636/game_data_live/74f8bc78573b33d9979b0e9c121b858d770a490c-744x1039.png', '/media/cards/70/8afe395c-becd-4399-b8dd-412860946970', 0),
  ('8db6f057-8078-4465-a178-d36b45fdec77', 'https://cmsassets.rgpub.io/sanity/images/dsfx7636/game_data_live/67c22dc29a7a28dabe0f169a7848c25bef1fbda4-744x1039.png', '/media/cards/77/8db6f057-8078-4465-a178-d36b45fdec77', 0),
  ('915e489c-c65d-4f87-8061-720f442dcc9f', 'https://cmsassets.rgpub.io/sanity/images/dsfx7636/game_data_live/44eb968cf0c54e75970588b69eef5c5f5ccc9b24-744x1039.png', '/media/cards/9f/915e489c-c65d-4f87-8061-720f442dcc9f', 0),
  ('a9b41b02-d7b8-4af6-ae50-0b61b0f79ff7', 'https://cmsassets.rgpub.io/sanity/images/dsfx7636/game_data_live/5508566c8f05f09492148faa803332a731095eb7-744x1039.png', '/media/cards/f7/a9b41b02-d7b8-4af6-ae50-0b61b0f79ff7', 0),
  ('aac9b213-1211-4120-b312-f2cb1bd7dffe', 'https://cmsassets.rgpub.io/sanity/images/dsfx7636/game_data_live/12bcd0cde5d9ff4640e82945001e9fef863530f1-744x1039.png', '/media/cards/fe/aac9b213-1211-4120-b312-f2cb1bd7dffe', 0),
  ('b3af515c-2f8b-4dcf-a419-98a70d3db123', 'https://cmsassets.rgpub.io/sanity/images/dsfx7636/game_data_live/a0d10edf30abb6fde21f5d386e9a7db3c1b0a098-744x1039.png', '/media/cards/23/b3af515c-2f8b-4dcf-a419-98a70d3db123', 0),
  ('d444db56-7c98-4b6c-82e2-198a2e2dd833', 'https://cmsassets.rgpub.io/sanity/images/dsfx7636/game_data_live/4d9cc1c13b75933e509e642213f13359350cd3f9-744x1039.png', '/media/cards/33/d444db56-7c98-4b6c-82e2-198a2e2dd833', 0),
  ('de3ab4bc-ac47-4d64-bfa9-12d9ea5e6d47', 'https://cmsassets.rgpub.io/sanity/images/dsfx7636/game_data_live/cbf2c12d69a86566e4cda07050b2d4495e40187e-744x1039.png', '/media/cards/47/de3ab4bc-ac47-4d64-bfa9-12d9ea5e6d47', 0),
  ('e201b4df-2127-4952-a019-8c68a3ee73a0', 'https://cmsassets.rgpub.io/sanity/images/dsfx7636/game_data_live/a7a34129e64f0296bf2da166c2b06ed156d568db-744x1039.png', '/media/cards/a0/e201b4df-2127-4952-a019-8c68a3ee73a0', 0),
  ('e209d9f7-3bca-43b9-9238-04dd00930654', 'https://cmsassets.rgpub.io/sanity/images/dsfx7636/game_data_live/4ce467c1d51a65ab4fbae918dca38ae90b510844-744x1039.png', '/media/cards/54/e209d9f7-3bca-43b9-9238-04dd00930654', 0),
  ('e426117c-6a4c-4536-ba09-6a4ffc5f48d8', 'https://cmsassets.rgpub.io/sanity/images/dsfx7636/game_data_live/18c0818cbbfdf26a1237b4f7703b1f035f47b014-744x1039.png', '/media/cards/d8/e426117c-6a4c-4536-ba09-6a4ffc5f48d8', 0);

INSERT INTO printing_images (id, printing_id, image_file_id, face, provider, is_active) VALUES
  ('48bf20fa-b0c7-40fb-85e8-75577b008025', '019cfc3b-03d1-7eb9-b5d5-588deb7bd4a7', '48bf20fa-b0c7-40fb-85e8-75577b008025', 'front', 'gallery', TRUE),
  ('aac9b213-1211-4120-b312-f2cb1bd7dffe', '019cfc3b-03d2-75a9-b281-305c0ec46c9c', 'aac9b213-1211-4120-b312-f2cb1bd7dffe', 'front', 'gallery', TRUE),
  ('e201b4df-2127-4952-a019-8c68a3ee73a0', '019cfc3b-03d5-768e-91cf-8ac59b20fb0e', 'e201b4df-2127-4952-a019-8c68a3ee73a0', 'front', 'gallery', TRUE),
  ('03678a34-c684-4954-a811-e8462ab2a281', '019cfc3b-03d6-74cf-adec-1dce41f631eb', '03678a34-c684-4954-a811-e8462ab2a281', 'front', 'gallery', TRUE),
  ('767b5069-1c75-460d-b816-1ed1302cece3', '019cfc3b-03d6-74e0-bdbe-4aca898a0bbd', '767b5069-1c75-460d-b816-1ed1302cece3', 'front', 'gallery', TRUE),
  ('a9b41b02-d7b8-4af6-ae50-0b61b0f79ff7', '019cfc3b-03d6-74f2-bcff-7bd89d0061f5', 'a9b41b02-d7b8-4af6-ae50-0b61b0f79ff7', 'front', 'gallery', TRUE),
  ('6063d6e9-d982-45c6-9a67-648f36a4cde1', '019cfc3b-03d6-7502-b5c1-a9e422f91ac7', '6063d6e9-d982-45c6-9a67-648f36a4cde1', 'front', 'gallery', TRUE),
  ('b3af515c-2f8b-4dcf-a419-98a70d3db123', '019cfc3b-03d6-7514-9347-be4597ff1eee', 'b3af515c-2f8b-4dcf-a419-98a70d3db123', 'front', 'gallery', TRUE),
  ('8db6f057-8078-4465-a178-d36b45fdec77', '019cfc3b-03d6-752a-adc5-19033009d65d', '8db6f057-8078-4465-a178-d36b45fdec77', 'front', 'gallery', TRUE),
  ('76e324f1-c984-4bb8-b2b9-3ef90fe4ec1b', '019cfc3b-03d6-753c-9ec3-7cf48219b1e8', '76e324f1-c984-4bb8-b2b9-3ef90fe4ec1b', 'front', 'gallery', TRUE),
  ('0501a7a7-5d11-4513-8ac2-0fecd9f4a205', '019cfc3b-03d6-754e-a4de-ca223b302965', '0501a7a7-5d11-4513-8ac2-0fecd9f4a205', 'front', 'gallery', TRUE),
  ('915e489c-c65d-4f87-8061-720f442dcc9f', '019cfc3b-03d6-755e-8d42-32464c0bf236', '915e489c-c65d-4f87-8061-720f442dcc9f', 'front', 'gallery', TRUE),
  ('d444db56-7c98-4b6c-82e2-198a2e2dd833', '019cfc3b-03d6-7570-ac57-ad240fe24183', 'd444db56-7c98-4b6c-82e2-198a2e2dd833', 'front', 'gallery', TRUE),
  ('5b0d0ef9-e234-4f78-92d5-93348fbb82e0', '019cfc3b-03d6-7581-bf1d-f627860d73b0', '5b0d0ef9-e234-4f78-92d5-93348fbb82e0', 'front', 'gallery', TRUE),
  ('de3ab4bc-ac47-4d64-bfa9-12d9ea5e6d47', '019cfc3b-03d6-7592-be7d-af8b5a85a818', 'de3ab4bc-ac47-4d64-bfa9-12d9ea5e6d47', 'front', 'gallery', TRUE),
  ('64cf5e1a-c1c4-47f7-bafe-3590a7efef03', '019cfc3b-03d6-75a3-90b8-c82d7afdc00a', '64cf5e1a-c1c4-47f7-bafe-3590a7efef03', 'front', 'gallery', TRUE),
  ('7a80cb4d-8bd8-44cc-a814-9189ba0b51ff', '019cfc3b-03d6-75d8-a0f7-c6fd8a35c6f9', '7a80cb4d-8bd8-44cc-a814-9189ba0b51ff', 'front', 'gallery', TRUE),
  ('e209d9f7-3bca-43b9-9238-04dd00930654', '019cfc3b-03d6-75ee-922c-1e736369b5d4', 'e209d9f7-3bca-43b9-9238-04dd00930654', 'front', 'gallery', TRUE),
  ('019d1c08-874d-7b9d-a5ee-44ba310478e1', '019cfc3b-03d6-7600-9bd2-f43441e40ace', '019d1c08-874d-7b9d-a5ee-44ba310478e1', 'front', 'cardtrader-api', FALSE),
  ('852d5d3e-90f8-46f6-a332-6298b87db544', '019cfc3b-03d6-7600-9bd2-f43441e40ace', '852d5d3e-90f8-46f6-a332-6298b87db544', 'front', 'gallery', TRUE),
  ('8afe395c-becd-4399-b8dd-412860946970', '019cfc3b-03d8-7309-9eae-0ba9ba5967f3', '8afe395c-becd-4399-b8dd-412860946970', 'front', 'gallery', TRUE),
  ('48d995d4-9571-4a55-b1e7-11eff002e83d', '019cfc3b-03d8-731c-8957-4f2dc4f8464f', '48d995d4-9571-4a55-b1e7-11eff002e83d', 'front', 'gallery', TRUE),
  ('e426117c-6a4c-4536-ba09-6a4ffc5f48d8', '019cfc3b-03d8-732e-9d55-1e74ebff11dd', 'e426117c-6a4c-4536-ba09-6a4ffc5f48d8', 'front', 'gallery', TRUE),
  ('523622e5-e4e7-4c35-86eb-531b43e1761c', '019cfc3b-03d8-7340-8664-d8b5b646ef84', '523622e5-e4e7-4c35-86eb-531b43e1761c', 'front', 'gallery', TRUE),
  ('43e0d3db-218a-4db4-a6d0-c497631888e1', '019cfc3b-03d8-7350-b433-2aee587b1912', '43e0d3db-218a-4db4-a6d0-c497631888e1', 'front', 'gallery', TRUE),
  ('5f478373-1eef-4684-bbe2-ba93fc4d0769', '019cfc3b-03d8-7361-9a9a-915783d54e1c', '5f478373-1eef-4684-bbe2-ba93fc4d0769', 'front', 'gallery', TRUE),
  ('27e5cc73-c79a-4ae6-9464-4a37b7f3a802', '019cfc3b-03d8-7371-9e2d-f3aa5ad324a9', '27e5cc73-c79a-4ae6-9464-4a37b7f3a802', 'front', 'gallery', TRUE),
  ('019cfdeb-9062-7800-a4ec-768210ad8caf', '019cfde8-86d5-734d-add4-3f4fc05c1173', '019cfdeb-9062-7800-a4ec-768210ad8caf', 'front', 'piltover-archive', TRUE),
  ('019cfdee-0385-7811-85f9-4d51966347a4', '019cfde9-e3e5-7af6-ad98-b9fcc2bfd125', '019cfdee-0385-7811-85f9-4d51966347a4', 'front', 'piltover-archive', TRUE),
  ('019d1a6e-eaae-73ad-8c0d-c6b356a1669a', '019cfded-5ed2-7f73-80a1-9cfea07679c8', '019d1a6e-eaae-73ad-8c0d-c6b356a1669a', 'front', 'manual', TRUE),
  ('019d1af7-5828-7a86-bbf2-80b476dfebe6', '019cfdee-854c-7472-b74c-3a33a8485cea', '019d1af7-5828-7a86-bbf2-80b476dfebe6', 'front', 'manual', FALSE),
  ('019d1ef6-3893-791d-b643-f27d1b1cea8f', '019cfdee-854c-7472-b74c-3a33a8485cea', '019d1ef6-3893-791d-b643-f27d1b1cea8f', 'front', 'cardtrader-api', TRUE),
  ('019d0c1b-2eda-747f-8caa-f276547b3d15', '019cfdf0-6c9d-76f1-ab80-f96bc3670fb0', '019d0c1b-2eda-747f-8caa-f276547b3d15', 'front', 'riftbound-gg', TRUE),
  ('019d20c0-f11b-7f6d-8b2e-44fc2e2340db', '019d17a1-2723-733a-a21e-4630e4370046', '019d20c0-f11b-7f6d-8b2e-44fc2e2340db', 'front', 'cardtrader-api', TRUE),
  ('019d20c1-5df2-76f9-9b28-b5c0f0046d11', '019d17a6-13f6-74f3-bcaa-6974580b57db', '019d20c1-5df2-76f9-9b28-b5c0f0046d11', 'front', 'cardtrader-api', TRUE),
  ('019d20c2-92c1-7787-b66f-84bdb2dbbf5b', '019d17ac-724a-732c-b83a-23cd257a74e5', '019d20c2-92c1-7787-b66f-84bdb2dbbf5b', 'front', 'cardtrader-api', TRUE),
  ('019d1be8-ad21-7f32-8087-53b4dd439a26', '019d1be8-3681-73b5-bf13-078b7e3c9096', '019d1be8-ad21-7f32-8087-53b4dd439a26', 'front', 'manual', TRUE),
  ('019d20c2-635c-77bc-9541-f0eb363a7410', '019d1bee-0857-793a-b76b-50b6ead8ddbb', '019d20c2-635c-77bc-9541-f0eb363a7410', 'front', 'cardtrader-api', TRUE),
  ('019d20c2-c9c9-7f30-af37-a582a05ea8c5', '019d1bf8-97d5-79ac-929e-286838af5508', '019d20c2-c9c9-7f30-af37-a582a05ea8c5', 'front', 'cardtrader-api', TRUE),
  ('019d20c3-145f-755c-9440-8189b2e80446', '019d1bfd-da4c-73d9-b2c9-a6c628b23bdd', '019d20c3-145f-755c-9440-8189b2e80446', 'front', 'cardtrader-api', TRUE),
  ('019d20c3-4219-746c-9ae8-170b90dcba18', '019d1c00-e58f-73c9-a402-a822d45df1f9', '019d20c3-4219-746c-9ae8-170b90dcba18', 'front', 'cardtrader-api', TRUE),
  ('019d20c3-eefd-753e-ab6c-1405e9f1ec89', '019d1c05-bf03-747d-be95-60ee1687b24b', '019d20c3-eefd-753e-ab6c-1405e9f1ec89', 'front', 'cardtrader-api', TRUE),
  ('019d20c4-1927-787f-9d9a-683adbf8b1db', '019d1c0b-64ab-7160-8bd6-36dfdffb1210', '019d20c4-1927-787f-9d9a-683adbf8b1db', 'front', 'cardtrader-api', TRUE),
  ('019d20c4-6769-7509-b5ac-4ec19f10b08c', '019d1c0e-5395-709b-a44a-b9b9bc85907b', '019d20c4-6769-7509-b5ac-4ec19f10b08c', 'front', 'cardtrader-api', TRUE),
  ('019d20c4-93fa-76a7-be9d-573ed8c694db', '019d1c11-4999-78e3-9980-2298b44d436d', '019d20c4-93fa-76a7-be9d-573ed8c694db', 'front', 'cardtrader-api', TRUE),
  ('019d69a4-8bfe-7087-86d9-11e6f8547ae7', '019d69a4-8117-73d6-9aec-69530d59d8da', '019d69a4-8bfe-7087-86d9-11e6f8547ae7', 'front', 'playloltcg', TRUE),
  ('019d69a5-01fb-7e23-8b13-274c2283d333', '019d69a4-f7b9-7222-bb93-cb745d47be9f', '019d69a5-01fb-7e23-8b13-274c2283d333', 'front', 'playloltcg', TRUE),
  ('019d69a5-34b2-7280-9706-5286e199ac41', '019d69a5-28fa-70a2-92ea-73d8f2a27d3f', '019d69a5-34b2-7280-9706-5286e199ac41', 'front', 'playloltcg', TRUE),
  ('019d69a5-9c6e-7990-a460-dff6e0ca4ca4', '019d69a5-8576-7b4d-9c18-7aa1f4451540', '019d69a5-9c6e-7990-a460-dff6e0ca4ca4', 'front', 'playloltcg', TRUE),
  ('019d69a5-c873-7aaa-9c2e-54aa2c3b93b0', '019d69a5-bdd0-7753-98b2-253827e5d3b5', '019d69a5-c873-7aaa-9c2e-54aa2c3b93b0', 'front', 'playloltcg', TRUE),
  ('019d69a5-efd4-76bc-866a-25e442273662', '019d69a5-e53a-7e57-886d-a4524d3da4f8', '019d69a5-efd4-76bc-866a-25e442273662', 'front', 'playloltcg', TRUE),
  ('019d6d05-9329-7474-a769-9b54602732e0', '019d6d05-930d-7af7-9eb5-1bbefadba3a4', '019d6d05-931f-721e-8038-db4a078c27e8', 'front', 'playloltcg', TRUE),
  ('019d6d05-994d-7e25-935f-695a23c98d14', '019d6d05-9935-76e8-a805-ea6541cb99dd', '019d6d05-9947-742c-b01d-cad0c7018b84', 'front', 'playloltcg', TRUE),
  ('019d6d05-9a83-7293-add2-5a4f60c907ca', '019d6d05-9a7a-7234-aa16-3d519c8131c9', '019d6d05-9a7e-775c-8f1e-4403df1951cc', 'front', 'playloltcg', TRUE),
  ('019d6d05-a779-7b4b-84a0-9f8dcc4f003f', '019d6d05-a758-7fce-aadd-aafcc11baebe', '019d6d05-a775-7452-8e04-45b7f429d40a', 'front', 'playloltcg', TRUE),
  ('019d6d05-aab0-7201-b9c8-c0e41d5906d3', '019d6d05-aa97-77be-8913-cae20a56f25f', '019d6d05-aaab-7c8b-ad5f-fc115adfed4c', 'front', 'playloltcg', TRUE),
  ('019d6d05-b0b8-7653-8740-8e71e8753277', '019d6d05-b0ac-79e3-8edc-0d6d436d148b', '019d6d05-b0b6-748f-b425-39e7eb8bbbfa', 'front', 'playloltcg', TRUE),
  ('019d6d05-b66e-7d98-a9c9-a6d8bff1969c', '019d6d05-b656-79e4-b3df-2c0c6414f64b', '019d6d05-b66a-7de3-87f0-3d41a4ca347f', 'front', 'playloltcg', TRUE),
  ('019d6d05-b9b2-7d9a-8591-6ab103ac64ba', '019d6d05-b99e-7e0e-96dd-e1c9da4bdae3', '019d6d05-b9af-7d7c-85fc-d0fab99b3612', 'front', 'playloltcg', TRUE),
  ('019d6d05-c151-7d3f-b63f-af7ea74a6bc2', '019d6d05-c13a-799a-bda0-efd70a6a1b75', '019d6d05-c14d-76ae-951c-d2f037b2f97f', 'front', 'playloltcg', TRUE),
  ('019d6d05-c856-74c9-a963-1f4f323d49e5', '019d6d05-c823-7069-95b6-1cdf23f82a9a', '019d6d05-c845-7de4-bbc7-edaa17b2fbca', 'front', 'playloltcg', TRUE),
  ('019d6d05-d8fa-7f29-b25a-b75337d229c1', '019d6d05-d8e2-7e53-8fe6-54fd10424a8b', '019d6d05-d8f6-7586-a393-0ad31059d2be', 'front', 'playloltcg', TRUE),
  ('019d6d05-da04-7bd9-8dc1-efbeab02b1ca', '019d6d05-d9e8-75ca-9545-64d46c8fb6cb', '019d6d05-d9f8-71b7-a98a-6f2c78757719', 'front', 'playloltcg', TRUE),
  ('019d6d05-e5f7-7f4c-a84b-748c07ffeccc', '019d6d05-e5d5-7c5b-8b55-90aeb47adb3e', '019d6d05-e5ee-7b32-b2dd-f0fb368562ce', 'front', 'playloltcg', TRUE),
  ('019d6d05-f9c9-75d4-a0ed-f07326e7494c', '019d6d05-f9be-789f-b21f-bfe68b1572d8', '019d6d05-f9c7-7bae-b42f-2a11d7012ecc', 'front', 'playloltcg', TRUE),
  ('019d6d05-fef6-7367-ace5-5185ebf65428', '019d6d05-fee6-7d60-b8f2-ea216d891c59', '019d6d05-feed-74e0-ac0d-8f7481067c47', 'front', 'playloltcg', TRUE),
  ('019d6d06-03ab-7cf8-ba07-63cc0c3f75d0', '019d6d06-0398-7088-8098-0484a6aa2fea', '019d6d06-03a7-7715-a71d-80e04647dac1', 'front', 'playloltcg', TRUE),
  ('019d6d06-1094-7ebe-81d9-62cd48ddca5d', '019d6d06-108e-726f-809e-13b31796be1c', '019d6d06-1093-760b-b41f-d750ecde9e1d', 'front', 'playloltcg', TRUE),
  ('019d6d06-1de5-740d-8131-9263f0ebb348', '019d6d06-1dd2-7649-938a-01851a1098ae', '019d6d06-1de1-7b72-9361-d50150c5b846', 'front', 'playloltcg', TRUE),
  ('019d6d06-216a-7cea-85e2-a4c3c334a436', '019d6d06-2149-7ed5-a52b-64215640186a', '019d6d06-2168-7f76-87e0-e98b9207b642', 'front', 'playloltcg', TRUE),
  ('019d6d06-2235-7e39-82aa-3bf1ec09a170', '019d6d06-2210-7187-b6ea-5d10e2e048ab', '019d6d06-2223-77ed-9c04-48f87fc6287d', 'front', 'playloltcg', TRUE),
  ('019d6d06-3086-7cc2-9f53-43f8947c3bec', '019d6d06-3071-78cb-871f-945422034de3', '019d6d06-3083-73e3-afac-c22fbdfa2f9b', 'front', 'playloltcg', TRUE),
  ('019d6d06-31da-7146-b516-ca43ad818ba1', '019d6d06-31c7-75c2-ba60-479deb454553', '019d6d06-31d8-77d8-9712-2692f13b3a85', 'front', 'playloltcg', TRUE),
  ('019d6d06-3494-7808-aae1-494eac217239', '019d6d06-3485-71cd-bcef-9c7db6924832', '019d6d06-3492-7e51-b1fd-59619b316a84', 'front', 'playloltcg', TRUE),
  ('019d6d06-37bb-7448-9ae8-6131ed730b27', '019d6d06-37a3-7312-bb34-9c497b8b9d64', '019d6d06-37b8-71dd-8f68-b30f9444e05b', 'front', 'playloltcg', TRUE);


-- Card bans
INSERT INTO card_bans (id, card_id, format_id, banned_at, unbanned_at, reason) VALUES
  ('019713f0-0000-7000-8000-000000000003', '019cfc3b-038a-7acd-8d1e-ff0cd42a7878', 'freeform', '2025-06-01', NULL, 'Dominated the meta with a 65% win rate in competitive play');


-- Marketplace
INSERT INTO marketplace_groups (id, marketplace, group_id, name, abbreviation) VALUES
  ('019cfc3a-e5d3-7e7e-9497-23ee0c612850', 'cardmarket', 6286, 'Origins', NULL),
  ('019cfc3a-e5d3-7e90-b462-c8bed1bf05f2', 'cardmarket', 6289, 'Proving Grounds', NULL),
  ('019cfc3a-e5d3-7ea2-a7ed-d1d82f6cdea5', 'cardmarket', 6322, 'Origins: Promos', NULL),
  ('019cfc3a-e5d3-7eb3-abad-5fdffa803665', 'cardmarket', 6399, 'Spiritforged', NULL),
  ('019cfc3a-e5d3-7ec3-9543-f9f44e5915aa', 'cardmarket', 6480, 'Project K Promos', NULL),
  ('019cfc3a-e5d3-7ed4-8999-3cd4b463f244', 'cardmarket', 6483, 'Spiritforged: Promos', NULL),
  ('019d1c29-9066-737b-8946-b9e3101587c1', 'cardtrader', 4166, 'Origins', 'ogn'),
  ('019d1c29-9068-7cbc-882a-e1bcbf146596', 'cardtrader', 4167, 'Promos', 'promo-rift'),
  ('019d1c29-9069-7097-8252-8f3be7d4ade1', 'cardtrader', 4275, 'Origins Proving Grounds', 'ogs'),
  ('019d1c29-9069-7229-ad09-cb5eb07466c1', 'cardtrader', 4287, 'Organized Play', 'op'),
  ('019d1c29-9069-747a-beab-1570e3ab757b', 'cardtrader', 4288, 'Judge Promos', 'jdg'),
  ('019d1c29-9069-764c-b786-082f8c1a9840', 'cardtrader', 4289, 'Arcane', 'arc'),
  ('019d1c29-9069-77ae-83a8-bd64449d8a9b', 'cardtrader', 4299, 'Spiritforged', 'sfd'),
  ('019d1c29-9069-7912-abde-0f84f7a0fea8', 'cardtrader', 4347, 'Championship Promo', 'rift-champ'),
  ('019d1c29-9069-7a79-be25-ad6ad9d2d51d', 'cardtrader', 4348, 'Nexus Night Promos', 'nnp'),
  ('019d1c29-9069-7c84-b27c-5a9bbc8498aa', 'cardtrader', 4349, 'Release Event Promos', 'rep-riftbound'),
  ('019d1c29-906a-704f-8628-feed96f41172', 'cardtrader', 4425, 'Unleashed', 'unl'),
  ('019d1c29-906a-726f-a12f-f13b745fd5fc', 'cardtrader', 4521, 'Vendetta', 'ven'),
  ('019d1c29-906a-74ea-b28f-1c2b80c38ccb', 'cardtrader', 4522, 'Radiance', 'rad'),
  ('019cfc3a-e5d3-7e5b-8dd3-6cd925320b27', 'tcgplayer', 24343, 'Riftbound Promotional Cards', 'PR'),
  ('019cfc3a-e5d3-7e27-a1bc-c57dea97644a', 'tcgplayer', 24344, 'Origins', 'OGN'),
  ('019cfc3a-e5d3-7e38-8af3-07d1e517947c', 'tcgplayer', 24439, 'Origins: Proving Grounds', 'OGS'),
  ('019cfc3a-e5d3-7e6d-ad96-f51fdb4d70ba', 'tcgplayer', 24502, 'Riftbound Worlds Bundle 2025', 'RWB'),
  ('019cfc3a-e5d3-7df3-838e-550f1a2fd90a', 'tcgplayer', 24519, 'Spiritforged', 'SFD'),
  ('019cfc3a-e5d3-7e4a-bc91-dd70fab6d75c', 'tcgplayer', 24528, 'Riftbound Organized Play Promotional Cards', 'OPP'),
  ('019cfc3a-e5d3-7e15-8287-881760ec56ed', 'tcgplayer', 24552, 'Riftbound Judge Promotional Cards', 'JDG'),
  ('019cfc3a-e5d3-7c3d-96c9-dc5f89f12fba', 'tcgplayer', 24560, 'Unleashed', 'UNL');

INSERT INTO marketplace_products (id, marketplace, group_id, external_id, product_name) VALUES
  ('019cfc3a-e6ac-71d6-abb7-1001032d517e', 'cardmarket', 6286, 845886, 'Fury Rune'),
  ('019cfc3a-e6af-776c-8e21-85b2fcc79220', 'cardmarket', 6286, 845887, 'Fury Rune'),
  ('019cfc3a-e6ae-746b-bc85-a83b3dc99f6c', 'cardmarket', 6289, 847523, 'Annie, Fiery'),
  ('019cfc3a-e6ae-749f-a1a7-5cb64e718b12', 'cardmarket', 6289, 847524, 'Firestorm'),
  ('019cfc3a-e6ae-74b0-952e-22178e4a7e87', 'cardmarket', 6289, 847525, 'Incinerate'),
  ('019cfc3a-e6ae-74e2-92f3-369504d1fe1c', 'cardmarket', 6289, 847526, 'Master Yi, Meditative'),
  ('019cfc3a-e6ae-7513-9d72-f8e437d02fdd', 'cardmarket', 6289, 847527, 'Zephyr Sage'),
  ('019cfc3a-e6ae-7417-a3cc-375b29f33e47', 'cardmarket', 6289, 847528, 'Lux, Illuminated'),
  ('019cfc3a-e6ae-7428-9974-e89da999730a', 'cardmarket', 6289, 847529, 'Garen, Rugged'),
  ('019cfc3a-e6ae-747b-aa9c-edfbd4aff009', 'cardmarket', 6289, 847530, 'Gentlemen''s Duel'),
  ('019cfc3a-e6ae-74c0-b143-468d5f35c616', 'cardmarket', 6289, 847531, 'Master Yi, Honed'),
  ('019cfc3a-e6ae-74f3-a054-e6db5ea815af', 'cardmarket', 6289, 847532, 'Annie, Stubborn'),
  ('019cfc3a-e6ae-7523-82c1-0346b092dcd7', 'cardmarket', 6289, 847533, 'Flash'),
  ('019cfc3a-e6ae-7439-8cde-ba5aa311dccd', 'cardmarket', 6289, 847534, 'Blast of Power'),
  ('019cfc3a-e6ae-7449-8b88-2301b4dc58ff', 'cardmarket', 6289, 847535, 'Garen, Commander'),
  ('019cfc3a-e6ae-748e-ae8b-11af7f4778fb', 'cardmarket', 6289, 847536, 'Lux, Crownguard'),
  ('019cfc3a-e6ae-74d1-9529-ea93b174de93', 'cardmarket', 6289, 847537, 'Recruit the Vanguard'),
  ('019cfc3a-e6ae-7503-aeb8-0c509cda7ca4', 'cardmarket', 6289, 847538, 'Vanguard Attendant'),
  ('019cfc3a-e6ae-7534-9bea-83da6ddad87d', 'cardmarket', 6289, 847539, 'Annie, Dark Child'),
  ('019cfc3a-e6ae-745a-b91b-223257fac59a', 'cardmarket', 6289, 847540, 'Tibbers'),
  ('019cfc3a-e6ae-7544-adb0-c3fb6505c601', 'cardmarket', 6289, 847541, 'Master Yi, Wuju Bladesman'),
  ('019cfc3a-e6ae-7555-8d31-5008539d17ab', 'cardmarket', 6289, 847542, 'Highlander'),
  ('019cfc3a-e6ae-7566-b871-b95b5aeebb1a', 'cardmarket', 6289, 847543, 'Lux, Lady of Luminosity'),
  ('019cfc3a-e6ae-7577-a525-ed370f8863f1', 'cardmarket', 6289, 847544, 'Final Spark'),
  ('019cfc3a-e6ae-7587-834d-13e53c2c90e0', 'cardmarket', 6289, 847545, 'Garen, Might of Demacia'),
  ('019cfc3a-e6ae-7597-bb5d-19ca4dda8646', 'cardmarket', 6289, 847546, 'Decisive Strike'),
  ('019d20e6-de36-71a5-9651-69e938c91a09', 'cardmarket', 6322, 856120, 'Fury Rune'),
  ('019d20e7-2b3a-7260-8dea-2adb77cefaf8', 'cardmarket', 6399, 871893, 'Fury Rune'),
  ('019d1d01-32e2-77c6-948a-f4f114337a4b', 'cardmarket', 6399, 872478, 'Fury Rune'),
  ('019d20e7-1e9e-70d6-a37c-01288b77a1df', 'cardmarket', 6483, 874107, 'Fury Rune'),
  ('019d1bfd-bc5a-7c69-aa96-3572e31fc28c', 'cardmarket', 6322, 874121, 'Annie, Fiery'),
  ('019d36db-d6d1-7187-8fff-de9550790327', 'cardmarket', 6322, 874122, 'Master Yi, Meditative'),
  ('019d39d5-4b44-7998-8b2c-b6ab6f67ace9', 'cardmarket', 6322, 874123, 'Lux, Illuminated'),
  ('019d409c-e79b-73da-8bf0-a92c7813c6aa', 'cardmarket', 6322, 874124, 'Garen, Rugged'),
  ('019d409d-809a-7cc7-9da8-890c704bdcc6', 'cardmarket', 6322, 874125, 'Master Yi, Honed'),
  ('019d1bfe-f678-7062-91da-fa2b9c2ddbe6', 'cardmarket', 6322, 874126, 'Annie, Stubborn'),
  ('019d409c-257e-7837-acd8-a7247a352263', 'cardmarket', 6322, 874127, 'Garen, Commander'),
  ('019d409a-bd07-7d46-a76c-2e12f44eb3fb', 'cardmarket', 6322, 874128, 'Lux, Crownguard'),
  ('019d271d-3bc8-7b9b-900b-4a070ee1c013', 'cardmarket', 6322, 874130, 'Tibbers'),
  ('019d271d-892d-7aad-a425-802f4111cba4', 'cardmarket', 6322, 874131, 'Master Yi, Wuju Bladesman'),
  ('019d271d-ef38-78cb-88c0-8c5acf45b70f', 'cardmarket', 6322, 874132, 'Highlander'),
  ('019d1d0d-2a12-77fd-95cd-d45001e9cea1', 'cardtrader', 4275, 344328, 'Annie - Fiery'),
  ('019d1d0d-2a12-78fd-af18-feca7f775db6', 'cardtrader', 4275, 344329, 'Firestorm'),
  ('019d1d0d-2a12-7a5e-8494-300c8e8979b0', 'cardtrader', 4275, 344330, 'Incinerate'),
  ('019d1d0d-2a12-7b45-a304-272c5131be99', 'cardtrader', 4275, 344331, 'Master Yi - Medative'),
  ('019d1d0d-2a12-7c29-b2d4-d8116beb889c', 'cardtrader', 4275, 344332, 'Zephyr Sage'),
  ('019d1d0d-2a12-7d05-aa0d-3e757c90def6', 'cardtrader', 4275, 344333, 'Lux - Illuminated'),
  ('019d1d0d-2a12-7eea-8534-4738787b8ee3', 'cardtrader', 4275, 344334, 'Garen - Rugged'),
  ('019d1d0d-2a12-7fca-b18d-20870e5070f6', 'cardtrader', 4275, 344335, 'Gentlemen''s Duel'),
  ('019d1d0d-2a13-7187-bb9a-3d240d181f63', 'cardtrader', 4275, 344336, 'Master Yi - Honed'),
  ('019d1d0d-2a13-725e-bf19-d750818f5e29', 'cardtrader', 4275, 344337, 'Annie - Stubborn'),
  ('019d1d0d-2a13-732c-b0f5-67b22f750e16', 'cardtrader', 4275, 344338, 'Flash'),
  ('019d1d0d-2a13-73fa-a275-c4328e51fc99', 'cardtrader', 4275, 344340, 'Blast of Power'),
  ('019d1d0d-2a13-74fa-885f-59cf33778864', 'cardtrader', 4275, 344341, 'Garen - Commander'),
  ('019d1d0d-2a13-7608-a7ea-8df61acf411f', 'cardtrader', 4275, 344342, 'Lux - Crownguard'),
  ('019d1d0d-2a13-76de-a67e-0806fa6f4239', 'cardtrader', 4275, 344343, 'Recruit the Vanguard'),
  ('019d1d0d-2a13-77ad-8d8a-9b52e88749c8', 'cardtrader', 4275, 344344, 'Vanguard Attendant'),
  ('019d1d0d-2a13-787a-b3cb-e673420bae1f', 'cardtrader', 4275, 344430, 'Annie - Dark Child'),
  ('019d1d0d-2a13-7948-9867-57ec1faaf50c', 'cardtrader', 4275, 344431, 'Tibbers'),
  ('019d1d0d-2a13-7a28-ae18-018b7cb0a03b', 'cardtrader', 4275, 344432, 'Master Yi - Wuju Bladesman'),
  ('019d1d0d-2a13-7b09-a64e-99353acec162', 'cardtrader', 4275, 344433, 'Highlander'),
  ('019d1d0d-2a13-7be0-a676-a11bf15d0ffd', 'cardtrader', 4275, 344434, 'Lux - Lady of Luminosity'),
  ('019d1d0d-2a13-7ce6-9913-9c01116eaf2a', 'cardtrader', 4275, 344435, 'Final Spark'),
  ('019d1d0d-2a13-7e04-8b8c-a1095cd91add', 'cardtrader', 4275, 344436, 'Garen - Might of Demacia'),
  ('019d1d0d-2a13-7edd-9611-9407c5b8fef1', 'cardtrader', 4275, 344437, 'Decisive Strike'),
  ('019d1d0d-29d4-72a7-8cd5-45831f58077c', 'cardtrader', 4166, 345179, 'Fury Rune'),
  ('019d1d0d-29d4-73b4-86d4-949fe378c4d9', 'cardtrader', 4166, 345180, 'Fury Rune'),
  ('019d20e7-024e-7678-aab8-a4f3d4131f97', 'cardtrader', 4348, 353778, 'Fury Rune'),
  ('019d1d0d-2a67-7a7d-aa5f-010de2d9c98e', 'cardtrader', 4299, 374044, 'Fury Rune'),
  ('019d20e7-6444-7354-9cbd-183bd5d123c2', 'cardtrader', 4299, 374045, 'Fury Rune'),
  ('019d1d0d-2a68-727a-af66-1191170bf46e', 'cardtrader', 4348, 374052, 'Fury Rune'),
  ('019d1d0d-2a68-7374-9c22-12476c20a361', 'cardtrader', 4348, 375019, 'Annie - Fiery'),
  ('019d1d0d-2a68-746b-b5d0-cfa838348e4a', 'cardtrader', 4348, 375020, 'Annie - Stubborn'),
  ('019d271d-3bc8-7dd0-ae1e-8a1580674560', 'cardtrader', 4348, 375022, 'Tibbers'),
  ('019d271d-9f3d-7ce9-87f2-582b0e12d488', 'cardtrader', 4348, 375023, 'Master Yi - Wuju Bladesman'),
  ('019d271e-df84-79cb-8252-b6b4167e1b84', 'cardtrader', 4348, 375024, 'Highlander'),
  ('019d36dc-046c-7b55-8fe3-462863b2eaee', 'cardtrader', 4348, 375034, 'Master Yi - Medative'),
  ('019d409d-08e1-70e7-89b1-047ee4d16255', 'cardtrader', 4348, 375040, 'Garen - Rugged'),
  ('019d409d-4b20-7525-ba78-33b069b9680c', 'cardtrader', 4348, 375042, 'Master Yi - Honed'),
  ('019d409b-dd75-7be6-90ec-d14b3fbab031', 'cardtrader', 4348, 375050, 'Lux - Crownguard'),
  ('019d409c-4990-7567-9446-713149a13449', 'cardtrader', 4348, 375051, 'Garen - Commander'),
  ('019cfc3a-e6a8-714f-9498-bf3792f5d6db', 'tcgplayer', 24344, 652777, 'Fury Rune'),
  ('019cfc3a-e6a8-7159-b93e-18ee20e3a368', 'tcgplayer', 24344, 652778, 'Fury Rune Alternate Art'),
  ('019cfc3a-e6a8-71f5-b5d9-80b0a04a1fd0', 'tcgplayer', 24439, 653136, 'Annie Fiery'),
  ('019cfc3a-e6a8-7257-8dab-d9ae87986048', 'tcgplayer', 24439, 653137, 'Firestorm'),
  ('019cfc3a-e6a8-7265-b40f-501dff21daeb', 'tcgplayer', 24439, 653138, 'Incinerate'),
  ('019cfc3a-e6aa-709e-b5a2-845a1d93b36d', 'tcgplayer', 24439, 653139, 'Master Yi Meditative'),
  ('019cfc3a-e6a8-726f-bc07-24be5ea16d8f', 'tcgplayer', 24439, 653140, 'Zephyr Sage'),
  ('019cfc3a-e6a8-727a-b219-b887318ae5b5', 'tcgplayer', 24439, 653141, 'Lux Illuminated'),
  ('019cfc3a-e6a8-7285-b3e5-488a2dbdea7d', 'tcgplayer', 24439, 653142, 'Garen Rugged'),
  ('019cfc3a-e6aa-7071-b259-94bb4f849c3f', 'tcgplayer', 24439, 653143, 'Gentlemens Duel'),
  ('019cfc3a-e6ab-7ec3-8690-caded282a194', 'tcgplayer', 24439, 653144, 'Master Yi Honed'),
  ('019cfc3a-e6a8-728f-ae7c-bac19061fe18', 'tcgplayer', 24439, 653145, 'Annie Stubborn'),
  ('019cfc3a-e6a8-7299-9f2d-55db1c8ef1bc', 'tcgplayer', 24439, 653146, 'Flash'),
  ('019cfc3a-e6a8-72a3-8da4-a235300c7c58', 'tcgplayer', 24439, 653147, 'Blast of Power'),
  ('019cfc3a-e6a8-72ad-a3a3-f547137cc52d', 'tcgplayer', 24439, 653148, 'Garen Commander'),
  ('019cfc3a-e6a8-72cc-9c70-4f809d2600b6', 'tcgplayer', 24439, 653149, 'Lux Crownguard'),
  ('019cfc3a-e6a8-72d7-a5f0-2ab7097bce41', 'tcgplayer', 24439, 653150, 'Recruit the Vanguard'),
  ('019cfc3a-e6a8-72e2-94d6-3dc1299e526f', 'tcgplayer', 24439, 653151, 'Vanguard Attendant'),
  ('019cfc3a-e6ab-7ed4-9f9c-52aadb63fbd5', 'tcgplayer', 24439, 653152, 'Annie Dark Child Starter'),
  ('019cfc3a-e6a8-72ec-a92b-a874aa5b09aa', 'tcgplayer', 24439, 653153, 'Tibbers'),
  ('019cfc3a-e6ab-7ee2-9376-a79c13377511', 'tcgplayer', 24439, 653154, 'Master Yi Wuju Bladesman Starter'),
  ('019cfc3a-e6a8-72f7-8be8-a360f69d985e', 'tcgplayer', 24439, 653155, 'Highlander'),
  ('019cfc3a-e6ab-7ef2-898a-7eccb5b0aa72', 'tcgplayer', 24439, 653156, 'Lux Lady of Luminosity Starter'),
  ('019cfc3a-e6aa-7080-a814-eb7bec8d81cc', 'tcgplayer', 24439, 653157, 'Final Spark'),
  ('019cfc3a-e6ab-7f00-a2f0-aedeb1604fd2', 'tcgplayer', 24439, 653158, 'Garen Might of Demacia Starter'),
  ('019cfc3a-e6aa-708f-bb8b-9665f0c1c436', 'tcgplayer', 24439, 653159, 'Decisive Strike'),
  ('019d20e6-aa4c-70f9-908f-02f7610971ed', 'tcgplayer', 24528, 662900, 'Fury Rune'),
  ('019d1d01-13e8-7e85-b60c-96c589e3efa2', 'tcgplayer', 24519, 678183, 'Fury Rune'),
  ('019d20e6-639d-7de2-a3f4-345b222add3e', 'tcgplayer', 24519, 678224, 'Fury Rune Alternate Art'),
  ('019d271d-3bc8-715b-a631-c098461c9605', 'tcgplayer', 24528, 680254, 'Tibbers'),
  ('019d271d-71ad-74f6-a38d-54b605523b7a', 'tcgplayer', 24528, 680257, 'Master Yi Wuju Bladesman'),
  ('019d271d-d6ff-7448-820a-e599e9fda7be', 'tcgplayer', 24528, 680260, 'Highlander'),
  ('019d1d01-9246-740b-839c-b88fd4ca9361', 'tcgplayer', 24528, 680274, 'Fury Rune R01b'),
  ('019d1bfd-b2ca-73a3-a04c-d048f205a2cf', 'tcgplayer', 24528, 680296, 'Annie Fiery'),
  ('019d36db-b14b-73b7-a66a-d9de0f66dd33', 'tcgplayer', 24528, 680323, 'Master Yi Meditative'),
  ('019d39d5-3cb0-768f-b6ab-e207ec9d4b82', 'tcgplayer', 24528, 680339, 'Lux Illuminated'),
  ('019d409c-d90e-71a9-af57-66e5972fcac1', 'tcgplayer', 24528, 680360, 'Garen Rugged'),
  ('019d409d-71c9-72c1-852e-c4cd636fcaae', 'tcgplayer', 24528, 680376, 'Master Yi Honed'),
  ('019d1bfe-e71d-79d0-af05-2c26f2bc5be7', 'tcgplayer', 24528, 680416, 'Annie Stubborn'),
  ('019d409a-acc8-72be-bbea-7495802c2f6d', 'tcgplayer', 24528, 680439, 'Lux Crownguard'),
  ('019d409c-1555-7f70-8f25-e86f84b0cd98', 'tcgplayer', 24528, 680441, 'Garen Commander');

INSERT INTO marketplace_product_variants (id, marketplace_product_id, printing_id, finish, language) VALUES
  ('019cfc3a-e6ac-71d6-abb7-1001032d517e', '019cfc3a-e6ac-71d6-abb7-1001032d517e', '019cfc3b-03d2-75a9-b281-305c0ec46c9c', 'normal', NULL),
  ('019cfc3a-e6af-776c-8e21-85b2fcc79220', '019cfc3a-e6af-776c-8e21-85b2fcc79220', '019cfc3b-03d1-7eb9-b5d5-588deb7bd4a7', 'foil', NULL),
  ('019cfc3a-e6ae-746b-bc85-a83b3dc99f6c', '019cfc3a-e6ae-746b-bc85-a83b3dc99f6c', '019cfc3b-03d6-74cf-adec-1dce41f631eb', 'normal', NULL),
  ('019cfc3a-e6ae-749f-a1a7-5cb64e718b12', '019cfc3a-e6ae-749f-a1a7-5cb64e718b12', '019cfc3b-03d5-768e-91cf-8ac59b20fb0e', 'normal', NULL),
  ('019cfc3a-e6ae-74b0-952e-22178e4a7e87', '019cfc3a-e6ae-74b0-952e-22178e4a7e87', '019cfc3b-03d6-74e0-bdbe-4aca898a0bbd', 'normal', NULL),
  ('019cfc3a-e6ae-74e2-92f3-369504d1fe1c', '019cfc3a-e6ae-74e2-92f3-369504d1fe1c', '019cfc3b-03d6-74f2-bcff-7bd89d0061f5', 'normal', NULL),
  ('019cfc3a-e6ae-7513-9d72-f8e437d02fdd', '019cfc3a-e6ae-7513-9d72-f8e437d02fdd', '019cfc3b-03d6-7502-b5c1-a9e422f91ac7', 'normal', NULL),
  ('019cfc3a-e6ae-7417-a3cc-375b29f33e47', '019cfc3a-e6ae-7417-a3cc-375b29f33e47', '019cfc3b-03d6-7514-9347-be4597ff1eee', 'normal', NULL),
  ('019cfc3a-e6ae-7428-9974-e89da999730a', '019cfc3a-e6ae-7428-9974-e89da999730a', '019cfc3b-03d6-752a-adc5-19033009d65d', 'normal', NULL),
  ('019cfc3a-e6ae-747b-aa9c-edfbd4aff009', '019cfc3a-e6ae-747b-aa9c-edfbd4aff009', '019cfc3b-03d6-753c-9ec3-7cf48219b1e8', 'normal', NULL),
  ('019cfc3a-e6ae-74c0-b143-468d5f35c616', '019cfc3a-e6ae-74c0-b143-468d5f35c616', '019cfc3b-03d6-754e-a4de-ca223b302965', 'normal', NULL),
  ('019cfc3a-e6ae-74f3-a054-e6db5ea815af', '019cfc3a-e6ae-74f3-a054-e6db5ea815af', '019cfc3b-03d6-755e-8d42-32464c0bf236', 'normal', NULL),
  ('019cfc3a-e6ae-7523-82c1-0346b092dcd7', '019cfc3a-e6ae-7523-82c1-0346b092dcd7', '019cfc3b-03d6-7570-ac57-ad240fe24183', 'normal', NULL),
  ('019cfc3a-e6ae-7439-8cde-ba5aa311dccd', '019cfc3a-e6ae-7439-8cde-ba5aa311dccd', '019cfc3b-03d6-7581-bf1d-f627860d73b0', 'normal', NULL),
  ('019cfc3a-e6ae-7449-8b88-2301b4dc58ff', '019cfc3a-e6ae-7449-8b88-2301b4dc58ff', '019cfc3b-03d6-7592-be7d-af8b5a85a818', 'normal', NULL),
  ('019cfc3a-e6ae-748e-ae8b-11af7f4778fb', '019cfc3a-e6ae-748e-ae8b-11af7f4778fb', '019cfc3b-03d6-75a3-90b8-c82d7afdc00a', 'normal', NULL),
  ('019cfc3a-e6ae-74d1-9529-ea93b174de93', '019cfc3a-e6ae-74d1-9529-ea93b174de93', '019cfc3b-03d6-75d8-a0f7-c6fd8a35c6f9', 'normal', NULL),
  ('019cfc3a-e6ae-7503-aeb8-0c509cda7ca4', '019cfc3a-e6ae-7503-aeb8-0c509cda7ca4', '019cfc3b-03d6-75ee-922c-1e736369b5d4', 'normal', NULL),
  ('019cfc3a-e6ae-7534-9bea-83da6ddad87d', '019cfc3a-e6ae-7534-9bea-83da6ddad87d', '019cfc3b-03d6-7600-9bd2-f43441e40ace', 'normal', NULL),
  ('019cfc3a-e6ae-745a-b91b-223257fac59a', '019cfc3a-e6ae-745a-b91b-223257fac59a', '019cfc3b-03d8-7309-9eae-0ba9ba5967f3', 'normal', NULL),
  ('019cfc3a-e6ae-7544-adb0-c3fb6505c601', '019cfc3a-e6ae-7544-adb0-c3fb6505c601', '019cfc3b-03d8-731c-8957-4f2dc4f8464f', 'normal', NULL),
  ('019cfc3a-e6ae-7555-8d31-5008539d17ab', '019cfc3a-e6ae-7555-8d31-5008539d17ab', '019cfc3b-03d8-732e-9d55-1e74ebff11dd', 'normal', NULL),
  ('019cfc3a-e6ae-7566-b871-b95b5aeebb1a', '019cfc3a-e6ae-7566-b871-b95b5aeebb1a', '019cfc3b-03d8-7340-8664-d8b5b646ef84', 'normal', NULL),
  ('019cfc3a-e6ae-7577-a525-ed370f8863f1', '019cfc3a-e6ae-7577-a525-ed370f8863f1', '019cfc3b-03d8-7350-b433-2aee587b1912', 'normal', NULL),
  ('019cfc3a-e6ae-7587-834d-13e53c2c90e0', '019cfc3a-e6ae-7587-834d-13e53c2c90e0', '019cfc3b-03d8-7361-9a9a-915783d54e1c', 'normal', NULL),
  ('019cfc3a-e6ae-7597-bb5d-19ca4dda8646', '019cfc3a-e6ae-7597-bb5d-19ca4dda8646', '019cfc3b-03d8-7371-9e2d-f3aa5ad324a9', 'normal', NULL),
  ('019d20e6-de36-71a5-9651-69e938c91a09', '019d20e6-de36-71a5-9651-69e938c91a09', '019cfde8-86d5-734d-add4-3f4fc05c1173', 'foil', NULL),
  ('019d20e7-2b3a-7260-8dea-2adb77cefaf8', '019d20e7-2b3a-7260-8dea-2adb77cefaf8', '019cfdee-854c-7472-b74c-3a33a8485cea', 'foil', NULL),
  ('019d1d01-32e2-77c6-948a-f4f114337a4b', '019d1d01-32e2-77c6-948a-f4f114337a4b', '019cfded-5ed2-7f73-80a1-9cfea07679c8', 'normal', NULL),
  ('019d20e7-1e9e-70d6-a37c-01288b77a1df', '019d20e7-1e9e-70d6-a37c-01288b77a1df', '019cfdf0-6c9d-76f1-ab80-f96bc3670fb0', 'foil', NULL),
  ('019d1bfd-bc5a-7c69-aa96-3572e31fc28c', '019d1bfd-bc5a-7c69-aa96-3572e31fc28c', '019d17a1-2723-733a-a21e-4630e4370046', 'foil', NULL),
  ('019d36db-d6d1-7187-8fff-de9550790327', '019d36db-d6d1-7187-8fff-de9550790327', '019d17a6-13f6-74f3-bcaa-6974580b57db', 'foil', NULL),
  ('019d39d5-4b44-7998-8b2c-b6ab6f67ace9', '019d39d5-4b44-7998-8b2c-b6ab6f67ace9', '019d1be8-3681-73b5-bf13-078b7e3c9096', 'foil', NULL),
  ('019d409c-e79b-73da-8bf0-a92c7813c6aa', '019d409c-e79b-73da-8bf0-a92c7813c6aa', '019d1bee-0857-793a-b76b-50b6ead8ddbb', 'foil', NULL),
  ('019d409d-809a-7cc7-9da8-890c704bdcc6', '019d409d-809a-7cc7-9da8-890c704bdcc6', '019d17ac-724a-732c-b83a-23cd257a74e5', 'foil', NULL),
  ('019d1bfe-f678-7062-91da-fa2b9c2ddbe6', '019d1bfe-f678-7062-91da-fa2b9c2ddbe6', '019d1bf8-97d5-79ac-929e-286838af5508', 'foil', NULL),
  ('019d409c-257e-7837-acd8-a7247a352263', '019d409c-257e-7837-acd8-a7247a352263', '019d1bfd-da4c-73d9-b2c9-a6c628b23bdd', 'foil', NULL),
  ('019d409a-bd07-7d46-a76c-2e12f44eb3fb', '019d409a-bd07-7d46-a76c-2e12f44eb3fb', '019d1c00-e58f-73c9-a402-a822d45df1f9', 'foil', NULL),
  ('019d271d-3bc8-7b9b-900b-4a070ee1c013', '019d271d-3bc8-7b9b-900b-4a070ee1c013', '019d1c0b-64ab-7160-8bd6-36dfdffb1210', 'foil', NULL),
  ('019d271d-892d-7aad-a425-802f4111cba4', '019d271d-892d-7aad-a425-802f4111cba4', '019d1c0e-5395-709b-a44a-b9b9bc85907b', 'foil', NULL),
  ('019d271d-ef38-78cb-88c0-8c5acf45b70f', '019d271d-ef38-78cb-88c0-8c5acf45b70f', '019d1c11-4999-78e3-9980-2298b44d436d', 'foil', NULL),
  ('019d1d0d-2a12-77fd-95cd-d45001e9cea1', '019d1d0d-2a12-77fd-95cd-d45001e9cea1', '019cfc3b-03d6-74cf-adec-1dce41f631eb', 'normal', 'EN'),
  ('019d1d0d-2a12-78fd-af18-feca7f775db6', '019d1d0d-2a12-78fd-af18-feca7f775db6', '019cfc3b-03d5-768e-91cf-8ac59b20fb0e', 'normal', 'EN'),
  ('019d1d0d-2a12-7a5e-8494-300c8e8979b0', '019d1d0d-2a12-7a5e-8494-300c8e8979b0', '019cfc3b-03d6-74e0-bdbe-4aca898a0bbd', 'normal', 'EN'),
  ('019d1d0d-2a12-7b45-a304-272c5131be99', '019d1d0d-2a12-7b45-a304-272c5131be99', '019cfc3b-03d6-74f2-bcff-7bd89d0061f5', 'normal', 'EN'),
  ('019d1d0d-2a12-7c29-b2d4-d8116beb889c', '019d1d0d-2a12-7c29-b2d4-d8116beb889c', '019cfc3b-03d6-7502-b5c1-a9e422f91ac7', 'normal', 'EN'),
  ('019d39d5-5fdb-7865-9a18-f35ef763d762', '019d1d0d-2a12-7d05-aa0d-3e757c90def6', '019d1be8-3681-73b5-bf13-078b7e3c9096', 'foil', 'EN'),
  ('019d1d0d-2a12-7d05-aa0d-3e757c90def6', '019d1d0d-2a12-7d05-aa0d-3e757c90def6', '019cfc3b-03d6-7514-9347-be4597ff1eee', 'normal', 'EN'),
  ('019d1d0d-2a12-7eea-8534-4738787b8ee3', '019d1d0d-2a12-7eea-8534-4738787b8ee3', '019cfc3b-03d6-752a-adc5-19033009d65d', 'normal', 'EN'),
  ('019d1d0d-2a12-7fca-b18d-20870e5070f6', '019d1d0d-2a12-7fca-b18d-20870e5070f6', '019cfc3b-03d6-753c-9ec3-7cf48219b1e8', 'normal', 'EN'),
  ('019d1d0d-2a13-7187-bb9a-3d240d181f63', '019d1d0d-2a13-7187-bb9a-3d240d181f63', '019cfc3b-03d6-754e-a4de-ca223b302965', 'normal', 'EN'),
  ('019d1d0d-2a13-725e-bf19-d750818f5e29', '019d1d0d-2a13-725e-bf19-d750818f5e29', '019cfc3b-03d6-755e-8d42-32464c0bf236', 'normal', 'EN'),
  ('019d1d0d-2a13-732c-b0f5-67b22f750e16', '019d1d0d-2a13-732c-b0f5-67b22f750e16', '019cfc3b-03d6-7570-ac57-ad240fe24183', 'normal', 'EN'),
  ('019d1d0d-2a13-73fa-a275-c4328e51fc99', '019d1d0d-2a13-73fa-a275-c4328e51fc99', '019cfc3b-03d6-7581-bf1d-f627860d73b0', 'normal', 'EN'),
  ('019d1d0d-2a13-74fa-885f-59cf33778864', '019d1d0d-2a13-74fa-885f-59cf33778864', '019cfc3b-03d6-7592-be7d-af8b5a85a818', 'normal', 'EN'),
  ('019d1d0d-2a13-7608-a7ea-8df61acf411f', '019d1d0d-2a13-7608-a7ea-8df61acf411f', '019cfc3b-03d6-75a3-90b8-c82d7afdc00a', 'normal', 'EN'),
  ('019d1d0d-2a13-76de-a67e-0806fa6f4239', '019d1d0d-2a13-76de-a67e-0806fa6f4239', '019cfc3b-03d6-75d8-a0f7-c6fd8a35c6f9', 'normal', 'EN'),
  ('019d1d0d-2a13-77ad-8d8a-9b52e88749c8', '019d1d0d-2a13-77ad-8d8a-9b52e88749c8', '019cfc3b-03d6-75ee-922c-1e736369b5d4', 'normal', 'EN'),
  ('019d1d0d-2a13-787a-b3cb-e673420bae1f', '019d1d0d-2a13-787a-b3cb-e673420bae1f', '019cfc3b-03d6-7600-9bd2-f43441e40ace', 'normal', 'EN'),
  ('019d1d0d-2a13-7948-9867-57ec1faaf50c', '019d1d0d-2a13-7948-9867-57ec1faaf50c', '019cfc3b-03d8-7309-9eae-0ba9ba5967f3', 'normal', 'EN'),
  ('019d1d0d-2a13-7a28-ae18-018b7cb0a03b', '019d1d0d-2a13-7a28-ae18-018b7cb0a03b', '019cfc3b-03d8-731c-8957-4f2dc4f8464f', 'normal', 'EN'),
  ('019d1d0d-2a13-7b09-a64e-99353acec162', '019d1d0d-2a13-7b09-a64e-99353acec162', '019cfc3b-03d8-732e-9d55-1e74ebff11dd', 'normal', 'EN'),
  ('019d1d0d-2a13-7be0-a676-a11bf15d0ffd', '019d1d0d-2a13-7be0-a676-a11bf15d0ffd', '019cfc3b-03d8-7340-8664-d8b5b646ef84', 'normal', 'EN'),
  ('019d1d0d-2a13-7ce6-9913-9c01116eaf2a', '019d1d0d-2a13-7ce6-9913-9c01116eaf2a', '019cfc3b-03d8-7350-b433-2aee587b1912', 'normal', 'EN'),
  ('019d1d0d-2a13-7e04-8b8c-a1095cd91add', '019d1d0d-2a13-7e04-8b8c-a1095cd91add', '019cfc3b-03d8-7361-9a9a-915783d54e1c', 'normal', 'EN'),
  ('019d1d0d-2a13-7edd-9611-9407c5b8fef1', '019d1d0d-2a13-7edd-9611-9407c5b8fef1', '019cfc3b-03d8-7371-9e2d-f3aa5ad324a9', 'normal', 'EN'),
  ('019d1d0d-29d4-72a7-8cd5-45831f58077c', '019d1d0d-29d4-72a7-8cd5-45831f58077c', '019cfc3b-03d2-75a9-b281-305c0ec46c9c', 'normal', 'EN'),
  ('019d1d0d-29d4-73b4-86d4-949fe378c4d9', '019d1d0d-29d4-73b4-86d4-949fe378c4d9', '019cfc3b-03d1-7eb9-b5d5-588deb7bd4a7', 'foil', 'EN'),
  ('019d20e7-024e-7678-aab8-a4f3d4131f97', '019d20e7-024e-7678-aab8-a4f3d4131f97', '019cfde8-86d5-734d-add4-3f4fc05c1173', 'foil', 'EN'),
  ('019d1d0d-2a67-7a7d-aa5f-010de2d9c98e', '019d1d0d-2a67-7a7d-aa5f-010de2d9c98e', '019cfded-5ed2-7f73-80a1-9cfea07679c8', 'normal', 'EN'),
  ('019d20e7-6444-7354-9cbd-183bd5d123c2', '019d20e7-6444-7354-9cbd-183bd5d123c2', '019cfdee-854c-7472-b74c-3a33a8485cea', 'foil', 'EN'),
  ('019d1d0d-2a68-727a-af66-1191170bf46e', '019d1d0d-2a68-727a-af66-1191170bf46e', '019cfdf0-6c9d-76f1-ab80-f96bc3670fb0', 'foil', 'EN'),
  ('019d1d0d-2a68-7374-9c22-12476c20a361', '019d1d0d-2a68-7374-9c22-12476c20a361', '019d17a1-2723-733a-a21e-4630e4370046', 'foil', 'EN'),
  ('019d1d0d-2a68-746b-b5d0-cfa838348e4a', '019d1d0d-2a68-746b-b5d0-cfa838348e4a', '019d1bf8-97d5-79ac-929e-286838af5508', 'foil', 'EN'),
  ('019d271d-3bc8-7dd0-ae1e-8a1580674560', '019d271d-3bc8-7dd0-ae1e-8a1580674560', '019d1c0b-64ab-7160-8bd6-36dfdffb1210', 'foil', 'EN'),
  ('019d271d-9f3d-7ce9-87f2-582b0e12d488', '019d271d-9f3d-7ce9-87f2-582b0e12d488', '019d1c0e-5395-709b-a44a-b9b9bc85907b', 'foil', 'EN'),
  ('019d271e-df84-79cb-8252-b6b4167e1b84', '019d271e-df84-79cb-8252-b6b4167e1b84', '019d1c11-4999-78e3-9980-2298b44d436d', 'foil', 'EN'),
  ('019d36dc-046c-7b55-8fe3-462863b2eaee', '019d36dc-046c-7b55-8fe3-462863b2eaee', '019d17a6-13f6-74f3-bcaa-6974580b57db', 'foil', 'EN'),
  ('019d409d-08e1-70e7-89b1-047ee4d16255', '019d409d-08e1-70e7-89b1-047ee4d16255', '019d1bee-0857-793a-b76b-50b6ead8ddbb', 'foil', 'EN'),
  ('019d409d-4b20-7525-ba78-33b069b9680c', '019d409d-4b20-7525-ba78-33b069b9680c', '019d17ac-724a-732c-b83a-23cd257a74e5', 'foil', 'EN'),
  ('019d409b-dd75-7be6-90ec-d14b3fbab031', '019d409b-dd75-7be6-90ec-d14b3fbab031', '019d1c00-e58f-73c9-a402-a822d45df1f9', 'foil', 'EN'),
  ('019d409c-4990-7567-9446-713149a13449', '019d409c-4990-7567-9446-713149a13449', '019d1bfd-da4c-73d9-b2c9-a6c628b23bdd', 'foil', 'EN'),
  ('019cfc3a-e6a8-714f-9498-bf3792f5d6db', '019cfc3a-e6a8-714f-9498-bf3792f5d6db', '019cfc3b-03d2-75a9-b281-305c0ec46c9c', 'normal', 'EN'),
  ('019cfc3a-e6a8-7159-b93e-18ee20e3a368', '019cfc3a-e6a8-7159-b93e-18ee20e3a368', '019cfc3b-03d1-7eb9-b5d5-588deb7bd4a7', 'foil', 'EN'),
  ('019cfc3a-e6a8-71f5-b5d9-80b0a04a1fd0', '019cfc3a-e6a8-71f5-b5d9-80b0a04a1fd0', '019cfc3b-03d6-74cf-adec-1dce41f631eb', 'normal', 'EN'),
  ('019cfc3a-e6a8-7257-8dab-d9ae87986048', '019cfc3a-e6a8-7257-8dab-d9ae87986048', '019cfc3b-03d5-768e-91cf-8ac59b20fb0e', 'normal', 'EN'),
  ('019cfc3a-e6a8-7265-b40f-501dff21daeb', '019cfc3a-e6a8-7265-b40f-501dff21daeb', '019cfc3b-03d6-74e0-bdbe-4aca898a0bbd', 'normal', 'EN'),
  ('019cfc3a-e6aa-709e-b5a2-845a1d93b36d', '019cfc3a-e6aa-709e-b5a2-845a1d93b36d', '019cfc3b-03d6-74f2-bcff-7bd89d0061f5', 'normal', 'EN'),
  ('019cfc3a-e6a8-726f-bc07-24be5ea16d8f', '019cfc3a-e6a8-726f-bc07-24be5ea16d8f', '019cfc3b-03d6-7502-b5c1-a9e422f91ac7', 'normal', 'EN'),
  ('019cfc3a-e6a8-727a-b219-b887318ae5b5', '019cfc3a-e6a8-727a-b219-b887318ae5b5', '019cfc3b-03d6-7514-9347-be4597ff1eee', 'normal', 'EN'),
  ('019cfc3a-e6a8-7285-b3e5-488a2dbdea7d', '019cfc3a-e6a8-7285-b3e5-488a2dbdea7d', '019cfc3b-03d6-752a-adc5-19033009d65d', 'normal', 'EN'),
  ('019cfc3a-e6aa-7071-b259-94bb4f849c3f', '019cfc3a-e6aa-7071-b259-94bb4f849c3f', '019cfc3b-03d6-753c-9ec3-7cf48219b1e8', 'normal', 'EN'),
  ('019cfc3a-e6ab-7ec3-8690-caded282a194', '019cfc3a-e6ab-7ec3-8690-caded282a194', '019cfc3b-03d6-754e-a4de-ca223b302965', 'normal', 'EN'),
  ('019cfc3a-e6a8-728f-ae7c-bac19061fe18', '019cfc3a-e6a8-728f-ae7c-bac19061fe18', '019cfc3b-03d6-755e-8d42-32464c0bf236', 'normal', 'EN'),
  ('019cfc3a-e6a8-7299-9f2d-55db1c8ef1bc', '019cfc3a-e6a8-7299-9f2d-55db1c8ef1bc', '019cfc3b-03d6-7570-ac57-ad240fe24183', 'normal', 'EN'),
  ('019cfc3a-e6a8-72a3-8da4-a235300c7c58', '019cfc3a-e6a8-72a3-8da4-a235300c7c58', '019cfc3b-03d6-7581-bf1d-f627860d73b0', 'normal', 'EN'),
  ('019cfc3a-e6a8-72ad-a3a3-f547137cc52d', '019cfc3a-e6a8-72ad-a3a3-f547137cc52d', '019cfc3b-03d6-7592-be7d-af8b5a85a818', 'normal', 'EN'),
  ('019cfc3a-e6a8-72cc-9c70-4f809d2600b6', '019cfc3a-e6a8-72cc-9c70-4f809d2600b6', '019cfc3b-03d6-75a3-90b8-c82d7afdc00a', 'normal', 'EN'),
  ('019cfc3a-e6a8-72d7-a5f0-2ab7097bce41', '019cfc3a-e6a8-72d7-a5f0-2ab7097bce41', '019cfc3b-03d6-75d8-a0f7-c6fd8a35c6f9', 'normal', 'EN'),
  ('019cfc3a-e6a8-72e2-94d6-3dc1299e526f', '019cfc3a-e6a8-72e2-94d6-3dc1299e526f', '019cfc3b-03d6-75ee-922c-1e736369b5d4', 'normal', 'EN'),
  ('019cfc3a-e6ab-7ed4-9f9c-52aadb63fbd5', '019cfc3a-e6ab-7ed4-9f9c-52aadb63fbd5', '019cfc3b-03d6-7600-9bd2-f43441e40ace', 'normal', 'EN'),
  ('019cfc3a-e6a8-72ec-a92b-a874aa5b09aa', '019cfc3a-e6a8-72ec-a92b-a874aa5b09aa', '019cfc3b-03d8-7309-9eae-0ba9ba5967f3', 'normal', 'EN'),
  ('019cfc3a-e6ab-7ee2-9376-a79c13377511', '019cfc3a-e6ab-7ee2-9376-a79c13377511', '019cfc3b-03d8-731c-8957-4f2dc4f8464f', 'normal', 'EN'),
  ('019cfc3a-e6a8-72f7-8be8-a360f69d985e', '019cfc3a-e6a8-72f7-8be8-a360f69d985e', '019cfc3b-03d8-732e-9d55-1e74ebff11dd', 'normal', 'EN'),
  ('019cfc3a-e6ab-7ef2-898a-7eccb5b0aa72', '019cfc3a-e6ab-7ef2-898a-7eccb5b0aa72', '019cfc3b-03d8-7340-8664-d8b5b646ef84', 'normal', 'EN'),
  ('019cfc3a-e6aa-7080-a814-eb7bec8d81cc', '019cfc3a-e6aa-7080-a814-eb7bec8d81cc', '019cfc3b-03d8-7350-b433-2aee587b1912', 'normal', 'EN'),
  ('019cfc3a-e6ab-7f00-a2f0-aedeb1604fd2', '019cfc3a-e6ab-7f00-a2f0-aedeb1604fd2', '019cfc3b-03d8-7361-9a9a-915783d54e1c', 'normal', 'EN'),
  ('019cfc3a-e6aa-708f-bb8b-9665f0c1c436', '019cfc3a-e6aa-708f-bb8b-9665f0c1c436', '019cfc3b-03d8-7371-9e2d-f3aa5ad324a9', 'normal', 'EN'),
  ('019d20e6-aa4c-70f9-908f-02f7610971ed', '019d20e6-aa4c-70f9-908f-02f7610971ed', '019cfde8-86d5-734d-add4-3f4fc05c1173', 'foil', 'EN'),
  ('019d1d01-13e8-7e85-b60c-96c589e3efa2', '019d1d01-13e8-7e85-b60c-96c589e3efa2', '019cfded-5ed2-7f73-80a1-9cfea07679c8', 'normal', 'EN'),
  ('019d20e6-639d-7de2-a3f4-345b222add3e', '019d20e6-639d-7de2-a3f4-345b222add3e', '019cfdee-854c-7472-b74c-3a33a8485cea', 'foil', 'EN'),
  ('019d271d-3bc8-715b-a631-c098461c9605', '019d271d-3bc8-715b-a631-c098461c9605', '019d1c0b-64ab-7160-8bd6-36dfdffb1210', 'foil', 'EN'),
  ('019d271d-71ad-74f6-a38d-54b605523b7a', '019d271d-71ad-74f6-a38d-54b605523b7a', '019d1c0e-5395-709b-a44a-b9b9bc85907b', 'foil', 'EN'),
  ('019d271d-d6ff-7448-820a-e599e9fda7be', '019d271d-d6ff-7448-820a-e599e9fda7be', '019d1c11-4999-78e3-9980-2298b44d436d', 'foil', 'EN'),
  ('019d1d01-9246-740b-839c-b88fd4ca9361', '019d1d01-9246-740b-839c-b88fd4ca9361', '019cfdf0-6c9d-76f1-ab80-f96bc3670fb0', 'foil', 'EN'),
  ('019d1bfd-b2ca-73a3-a04c-d048f205a2cf', '019d1bfd-b2ca-73a3-a04c-d048f205a2cf', '019d17a1-2723-733a-a21e-4630e4370046', 'foil', 'EN'),
  ('019d36db-b14b-73b7-a66a-d9de0f66dd33', '019d36db-b14b-73b7-a66a-d9de0f66dd33', '019d17a6-13f6-74f3-bcaa-6974580b57db', 'foil', 'EN'),
  ('019d39d5-3cb0-768f-b6ab-e207ec9d4b82', '019d39d5-3cb0-768f-b6ab-e207ec9d4b82', '019d1be8-3681-73b5-bf13-078b7e3c9096', 'foil', 'EN'),
  ('019d409c-d90e-71a9-af57-66e5972fcac1', '019d409c-d90e-71a9-af57-66e5972fcac1', '019d1bee-0857-793a-b76b-50b6ead8ddbb', 'foil', 'EN'),
  ('019d409d-71c9-72c1-852e-c4cd636fcaae', '019d409d-71c9-72c1-852e-c4cd636fcaae', '019d17ac-724a-732c-b83a-23cd257a74e5', 'foil', 'EN'),
  ('019d1bfe-e71d-79d0-af05-2c26f2bc5be7', '019d1bfe-e71d-79d0-af05-2c26f2bc5be7', '019d1bf8-97d5-79ac-929e-286838af5508', 'foil', 'EN'),
  ('019d409a-acc8-72be-bbea-7495802c2f6d', '019d409a-acc8-72be-bbea-7495802c2f6d', '019d1c00-e58f-73c9-a402-a822d45df1f9', 'foil', 'EN'),
  ('019d409c-1555-7f70-8f25-e86f84b0cd98', '019d409c-1555-7f70-8f25-e86f84b0cd98', '019d1bfd-da4c-73d9-b2c9-a6c628b23bdd', 'foil', 'EN');

INSERT INTO marketplace_snapshots (id, variant_id, recorded_at, market_cents, low_cents, mid_cents, high_cents, trend_cents, avg1_cents, avg7_cents, avg30_cents) VALUES
  ('019d47a0-99bb-7502-b558-88f07a841718', '019cfc3a-e6a8-714f-9498-bf3792f5d6db', '2026-03-31T20:00:35.000Z', 14, 5, 25, 3100, NULL, NULL, NULL, NULL),
  ('019d4cc6-f558-7c7f-a1a5-32ba0110a1a2', '019cfc3a-e6a8-714f-9498-bf3792f5d6db', '2026-04-01T20:00:20.000Z', 13, 5, 25, 3100, NULL, NULL, NULL, NULL),
  ('019d51ed-52d3-7b60-83bb-3bad95a0e83c', '019cfc3a-e6a8-714f-9498-bf3792f5d6db', '2026-04-02T20:00:17.000Z', 12, 5, 25, 3100, NULL, NULL, NULL, NULL),
  ('019d5713-ad43-76c3-bf30-826f1784dea4', '019cfc3a-e6a8-714f-9498-bf3792f5d6db', '2026-04-03T20:00:18.000Z', 12, 5, 25, 3100, NULL, NULL, NULL, NULL),
  ('019d7773-ba09-7f0f-99e8-c3f758239fa3', '019cfc3a-e6a8-714f-9498-bf3792f5d6db', '2026-04-09T20:00:20.000Z', 14, 1, 25, 3100, NULL, NULL, NULL, NULL),
  ('019d47a0-99bb-760d-9f67-687224aa1adc', '019cfc3a-e6a8-7159-b93e-18ee20e3a368', '2026-03-31T20:00:35.000Z', 955, 788, 1350, 9990, NULL, NULL, NULL, NULL),
  ('019d4cc6-f558-7f1c-9cdc-5155e71be0ad', '019cfc3a-e6a8-7159-b93e-18ee20e3a368', '2026-04-01T20:00:20.000Z', 955, 788, 1336, 9990, NULL, NULL, NULL, NULL),
  ('019d51ed-52d3-7cd4-8d81-144887e327c5', '019cfc3a-e6a8-7159-b93e-18ee20e3a368', '2026-04-02T20:00:17.000Z', 965, 788, 1325, 9990, NULL, NULL, NULL, NULL),
  ('019d5713-ad43-785c-8747-ed64e5f83fad', '019cfc3a-e6a8-7159-b93e-18ee20e3a368', '2026-04-03T20:00:18.000Z', 1004, 816, 1299, 9990, NULL, NULL, NULL, NULL),
  ('019d7773-ba09-7f79-b422-b94410284228', '019cfc3a-e6a8-7159-b93e-18ee20e3a368', '2026-04-09T20:00:20.000Z', 973, 855, 1198, 9990, NULL, NULL, NULL, NULL),
  ('019d47a0-9a6d-7445-b01b-99cf2a398826', '019cfc3a-e6a8-71f5-b5d9-80b0a04a1fd0', '2026-03-31T20:00:33.000Z', 381, 299, 400, 2999, NULL, NULL, NULL, NULL),
  ('019d4cc6-f60b-783e-8f15-67fce2775157', '019cfc3a-e6a8-71f5-b5d9-80b0a04a1fd0', '2026-04-01T20:00:18.000Z', 381, 250, 400, 1000, NULL, NULL, NULL, NULL),
  ('019d51ed-5367-725b-8148-8b49523d36f7', '019cfc3a-e6a8-71f5-b5d9-80b0a04a1fd0', '2026-04-02T20:00:14.000Z', 383, 299, 401, 1000, NULL, NULL, NULL, NULL),
  ('019d5713-adf5-7efa-9d47-b488ff26a18e', '019cfc3a-e6a8-71f5-b5d9-80b0a04a1fd0', '2026-04-03T20:00:15.000Z', 390, 299, 390, 1000, NULL, NULL, NULL, NULL),
  ('019d7773-ba40-7e8e-83c5-ef001e6438a3', '019cfc3a-e6a8-71f5-b5d9-80b0a04a1fd0', '2026-04-09T20:00:18.000Z', 349, 133, 380, 1000, NULL, NULL, NULL, NULL),
  ('019d47a0-9a6d-75a1-9b6a-156b6ac04b69', '019cfc3a-e6a8-7257-8dab-d9ae87986048', '2026-03-31T20:00:33.000Z', 49, 25, 55, 375, NULL, NULL, NULL, NULL),
  ('019d4cc6-f60b-79e0-8169-151baa814413', '019cfc3a-e6a8-7257-8dab-d9ae87986048', '2026-04-01T20:00:18.000Z', 53, 25, 55, 375, NULL, NULL, NULL, NULL),
  ('019d51ed-5367-732a-8c27-7d568a46c4f6', '019cfc3a-e6a8-7257-8dab-d9ae87986048', '2026-04-02T20:00:14.000Z', 53, 25, 58, 400, NULL, NULL, NULL, NULL),
  ('019d5713-adf6-7023-98b3-7111a01c7533', '019cfc3a-e6a8-7257-8dab-d9ae87986048', '2026-04-03T20:00:15.000Z', 52, 25, 58, 400, NULL, NULL, NULL, NULL),
  ('019d7773-ba40-7f43-aa11-15bdfe1fff6a', '019cfc3a-e6a8-7257-8dab-d9ae87986048', '2026-04-09T20:00:18.000Z', 54, 35, 57, 400, NULL, NULL, NULL, NULL),
  ('019d47a0-9a6d-7758-8886-70e4406146b4', '019cfc3a-e6a8-7265-b40f-501dff21daeb', '2026-03-31T20:00:33.000Z', 196, 100, 193, 375, NULL, NULL, NULL, NULL),
  ('019d4cc6-f60b-7b45-90e2-1a3e991bb6c4', '019cfc3a-e6a8-7265-b40f-501dff21daeb', '2026-04-01T20:00:18.000Z', 199, 100, 189, 375, NULL, NULL, NULL, NULL),
  ('019d51ed-5367-7412-95d7-a4c274c78bde', '019cfc3a-e6a8-7265-b40f-501dff21daeb', '2026-04-02T20:00:14.000Z', 196, 100, 199, 375, NULL, NULL, NULL, NULL),
  ('019d5713-adf6-7168-a901-d03de7d7515b', '019cfc3a-e6a8-7265-b40f-501dff21daeb', '2026-04-03T20:00:15.000Z', 194, 100, 199, 375, NULL, NULL, NULL, NULL),
  ('019d7773-ba40-7fee-9203-a8cd607de237', '019cfc3a-e6a8-7265-b40f-501dff21daeb', '2026-04-09T20:00:18.000Z', 183, 99, 189, 375, NULL, NULL, NULL, NULL),
  ('019d47a0-9a6d-7a90-ae67-56de21b1b2be', '019cfc3a-e6a8-726f-bc07-24be5ea16d8f', '2026-03-31T20:00:33.000Z', 32, 15, 40, 340, NULL, NULL, NULL, NULL),
  ('019d4cc6-f60b-7dd2-b98d-0576ea7cfadf', '019cfc3a-e6a8-726f-bc07-24be5ea16d8f', '2026-04-01T20:00:18.000Z', 36, 15, 41, 340, NULL, NULL, NULL, NULL),
  ('019d51ed-5367-75ad-8181-afb63c7efbdf', '019cfc3a-e6a8-726f-bc07-24be5ea16d8f', '2026-04-02T20:00:14.000Z', 36, 15, 42, 340, NULL, NULL, NULL, NULL),
  ('019d5713-adf6-73a0-8c1d-3a4c01611812', '019cfc3a-e6a8-726f-bc07-24be5ea16d8f', '2026-04-03T20:00:15.000Z', 36, 20, 42, 340, NULL, NULL, NULL, NULL),
  ('019d7773-ba41-71e7-a3d5-2089a54cc8ec', '019cfc3a-e6a8-726f-bc07-24be5ea16d8f', '2026-04-09T20:00:18.000Z', 36, 20, 40, 340, NULL, NULL, NULL, NULL),
  ('019d47a0-9a6d-7bbb-a0b4-fd49b9b75192', '019cfc3a-e6a8-727a-b219-b887318ae5b5', '2026-03-31T20:00:33.000Z', 171, 138, 200, 500, NULL, NULL, NULL, NULL),
  ('019d4cc6-f60b-7f4c-963b-81790b9c0fdf', '019cfc3a-e6a8-727a-b219-b887318ae5b5', '2026-04-01T20:00:18.000Z', 159, 138, 200, 500, NULL, NULL, NULL, NULL),
  ('019d51ed-5367-7695-8f38-04a54af6a507', '019cfc3a-e6a8-727a-b219-b887318ae5b5', '2026-04-02T20:00:14.000Z', 165, 138, 200, 500, NULL, NULL, NULL, NULL),
  ('019d5713-adf6-7501-889e-a94f002595a4', '019cfc3a-e6a8-727a-b219-b887318ae5b5', '2026-04-03T20:00:15.000Z', 166, 138, 200, 500, NULL, NULL, NULL, NULL),
  ('019d7773-ba41-7222-822c-f47aaee7351c', '019cfc3a-e6a8-727a-b219-b887318ae5b5', '2026-04-09T20:00:18.000Z', 164, 147, 199, 500, NULL, NULL, NULL, NULL),
  ('019d47a0-9a6d-7cd9-a403-9536a98ae66f', '019cfc3a-e6a8-7285-b3e5-488a2dbdea7d', '2026-03-31T20:00:33.000Z', 135, 99, 154, 524, NULL, NULL, NULL, NULL),
  ('019d4cc6-f60c-70ba-8af5-0b837617a685', '019cfc3a-e6a8-7285-b3e5-488a2dbdea7d', '2026-04-01T20:00:18.000Z', 134, 99, 154, 524, NULL, NULL, NULL, NULL),
  ('019d51ed-5367-77a2-916e-15ab03e2b329', '019cfc3a-e6a8-7285-b3e5-488a2dbdea7d', '2026-04-02T20:00:14.000Z', 136, 99, 155, 524, NULL, NULL, NULL, NULL),
  ('019d5713-adf6-768f-8a40-24329ffcd185', '019cfc3a-e6a8-7285-b3e5-488a2dbdea7d', '2026-04-03T20:00:15.000Z', 135, 98, 153, 524, NULL, NULL, NULL, NULL),
  ('019d7773-ba41-72c6-a8d2-5a7c1b7504ae', '019cfc3a-e6a8-7285-b3e5-488a2dbdea7d', '2026-04-09T20:00:18.000Z', 136, 70, 150, 524, NULL, NULL, NULL, NULL),
  ('019d47a0-9a6e-71aa-b06b-583b41a08d2e', '019cfc3a-e6a8-728f-ae7c-bac19061fe18', '2026-03-31T20:00:33.000Z', 714, 599, 845, 1095, NULL, NULL, NULL, NULL),
  ('019d4cc6-f60c-7600-bc3f-5dd78eadc131', '019cfc3a-e6a8-728f-ae7c-bac19061fe18', '2026-04-01T20:00:18.000Z', 711, 599, 822, 1095, NULL, NULL, NULL, NULL),
  ('019d51ed-5367-7b29-a614-70ad32a441cf', '019cfc3a-e6a8-728f-ae7c-bac19061fe18', '2026-04-02T20:00:14.000Z', 721, 599, 829, 1400, NULL, NULL, NULL, NULL),
  ('019d5713-adf6-7af7-9f0f-905244e88fe1', '019cfc3a-e6a8-728f-ae7c-bac19061fe18', '2026-04-03T20:00:15.000Z', 722, 599, 799, 1400, NULL, NULL, NULL, NULL),
  ('019d7773-ba41-7446-b16f-95a3248f439d', '019cfc3a-e6a8-728f-ae7c-bac19061fe18', '2026-04-09T20:00:18.000Z', 702, 500, 700, 1400, NULL, NULL, NULL, NULL),
  ('019d47a0-9a6e-730e-8b15-6437fc395452', '019cfc3a-e6a8-7299-9f2d-55db1c8ef1bc', '2026-03-31T20:00:33.000Z', 4268, 2469, 5700, 9999, NULL, NULL, NULL, NULL),
  ('019d4cc6-f60c-778f-8062-fb507c6c53c3', '019cfc3a-e6a8-7299-9f2d-55db1c8ef1bc', '2026-04-01T20:00:18.000Z', 2969, 3599, 5700, 9500, NULL, NULL, NULL, NULL),
  ('019d51ed-5367-7c10-a5cd-98039ef646a4', '019cfc3a-e6a8-7299-9f2d-55db1c8ef1bc', '2026-04-02T20:00:14.000Z', 3062, 2849, 5000, 9500, NULL, NULL, NULL, NULL),
  ('019d5713-adf6-7c41-874d-15498ee5b70b', '019cfc3a-e6a8-7299-9f2d-55db1c8ef1bc', '2026-04-03T20:00:15.000Z', 3329, 2879, 5496, 9500, NULL, NULL, NULL, NULL),
  ('019d7773-ba41-74e3-8f28-e096e1e90816', '019cfc3a-e6a8-7299-9f2d-55db1c8ef1bc', '2026-04-09T20:00:18.000Z', 3239, 2876, 3910, 9500, NULL, NULL, NULL, NULL),
  ('019d47a0-9a6e-745d-b8ae-0bd5e6e3b787', '019cfc3a-e6a8-72a3-8da4-a235300c7c58', '2026-03-31T20:00:33.000Z', 473, 368, 500, 1887, NULL, NULL, NULL, NULL),
  ('019d4cc6-f60c-798d-9e06-92356b4e4bce', '019cfc3a-e6a8-72a3-8da4-a235300c7c58', '2026-04-01T20:00:18.000Z', 468, 368, 500, 1887, NULL, NULL, NULL, NULL),
  ('019d51ed-5367-7cf7-bcc8-75ea77578551', '019cfc3a-e6a8-72a3-8da4-a235300c7c58', '2026-04-02T20:00:14.000Z', 458, 368, 500, 1887, NULL, NULL, NULL, NULL),
  ('019d5713-adf6-7d96-b05a-5245fb607798', '019cfc3a-e6a8-72a3-8da4-a235300c7c58', '2026-04-03T20:00:15.000Z', 457, 367, 499, 1887, NULL, NULL, NULL, NULL),
  ('019d7773-ba41-751e-9532-f90e157886b5', '019cfc3a-e6a8-72a3-8da4-a235300c7c58', '2026-04-09T20:00:18.000Z', 398, 300, 499, 1887, NULL, NULL, NULL, NULL),
  ('019d47a0-9a6e-75c9-8a7f-699aa75a4f3b', '019cfc3a-e6a8-72ad-a3a3-f547137cc52d', '2026-03-31T20:00:33.000Z', 266, 209, 252, 585, NULL, NULL, NULL, NULL),
  ('019d4cc6-f60c-7b85-8904-943079928a35', '019cfc3a-e6a8-72ad-a3a3-f547137cc52d', '2026-04-01T20:00:18.000Z', 265, 209, 252, 585, NULL, NULL, NULL, NULL),
  ('019d51ed-5367-7ddb-934b-250accff5f0f', '019cfc3a-e6a8-72ad-a3a3-f547137cc52d', '2026-04-02T20:00:14.000Z', 264, 209, 257, 585, NULL, NULL, NULL, NULL),
  ('019d5713-adf6-7edd-bc3a-15c37fbc0585', '019cfc3a-e6a8-72ad-a3a3-f547137cc52d', '2026-04-03T20:00:15.000Z', 267, 208, 256, 585, NULL, NULL, NULL, NULL),
  ('019d7773-ba41-75c7-97ac-f8da860b7dbe', '019cfc3a-e6a8-72ad-a3a3-f547137cc52d', '2026-04-09T20:00:18.000Z', 248, 200, 250, 585, NULL, NULL, NULL, NULL),
  ('019d47a0-9a6e-774e-888d-a2660878c15c', '019cfc3a-e6a8-72cc-9c70-4f809d2600b6', '2026-03-31T20:00:33.000Z', 1226, 1150, 1306, 99900, NULL, NULL, NULL, NULL),
  ('019d4cc6-f60c-7d30-b4d2-eb60a42d0713', '019cfc3a-e6a8-72cc-9c70-4f809d2600b6', '2026-04-01T20:00:18.000Z', 1231, 1124, 1300, 99900, NULL, NULL, NULL, NULL),
  ('019d51ed-5367-7ea1-82e3-92d3772eb4e3', '019cfc3a-e6a8-72cc-9c70-4f809d2600b6', '2026-04-02T20:00:14.000Z', 1233, 1069, 1240, 99900, NULL, NULL, NULL, NULL),
  ('019d5713-adf7-700b-8666-38ad6d7a7854', '019cfc3a-e6a8-72cc-9c70-4f809d2600b6', '2026-04-03T20:00:15.000Z', 1229, 1069, 1233, 99900, NULL, NULL, NULL, NULL),
  ('019d7773-ba41-7660-a176-8baca081a23f', '019cfc3a-e6a8-72cc-9c70-4f809d2600b6', '2026-04-09T20:00:18.000Z', 921, 899, 1150, 99900, NULL, NULL, NULL, NULL),
  ('019d47a0-9a6e-78c3-9b01-e7811ad79ef4', '019cfc3a-e6a8-72d7-a5f0-2ab7097bce41', '2026-03-31T20:00:33.000Z', 473, 392, 502, 1298, NULL, NULL, NULL, NULL),
  ('019d4cc6-f60c-7ea5-8f88-a3b3974abca7', '019cfc3a-e6a8-72d7-a5f0-2ab7097bce41', '2026-04-01T20:00:18.000Z', 473, 392, 500, 1298, NULL, NULL, NULL, NULL),
  ('019d51ed-5367-7f6f-b4d5-d6f19c41ea77', '019cfc3a-e6a8-72d7-a5f0-2ab7097bce41', '2026-04-02T20:00:14.000Z', 471, 392, 499, 1298, NULL, NULL, NULL, NULL),
  ('019d5713-adf7-713a-9470-13f2c22d7dcf', '019cfc3a-e6a8-72d7-a5f0-2ab7097bce41', '2026-04-03T20:00:15.000Z', 471, 391, 497, 1298, NULL, NULL, NULL, NULL),
  ('019d7773-ba41-7698-bfce-c3811e5b480a', '019cfc3a-e6a8-72d7-a5f0-2ab7097bce41', '2026-04-09T20:00:18.000Z', 451, 369, 499, 1298, NULL, NULL, NULL, NULL),
  ('019d47a0-9a6e-7ad4-92e8-84e49048c0b8', '019cfc3a-e6a8-72e2-94d6-3dc1299e526f', '2026-03-31T20:00:33.000Z', 30, 22, 35, 224, NULL, NULL, NULL, NULL),
  ('019d4cc6-f60c-7ff0-94f6-a5c22ef3e53c', '019cfc3a-e6a8-72e2-94d6-3dc1299e526f', '2026-04-01T20:00:18.000Z', 31, 22, 35, 224, NULL, NULL, NULL, NULL),
  ('019d51ed-5368-704d-b3b7-2002cb796462', '019cfc3a-e6a8-72e2-94d6-3dc1299e526f', '2026-04-02T20:00:14.000Z', 31, 25, 35, 224, NULL, NULL, NULL, NULL),
  ('019d5713-adf7-72ac-92ec-23261ed75872', '019cfc3a-e6a8-72e2-94d6-3dc1299e526f', '2026-04-03T20:00:15.000Z', 31, 22, 35, 224, NULL, NULL, NULL, NULL),
  ('019d7773-ba41-7731-8904-2e62ccfa6bf6', '019cfc3a-e6a8-72e2-94d6-3dc1299e526f', '2026-04-09T20:00:18.000Z', 31, 24, 35, 224, NULL, NULL, NULL, NULL),
  ('019d47a0-9a6e-7d1f-8fdc-74fd2916adde', '019cfc3a-e6a8-72ec-a92b-a874aa5b09aa', '2026-03-31T20:00:33.000Z', 182, 139, 269, 99900, NULL, NULL, NULL, NULL),
  ('019d4cc6-f60d-72cc-85d7-100e246996d3', '019cfc3a-e6a8-72ec-a92b-a874aa5b09aa', '2026-04-01T20:00:18.000Z', 177, 121, 216, 99900, NULL, NULL, NULL, NULL),
  ('019d51ed-5368-7403-a7e2-e5b35ae173b6', '019cfc3a-e6a8-72ec-a92b-a874aa5b09aa', '2026-04-02T20:00:14.000Z', 175, 139, 277, 99900, NULL, NULL, NULL, NULL),
  ('019d5713-adf7-751c-ae89-2aa48bdb41df', '019cfc3a-e6a8-72ec-a92b-a874aa5b09aa', '2026-04-03T20:00:15.000Z', 175, 139, 272, 99900, NULL, NULL, NULL, NULL),
  ('019d7773-ba41-78ba-9948-95de2191f583', '019cfc3a-e6a8-72ec-a92b-a874aa5b09aa', '2026-04-09T20:00:18.000Z', 185, 100, 210, 99900, NULL, NULL, NULL, NULL),
  ('019d47a0-9a6e-7f8c-8ded-1427d64d65d2', '019cfc3a-e6a8-72f7-8be8-a360f69d985e', '2026-03-31T20:00:33.000Z', 140, 97, 143, 750, NULL, NULL, NULL, NULL),
  ('019d4cc6-f60d-7627-9612-efca60ecfc80', '019cfc3a-e6a8-72f7-8be8-a360f69d985e', '2026-04-01T20:00:18.000Z', 142, 97, 146, 750, NULL, NULL, NULL, NULL),
  ('019d51ed-5368-760a-8f6f-f014c5549704', '019cfc3a-e6a8-72f7-8be8-a360f69d985e', '2026-04-02T20:00:14.000Z', 142, 97, 149, 750, NULL, NULL, NULL, NULL),
  ('019d5713-adf7-77da-82fd-2e8df02496a2', '019cfc3a-e6a8-72f7-8be8-a360f69d985e', '2026-04-03T20:00:15.000Z', 142, 97, 143, 750, NULL, NULL, NULL, NULL),
  ('019d7773-ba41-7a0c-8e4f-97c2c76c45ca', '019cfc3a-e6a8-72f7-8be8-a360f69d985e', '2026-04-09T20:00:18.000Z', 151, 97, 154, 750, NULL, NULL, NULL, NULL),
  ('019d47a0-9a6d-7de1-86a7-132982bd8a68', '019cfc3a-e6aa-7071-b259-94bb4f849c3f', '2026-03-31T20:00:33.000Z', 61, 35, 63, 99900, NULL, NULL, NULL, NULL),
  ('019d4cc6-f60c-722d-b020-4e801060b62d', '019cfc3a-e6aa-7071-b259-94bb4f849c3f', '2026-04-01T20:00:18.000Z', 61, 35, 63, 99900, NULL, NULL, NULL, NULL),
  ('019d51ed-5367-7896-83f7-b5d0acc97d65', '019cfc3a-e6aa-7071-b259-94bb4f849c3f', '2026-04-02T20:00:14.000Z', 61, 35, 63, 99900, NULL, NULL, NULL, NULL),
  ('019d5713-adf6-77d0-b515-28e1f5378ca0', '019cfc3a-e6aa-7071-b259-94bb4f849c3f', '2026-04-03T20:00:15.000Z', 61, 35, 62, 99900, NULL, NULL, NULL, NULL),
  ('019d7773-ba41-7368-a58e-d50cac724116', '019cfc3a-e6aa-7071-b259-94bb4f849c3f', '2026-04-09T20:00:18.000Z', 61, 35, 62, 99900, NULL, NULL, NULL, NULL),
  ('019d47a0-9a6f-728d-a73e-71d9db7d1ab4', '019cfc3a-e6aa-7080-a814-eb7bec8d81cc', '2026-03-31T20:00:33.000Z', 288, 249, 328, 99900, NULL, NULL, NULL, NULL),
  ('019d4cc6-f60d-7a26-89dc-9dd1c8ff5a62', '019cfc3a-e6aa-7080-a814-eb7bec8d81cc', '2026-04-01T20:00:18.000Z', 284, 249, 328, 99900, NULL, NULL, NULL, NULL),
  ('019d51ed-5368-798e-812f-126936e6d5e1', '019cfc3a-e6aa-7080-a814-eb7bec8d81cc', '2026-04-02T20:00:14.000Z', 284, 249, 325, 99900, NULL, NULL, NULL, NULL),
  ('019d5713-adf7-7b17-ad67-53e7a1b47cea', '019cfc3a-e6aa-7080-a814-eb7bec8d81cc', '2026-04-03T20:00:15.000Z', 286, 249, 320, 99900, NULL, NULL, NULL, NULL),
  ('019d7773-ba41-7ae1-92a9-24db8d407b62', '019cfc3a-e6aa-7080-a814-eb7bec8d81cc', '2026-04-09T20:00:18.000Z', 296, 249, 316, 99900, NULL, NULL, NULL, NULL),
  ('019d47a0-9a6f-74be-a85d-79a56fe115a1', '019cfc3a-e6aa-708f-bb8b-9665f0c1c436', '2026-03-31T20:00:33.000Z', 102, 68, 100, 99900, NULL, NULL, NULL, NULL),
  ('019d4cc6-f60d-7d45-91cf-31d913c7819d', '019cfc3a-e6aa-708f-bb8b-9665f0c1c436', '2026-04-01T20:00:18.000Z', 102, 68, 100, 99900, NULL, NULL, NULL, NULL),
  ('019d51ed-5368-7b04-aded-866ce4dabcef', '019cfc3a-e6aa-708f-bb8b-9665f0c1c436', '2026-04-02T20:00:14.000Z', 103, 68, 101, 99900, NULL, NULL, NULL, NULL),
  ('019d5713-adf7-7d2e-b0f8-87b6a74d5f6d', '019cfc3a-e6aa-708f-bb8b-9665f0c1c436', '2026-04-03T20:00:15.000Z', 102, 68, 101, 99900, NULL, NULL, NULL, NULL),
  ('019d7773-ba41-7bd9-ba90-1d61a1064a62', '019cfc3a-e6aa-708f-bb8b-9665f0c1c436', '2026-04-09T20:00:18.000Z', 104, 50, 100, 99900, NULL, NULL, NULL, NULL),
  ('019d47a0-9a6d-7989-ae3d-d70ebafeb225', '019cfc3a-e6aa-709e-b5a2-845a1d93b36d', '2026-03-31T20:00:33.000Z', 170, 149, 207, 449, NULL, NULL, NULL, NULL),
  ('019d4cc6-f60b-7ca9-8834-2a201c543551', '019cfc3a-e6aa-709e-b5a2-845a1d93b36d', '2026-04-01T20:00:18.000Z', 170, 149, 204, 449, NULL, NULL, NULL, NULL),
  ('019d51ed-5367-74e3-8828-38b53dcf6166', '019cfc3a-e6aa-709e-b5a2-845a1d93b36d', '2026-04-02T20:00:14.000Z', 170, 149, 209, 449, NULL, NULL, NULL, NULL),
  ('019d5713-adf6-7298-93e9-9cdbca9be7e6', '019cfc3a-e6aa-709e-b5a2-845a1d93b36d', '2026-04-03T20:00:15.000Z', 169, 148, 207, 449, NULL, NULL, NULL, NULL),
  ('019d7773-ba41-7165-80a4-37c1b68afb55', '019cfc3a-e6aa-709e-b5a2-845a1d93b36d', '2026-04-09T20:00:18.000Z', 177, 125, 197, 449, NULL, NULL, NULL, NULL),
  ('019d47a0-9a6e-7041-97e0-da5d48b8a6b5', '019cfc3a-e6ab-7ec3-8690-caded282a194', '2026-03-31T20:00:33.000Z', 399, 300, 499, 99900, NULL, NULL, NULL, NULL),
  ('019d4cc6-f60c-73c5-bc7a-a38105ef1afa', '019cfc3a-e6ab-7ec3-8690-caded282a194', '2026-04-01T20:00:18.000Z', 396, 300, 499, 99900, NULL, NULL, NULL, NULL),
  ('019d51ed-5367-7a5f-9cd0-91cee091254b', '019cfc3a-e6ab-7ec3-8690-caded282a194', '2026-04-02T20:00:14.000Z', 393, 300, 499, 99900, NULL, NULL, NULL, NULL),
  ('019d5713-adf6-79cf-9228-a55f8ecdf370', '019cfc3a-e6ab-7ec3-8690-caded282a194', '2026-04-03T20:00:15.000Z', 394, 324, 499, 99900, NULL, NULL, NULL, NULL),
  ('019d7773-ba41-7407-bedd-8e5c4a79ea69', '019cfc3a-e6ab-7ec3-8690-caded282a194', '2026-04-09T20:00:18.000Z', 390, 295, 490, 99900, NULL, NULL, NULL, NULL),
  ('019d47a0-9a6e-7be9-807f-0dbb419e1414', '019cfc3a-e6ab-7ed4-9f9c-52aadb63fbd5', '2026-03-31T20:00:33.000Z', 1728, 1655, 2048, 7000, NULL, NULL, NULL, NULL),
  ('019d4cc6-f60d-7165-8d95-cb1a3ca0a8ef', '019cfc3a-e6ab-7ed4-9f9c-52aadb63fbd5', '2026-04-01T20:00:18.000Z', 1721, 1600, 2029, 7000, NULL, NULL, NULL, NULL),
  ('019d51ed-5368-7126-9fdb-822d433b5e9e', '019cfc3a-e6ab-7ed4-9f9c-52aadb63fbd5', '2026-04-02T20:00:14.000Z', 1723, 1650, 1944, 7000, NULL, NULL, NULL, NULL),
  ('019d5713-adf7-73ec-9a2c-2ace814f67c3', '019cfc3a-e6ab-7ed4-9f9c-52aadb63fbd5', '2026-04-03T20:00:15.000Z', 1732, 1650, 1906, 7000, NULL, NULL, NULL, NULL),
  ('019d7773-ba41-77f6-a0ac-8e453165a3af', '019cfc3a-e6ab-7ed4-9f9c-52aadb63fbd5', '2026-04-09T20:00:18.000Z', 1728, 1499, 1843, 7000, NULL, NULL, NULL, NULL),
  ('019d47a0-9a6e-7e4c-9e97-039e954b98ba', '019cfc3a-e6ab-7ee2-9376-a79c13377511', '2026-03-31T20:00:33.000Z', 1409, 1351, 1599, 2999, NULL, NULL, NULL, NULL),
  ('019d4cc6-f60d-744f-8c48-3ee51de9f003', '019cfc3a-e6ab-7ee2-9376-a79c13377511', '2026-04-01T20:00:18.000Z', 1419, 1351, 1599, 2999, NULL, NULL, NULL, NULL),
  ('019d51ed-5368-7541-a333-73d92e585405', '019cfc3a-e6ab-7ee2-9376-a79c13377511', '2026-04-02T20:00:14.000Z', 1418, 1351, 1599, 2999, NULL, NULL, NULL, NULL),
  ('019d5713-adf7-76c9-a83d-b424ba8d7292', '019cfc3a-e6ab-7ee2-9376-a79c13377511', '2026-04-03T20:00:15.000Z', 1430, 1351, 1631, 2999, NULL, NULL, NULL, NULL),
  ('019d7773-ba41-7954-b6d9-f9a5d0bd8419', '019cfc3a-e6ab-7ee2-9376-a79c13377511', '2026-04-09T20:00:18.000Z', 1487, 1295, 1613, 2999, NULL, NULL, NULL, NULL),
  ('019d47a0-9a6f-70dd-8a5d-b1b97ea8fc11', '019cfc3a-e6ab-7ef2-898a-7eccb5b0aa72', '2026-03-31T20:00:33.000Z', 2287, 2249, 2425, 3200, NULL, NULL, NULL, NULL),
  ('019d4cc6-f60d-77c2-a7aa-97aa050da278', '019cfc3a-e6ab-7ef2-898a-7eccb5b0aa72', '2026-04-01T20:00:18.000Z', 2338, 2249, 2400, 3200, NULL, NULL, NULL, NULL),
  ('019d51ed-5368-7815-aecb-3e670d9f4fe2', '019cfc3a-e6ab-7ef2-898a-7eccb5b0aa72', '2026-04-02T20:00:14.000Z', 2348, 2249, 2400, 3200, NULL, NULL, NULL, NULL),
  ('019d5713-adf7-79be-bc2a-07d168e92992', '019cfc3a-e6ab-7ef2-898a-7eccb5b0aa72', '2026-04-03T20:00:15.000Z', 2348, 2249, 2400, 3200, NULL, NULL, NULL, NULL),
  ('019d7773-ba41-7a49-8264-ec53fca4b157', '019cfc3a-e6ab-7ef2-898a-7eccb5b0aa72', '2026-04-09T20:00:18.000Z', 2259, 2000, 2318, 3200, NULL, NULL, NULL, NULL),
  ('019d47a0-9a6f-73b1-98ef-9d4541c41def', '019cfc3a-e6ab-7f00-a2f0-aedeb1604fd2', '2026-03-31T20:00:33.000Z', 206, 149, 248, 450, NULL, NULL, NULL, NULL),
  ('019d4cc6-f60d-7bd8-a500-c9e43a3e971b', '019cfc3a-e6ab-7f00-a2f0-aedeb1604fd2', '2026-04-01T20:00:18.000Z', 197, 149, 225, 450, NULL, NULL, NULL, NULL),
  ('019d51ed-5368-7a62-b2b3-3f0314db1b30', '019cfc3a-e6ab-7f00-a2f0-aedeb1604fd2', '2026-04-02T20:00:14.000Z', 199, 149, 225, 450, NULL, NULL, NULL, NULL),
  ('019d5713-adf7-7c3a-b416-051e3040ae2a', '019cfc3a-e6ab-7f00-a2f0-aedeb1604fd2', '2026-04-03T20:00:15.000Z', 199, 149, 201, 450, NULL, NULL, NULL, NULL),
  ('019d7773-ba41-7b9b-a17b-80b160e94d8a', '019cfc3a-e6ab-7f00-a2f0-aedeb1604fd2', '2026-04-09T20:00:18.000Z', 206, 149, 216, 450, NULL, NULL, NULL, NULL),
  ('019d616e-22e7-7ff1-b504-18fcbc92104c', '019cfc3a-e6ac-71d6-abb7-1001032d517e', '2026-04-06T00:44:51.000Z', 13, 2, NULL, NULL, 12, 6, 15, 13),
  ('019d6694-7cde-75cd-83a3-0bda0778a9ce', '019cfc3a-e6ac-71d6-abb7-1001032d517e', '2026-04-07T00:43:47.000Z', 13, 2, NULL, NULL, 11, 11, 14, 13),
  ('019d6bba-d8b8-7ce9-b2d0-037ccc1f4bb2', '019cfc3a-e6ac-71d6-abb7-1001032d517e', '2026-04-08T00:45:43.000Z', 13, 2, NULL, NULL, 10, 7, 13, 13),
  ('019d70e1-34f4-7d3f-adbb-eba32b97ccef', '019cfc3a-e6ac-71d6-abb7-1001032d517e', '2026-04-09T00:48:09.000Z', 13, 2, NULL, NULL, 11, 15, 13, 13),
  ('019d7776-ef12-7962-ac36-00d356108d6a', '019cfc3a-e6ac-71d6-abb7-1001032d517e', '2026-04-10T00:49:35.000Z', 13, 2, NULL, NULL, 11, 15, 13, 13),
  ('019d616e-2357-74aa-b7e5-82b4c7797bea', '019cfc3a-e6ae-7417-a3cc-375b29f33e47', '2026-04-06T00:44:51.000Z', 121, 40, NULL, NULL, 149, 196, 145, 130),
  ('019d6694-7d7f-7480-9574-41bc37029556', '019cfc3a-e6ae-7417-a3cc-375b29f33e47', '2026-04-07T00:43:47.000Z', 121, 40, NULL, NULL, 146, 99, 140, 129),
  ('019d6bba-d942-74cc-a8d0-9a070c7d8668', '019cfc3a-e6ae-7417-a3cc-375b29f33e47', '2026-04-08T00:45:43.000Z', 121, 40, NULL, NULL, 137, 68, 131, 128),
  ('019d70e1-3559-7ed0-a221-a122123287ea', '019cfc3a-e6ae-7417-a3cc-375b29f33e47', '2026-04-09T00:48:09.000Z', 121, 40, NULL, NULL, 137, 68, 131, 128),
  ('019d7776-ef30-7ea5-8e54-954af4dbe07e', '019cfc3a-e6ae-7417-a3cc-375b29f33e47', '2026-04-10T00:49:35.000Z', 121, 40, NULL, NULL, 137, 68, 131, 128),
  ('019d616e-2357-755e-a256-f79a90c571a5', '019cfc3a-e6ae-7428-9974-e89da999730a', '2026-04-06T00:44:51.000Z', 81, 10, NULL, NULL, 73, 63, 74, 78),
  ('019d6694-7d7f-7574-9b1f-15d8d66bb5e8', '019cfc3a-e6ae-7428-9974-e89da999730a', '2026-04-07T00:43:47.000Z', 81, 10, NULL, NULL, 73, 63, 74, 78),
  ('019d6bba-d942-75bd-8312-bbe8178f8544', '019cfc3a-e6ae-7428-9974-e89da999730a', '2026-04-08T00:45:43.000Z', 81, 10, NULL, NULL, 76, 97, 69, 78),
  ('019d70e1-3559-7f7f-857e-2714922be43f', '019cfc3a-e6ae-7428-9974-e89da999730a', '2026-04-09T00:48:09.000Z', 81, 10, NULL, NULL, 76, 97, 69, 78),
  ('019d7776-ef30-7ee4-9c57-cbf53522cc18', '019cfc3a-e6ae-7428-9974-e89da999730a', '2026-04-10T00:49:35.000Z', 81, 10, NULL, NULL, 75, 97, 69, 78),
  ('019d616e-2357-78a8-901a-fea9d19ddabf', '019cfc3a-e6ae-7439-8cde-ba5aa311dccd', '2026-04-06T00:44:51.000Z', 293, 150, NULL, NULL, 243, 198, 262, 284),
  ('019d6694-7d7f-7aa5-859a-1dd759e88f8b', '019cfc3a-e6ae-7439-8cde-ba5aa311dccd', '2026-04-07T00:43:47.000Z', 266, 150, NULL, NULL, 243, 198, 262, 284),
  ('019d6bba-d942-7a4c-a23d-c2a590f10057', '019cfc3a-e6ae-7439-8cde-ba5aa311dccd', '2026-04-08T00:45:43.000Z', 266, 150, NULL, NULL, 243, 198, 262, 284),
  ('019d70e1-355a-726a-8273-386945b22e6a', '019cfc3a-e6ae-7439-8cde-ba5aa311dccd', '2026-04-09T00:48:09.000Z', 266, 150, NULL, NULL, 243, 198, 262, 284),
  ('019d7776-ef31-7167-a6f4-481a2ef8c805', '019cfc3a-e6ae-7439-8cde-ba5aa311dccd', '2026-04-10T00:49:35.000Z', 266, 150, NULL, NULL, 228, 198, 262, 284),
  ('019d616e-2358-7686-846a-daf356527720', '019cfc3a-e6ae-7449-8b88-2301b4dc58ff', '2026-04-06T00:44:51.000Z', 124, 40, NULL, NULL, 107, 112, 121, 124),
  ('019d6694-7d7f-7b95-b93c-dde74e52c6d9', '019cfc3a-e6ae-7449-8b88-2301b4dc58ff', '2026-04-07T00:43:47.000Z', 124, 40, NULL, NULL, 126, 250, 128, 124),
  ('019d6bba-d942-7b0a-955a-42ab238153ef', '019cfc3a-e6ae-7449-8b88-2301b4dc58ff', '2026-04-08T00:45:43.000Z', 124, 40, NULL, NULL, 130, 140, 129, 123),
  ('019d70e1-355a-72f9-88ff-c67154ba8a32', '019cfc3a-e6ae-7449-8b88-2301b4dc58ff', '2026-04-09T00:48:09.000Z', 124, 40, NULL, NULL, 128, 90, 131, 122),
  ('019d7776-ef31-71a4-b56a-16ddb6571b16', '019cfc3a-e6ae-7449-8b88-2301b4dc58ff', '2026-04-10T00:49:35.000Z', 124, 40, NULL, NULL, 129, 90, 131, 122),
  ('019d616e-2358-7aa9-89e7-cbd878263416', '019cfc3a-e6ae-745a-b91b-223257fac59a', '2026-04-06T00:44:51.000Z', 111, 30, NULL, NULL, 87, 121, 92, 96),
  ('019d6694-7d80-7038-b04c-f82f72bf7bd6', '019cfc3a-e6ae-745a-b91b-223257fac59a', '2026-04-07T00:43:47.000Z', 111, 30, NULL, NULL, 87, 121, 92, 96),
  ('019d6bba-d942-7f34-ba5a-cd12fbacbf1b', '019cfc3a-e6ae-745a-b91b-223257fac59a', '2026-04-08T00:45:43.000Z', 111, 30, NULL, NULL, 83, 69, 85, 94),
  ('019d70e1-355a-76ad-8d58-00fd59cbbcbb', '019cfc3a-e6ae-745a-b91b-223257fac59a', '2026-04-09T00:48:09.000Z', 111, 30, NULL, NULL, 83, 69, 85, 94),
  ('019d7776-ef31-72a5-a6d1-595bb2bccd2e', '019cfc3a-e6ae-745a-b91b-223257fac59a', '2026-04-10T00:49:35.000Z', 111, 30, NULL, NULL, 81, 69, 85, 94),
  ('019d616e-2356-7fb2-b172-257ecf3274ae', '019cfc3a-e6ae-746b-bc85-a83b3dc99f6c', '2026-04-06T00:44:51.000Z', 128, 45, NULL, NULL, 157, 143, 157, 132),
  ('019d6694-7d7e-7d6c-a76b-42eccceea8e0', '019cfc3a-e6ae-746b-bc85-a83b3dc99f6c', '2026-04-07T00:43:47.000Z', 128, 45, NULL, NULL, 157, 143, 157, 132),
  ('019d6bba-d941-7e94-966b-404307ecb050', '019cfc3a-e6ae-746b-bc85-a83b3dc99f6c', '2026-04-08T00:45:43.000Z', 128, 45, NULL, NULL, 154, 134, 154, 133),
  ('019d70e1-3558-75aa-9f2e-db1469d4532f', '019cfc3a-e6ae-746b-bc85-a83b3dc99f6c', '2026-04-09T00:48:09.000Z', 128, 45, NULL, NULL, 154, 134, 154, 133),
  ('019d7776-ef30-7c10-81b8-03438fcff21f', '019cfc3a-e6ae-746b-bc85-a83b3dc99f6c', '2026-04-10T00:49:35.000Z', 128, 45, NULL, NULL, 164, 134, 154, 133),
  ('019d616e-2357-75fe-9670-377edd83cc7c', '019cfc3a-e6ae-747b-aa9c-edfbd4aff009', '2026-04-06T00:44:51.000Z', 23, 2, NULL, NULL, 23, 30, 23, 21),
  ('019d6694-7d7f-7656-9a43-15c4a19c4d76', '019cfc3a-e6ae-747b-aa9c-edfbd4aff009', '2026-04-07T00:43:47.000Z', 23, 2, NULL, NULL, 23, 30, 23, 21),
  ('019d6bba-d942-765c-ab2f-08d759af059e', '019cfc3a-e6ae-747b-aa9c-edfbd4aff009', '2026-04-08T00:45:43.000Z', 23, 2, NULL, NULL, 23, 30, 23, 21),
  ('019d70e1-355a-7021-8f9c-fdcb37d53dcb', '019cfc3a-e6ae-747b-aa9c-edfbd4aff009', '2026-04-09T00:48:09.000Z', 23, 2, NULL, NULL, 23, 18, 26, 21),
  ('019d7776-ef30-7f1e-9faa-60008193035f', '019cfc3a-e6ae-747b-aa9c-edfbd4aff009', '2026-04-10T00:49:35.000Z', 23, 2, NULL, NULL, 28, 18, 26, 21),
  ('019d616e-2358-77a1-8fbe-e1349ec69f1b', '019cfc3a-e6ae-748e-ae8b-11af7f4778fb', '2026-04-06T00:44:51.000Z', 333, 199, NULL, NULL, 354, 358, 345, 345),
  ('019d6694-7d7f-7c6b-befd-6cd85833d09b', '019cfc3a-e6ae-748e-ae8b-11af7f4778fb', '2026-04-07T00:43:47.000Z', 333, 199, NULL, NULL, 346, 281, 339, 343),
  ('019d6bba-d942-7be5-8846-36e8d1f1b2cd', '019cfc3a-e6ae-748e-ae8b-11af7f4778fb', '2026-04-08T00:45:43.000Z', 333, 199, NULL, NULL, 346, 281, 339, 343),
  ('019d70e1-355a-73ae-a255-8387f05bed96', '019cfc3a-e6ae-748e-ae8b-11af7f4778fb', '2026-04-09T00:48:09.000Z', 333, 199, NULL, NULL, 346, 281, 339, 343),
  ('019d7776-ef31-71d9-90c2-574a24b22312', '019cfc3a-e6ae-748e-ae8b-11af7f4778fb', '2026-04-10T00:49:35.000Z', 333, 199, NULL, NULL, 355, 281, 339, 343),
  ('019d616e-2357-70f3-a1cd-3db8573e3af4', '019cfc3a-e6ae-749f-a1a7-5cb64e718b12', '2026-04-06T00:44:51.000Z', 47, 10, NULL, NULL, 37, 25, 32, 42),
  ('019d6694-7d7e-7f15-a944-a03ea0a38ac6', '019cfc3a-e6ae-749f-a1a7-5cb64e718b12', '2026-04-07T00:43:47.000Z', 47, 10, NULL, NULL, 33, 10, 28, 41),
  ('019d6bba-d942-7041-995f-d7843b5b8911', '019cfc3a-e6ae-749f-a1a7-5cb64e718b12', '2026-04-08T00:45:43.000Z', 47, 10, NULL, NULL, 33, 10, 28, 41),
  ('019d70e1-3558-76ea-a208-730f9b105729', '019cfc3a-e6ae-749f-a1a7-5cb64e718b12', '2026-04-09T00:48:09.000Z', 47, 10, NULL, NULL, 33, 10, 28, 41),
  ('019d7776-ef30-7cf0-801d-60817dcc168b', '019cfc3a-e6ae-749f-a1a7-5cb64e718b12', '2026-04-10T00:49:35.000Z', 47, 10, NULL, NULL, 32, 10, 28, 41),
  ('019d616e-2357-7245-a706-7d97ce7e1e70', '019cfc3a-e6ae-74b0-952e-22178e4a7e87', '2026-04-06T00:44:51.000Z', 99, 15, NULL, NULL, 88, 79, 85, 90),
  ('019d6694-7d7f-70ee-92ee-24a0d3086b5a', '019cfc3a-e6ae-74b0-952e-22178e4a7e87', '2026-04-07T00:43:47.000Z', 99, 15, NULL, NULL, 77, 19, 74, 87),
  ('019d6bba-d942-71e7-937e-715607140c98', '019cfc3a-e6ae-74b0-952e-22178e4a7e87', '2026-04-08T00:45:43.000Z', 99, 15, NULL, NULL, 70, 49, 53, 87),
  ('019d70e1-3558-7862-b955-5172d4aad80c', '019cfc3a-e6ae-74b0-952e-22178e4a7e87', '2026-04-09T00:48:09.000Z', 99, 15, NULL, NULL, 70, 49, 53, 87),
  ('019d7776-ef30-7db9-b5a3-fb5e644cb28a', '019cfc3a-e6ae-74b0-952e-22178e4a7e87', '2026-04-10T00:49:35.000Z', 99, 15, NULL, NULL, 69, 49, 53, 87),
  ('019d616e-2357-769b-adfd-782d60e978c4', '019cfc3a-e6ae-74c0-b143-468d5f35c616', '2026-04-06T00:44:51.000Z', 264, 160, NULL, NULL, 271, 274, 279, 268),
  ('019d6694-7d7f-772d-8dfe-38627e089dc4', '019cfc3a-e6ae-74c0-b143-468d5f35c616', '2026-04-07T00:43:47.000Z', 264, 160, NULL, NULL, 282, 360, 286, 271),
  ('019d6bba-d942-7714-a971-a696025fa49f', '019cfc3a-e6ae-74c0-b143-468d5f35c616', '2026-04-08T00:45:43.000Z', 264, 160, NULL, NULL, 284, 270, 290, 270),
  ('019d70e1-355a-70ba-a70f-20e77e8e23e0', '019cfc3a-e6ae-74c0-b143-468d5f35c616', '2026-04-09T00:48:09.000Z', 264, 160, NULL, NULL, 289, 296, 282, 270),
  ('019d7776-ef30-7f5a-8a8f-75e09d4a80f9', '019cfc3a-e6ae-74c0-b143-468d5f35c616', '2026-04-10T00:49:35.000Z', 264, 160, NULL, NULL, 289, 296, 282, 270),
  ('019d616e-2358-7897-a4f8-ef0c3c52882f', '019cfc3a-e6ae-74d1-9529-ea93b174de93', '2026-04-06T00:44:51.000Z', 226, 79, NULL, NULL, 270, 294, 267, 234),
  ('019d6694-7d7f-7d85-b1be-c6c8cd1c7afb', '019cfc3a-e6ae-74d1-9529-ea93b174de93', '2026-04-07T00:43:47.000Z', 226, 79, NULL, NULL, 258, 150, 256, 235),
  ('019d6bba-d942-7c9a-9cd7-b7181d88ff09', '019cfc3a-e6ae-74d1-9529-ea93b174de93', '2026-04-08T00:45:43.000Z', 226, 79, NULL, NULL, 258, 150, 256, 235),
  ('019d70e1-355a-746f-85b5-6ff0137f2c03', '019cfc3a-e6ae-74d1-9529-ea93b174de93', '2026-04-09T00:48:09.000Z', 226, 79, NULL, NULL, 258, 150, 256, 235),
  ('019d7776-ef31-720c-859d-6c926283498f', '019cfc3a-e6ae-74d1-9529-ea93b174de93', '2026-04-10T00:49:35.000Z', 226, 79, NULL, NULL, 272, 150, 256, 235),
  ('019d616e-2357-72e4-b97f-add5490e4768', '019cfc3a-e6ae-74e2-92f3-369504d1fe1c', '2026-04-06T00:44:51.000Z', 91, 30, NULL, NULL, 116, 152, 102, 92),
  ('019d6694-7d7f-71e3-871a-1345b7563f2f', '019cfc3a-e6ae-74e2-92f3-369504d1fe1c', '2026-04-07T00:43:47.000Z', 91, 30, NULL, NULL, 116, 152, 102, 92),
  ('019d6bba-d942-72ad-9d06-d2e96f706615', '019cfc3a-e6ae-74e2-92f3-369504d1fe1c', '2026-04-08T00:45:43.000Z', 91, 30, NULL, NULL, 115, 64, 91, 89),
  ('019d70e1-3559-7bf4-8a4f-f6abc8b4f45d', '019cfc3a-e6ae-74e2-92f3-369504d1fe1c', '2026-04-09T00:48:09.000Z', 91, 30, NULL, NULL, 115, 64, 91, 89),
  ('019d7776-ef30-7df4-b022-d3e0c86a0fc2', '019cfc3a-e6ae-74e2-92f3-369504d1fe1c', '2026-04-10T00:49:35.000Z', 91, 20, NULL, NULL, 113, 64, 91, 89),
  ('019d616e-2357-7733-87ae-a45b17f7e4f5', '019cfc3a-e6ae-74f3-a054-e6db5ea815af', '2026-04-06T00:44:51.000Z', 304, 179, NULL, NULL, 321, 373, 309, 304),
  ('019d6694-7d7f-7807-a7ff-713ef5b1b946', '019cfc3a-e6ae-74f3-a054-e6db5ea815af', '2026-04-07T00:43:47.000Z', 304, 179, NULL, NULL, 317, 270, 309, 304),
  ('019d6bba-d942-77e9-acd4-8dbae651f973', '019cfc3a-e6ae-74f3-a054-e6db5ea815af', '2026-04-08T00:45:43.000Z', 304, 179, NULL, NULL, 317, 270, 309, 304),
  ('019d70e1-355a-714d-b5c4-1f49a577aebd', '019cfc3a-e6ae-74f3-a054-e6db5ea815af', '2026-04-09T00:48:09.000Z', 304, 179, NULL, NULL, 328, 395, 316, 306),
  ('019d7776-ef30-7f8c-b42f-c24d8bdb4caf', '019cfc3a-e6ae-74f3-a054-e6db5ea815af', '2026-04-10T00:49:35.000Z', 304, 179, NULL, NULL, 327, 395, 316, 306),
  ('019d616e-2358-797d-ac0c-402ca26d9714', '019cfc3a-e6ae-7503-aeb8-0c509cda7ca4', '2026-04-06T00:44:51.000Z', 16, 2, NULL, NULL, 16, 2, 17, 16),
  ('019d6694-7d7f-7e63-9ead-051fbb284670', '019cfc3a-e6ae-7503-aeb8-0c509cda7ca4', '2026-04-07T00:43:47.000Z', 16, 2, NULL, NULL, 18, 30, 19, 17),
  ('019d6bba-d942-7d76-b8e7-3e22d349ead7', '019cfc3a-e6ae-7503-aeb8-0c509cda7ca4', '2026-04-08T00:45:43.000Z', 16, 2, NULL, NULL, 18, 30, 19, 17),
  ('019d70e1-355a-750b-8958-4745103f3693', '019cfc3a-e6ae-7503-aeb8-0c509cda7ca4', '2026-04-09T00:48:09.000Z', 16, 2, NULL, NULL, 18, 14, 19, 16),
  ('019d7776-ef31-7240-ba5b-b5f622deb50c', '019cfc3a-e6ae-7503-aeb8-0c509cda7ca4', '2026-04-10T00:49:35.000Z', 16, 2, NULL, NULL, 17, 14, 19, 16),
  ('019d616e-2357-737b-aeb6-ecf48880f6ab', '019cfc3a-e6ae-7513-9d72-f8e437d02fdd', '2026-04-06T00:44:51.000Z', 28, 2, NULL, NULL, 28, 20, 33, 26),
  ('019d6694-7d7f-72b5-8819-813c4de7eda8', '019cfc3a-e6ae-7513-9d72-f8e437d02fdd', '2026-04-07T00:43:47.000Z', 28, 2, NULL, NULL, 28, 20, 33, 26),
  ('019d6bba-d942-7341-a393-31327de0d5d3', '019cfc3a-e6ae-7513-9d72-f8e437d02fdd', '2026-04-08T00:45:43.000Z', 28, 2, NULL, NULL, 28, 20, 33, 26),
  ('019d70e1-3559-7d3b-8a53-561b56e4f89c', '019cfc3a-e6ae-7513-9d72-f8e437d02fdd', '2026-04-09T00:48:09.000Z', 28, 2, NULL, NULL, 28, 20, 33, 26),
  ('019d7776-ef30-7e29-8f27-39f971db4e4f', '019cfc3a-e6ae-7513-9d72-f8e437d02fdd', '2026-04-10T00:49:35.000Z', 28, 2, NULL, NULL, 31, 20, 33, 26),
  ('019d616e-2357-77c6-86e4-90419d52c86f', '019cfc3a-e6ae-7523-82c1-0346b092dcd7', '2026-04-06T00:44:51.000Z', 2263, 999, NULL, NULL, 2048, 1752, 2284, 2244),
  ('019d6694-7d7f-78e0-96cf-c500dfc28933', '019cfc3a-e6ae-7523-82c1-0346b092dcd7', '2026-04-07T00:43:47.000Z', 2263, 999, NULL, NULL, 1972, 1574, 2247, 2229),
  ('019d6bba-d942-789b-be75-55fbc87feb4d', '019cfc3a-e6ae-7523-82c1-0346b092dcd7', '2026-04-08T00:45:43.000Z', 2263, 999, NULL, NULL, 1925, 1698, 1805, 2228),
  ('019d70e1-355a-71db-8707-d4031a1828aa', '019cfc3a-e6ae-7523-82c1-0346b092dcd7', '2026-04-09T00:48:09.000Z', 2263, 999, NULL, NULL, 1882, 1731, 1583, 2216),
  ('019d7776-ef31-7098-b333-6ff7256551f9', '019cfc3a-e6ae-7523-82c1-0346b092dcd7', '2026-04-10T00:49:35.000Z', 2263, 999, NULL, NULL, 1778, 1731, 1583, 2216),
  ('019d616e-2358-7a11-8827-f36517aa9d63', '019cfc3a-e6ae-7534-9bea-83da6ddad87d', '2026-04-06T00:44:51.000Z', 883, 600, NULL, NULL, 814, 883, 855, 886),
  ('019d6694-7d7f-7f61-bcee-7f5cf4898145', '019cfc3a-e6ae-7534-9bea-83da6ddad87d', '2026-04-07T00:43:47.000Z', 883, 600, NULL, NULL, 814, 883, 855, 886),
  ('019d6bba-d942-7e59-a27a-aec341568fbd', '019cfc3a-e6ae-7534-9bea-83da6ddad87d', '2026-04-08T00:45:43.000Z', 883, 600, NULL, NULL, 782, 745, 838, 891),
  ('019d70e1-355a-75b7-96a8-10a49244a216', '019cfc3a-e6ae-7534-9bea-83da6ddad87d', '2026-04-09T00:48:09.000Z', 883, 600, NULL, NULL, 784, 850, 853, 886),
  ('019d7776-ef31-7273-af38-ceb2135486a3', '019cfc3a-e6ae-7534-9bea-83da6ddad87d', '2026-04-10T00:49:35.000Z', 883, 600, NULL, NULL, 784, 850, 853, 886),
  ('019d616e-2358-7b36-858d-ebd23ea7717c', '019cfc3a-e6ae-7544-adb0-c3fb6505c601', '2026-04-06T00:44:51.000Z', 901, 600, NULL, NULL, 1071, 1048, 1017, 925),
  ('019d6694-7d80-710c-b306-afb8a39ad9f0', '019cfc3a-e6ae-7544-adb0-c3fb6505c601', '2026-04-07T00:43:47.000Z', 901, 600, NULL, NULL, 1101, 1162, 1063, 941),
  ('019d6bba-d945-7219-85fc-bc115dbe1e57', '019cfc3a-e6ae-7544-adb0-c3fb6505c601', '2026-04-08T00:45:43.000Z', 901, 600, NULL, NULL, 1095, 984, 1043, 948),
  ('019d70e1-355a-774a-afe5-4a161fb03fdc', '019cfc3a-e6ae-7544-adb0-c3fb6505c601', '2026-04-09T00:48:09.000Z', 901, 600, NULL, NULL, 1089, 1028, 1064, 960),
  ('019d7776-ef31-72d8-81c2-87da3b254658', '019cfc3a-e6ae-7544-adb0-c3fb6505c601', '2026-04-10T00:49:35.000Z', 901, 600, NULL, NULL, 1081, 1028, 1064, 960),
  ('019d616e-2358-7bc6-a9e7-d2fca92d65e6', '019cfc3a-e6ae-7555-8d31-5008539d17ab', '2026-04-06T00:44:51.000Z', 87, 28, NULL, NULL, 66, 85, 79, 84),
  ('019d6694-7d80-71e9-962a-e77ab584d160', '019cfc3a-e6ae-7555-8d31-5008539d17ab', '2026-04-07T00:43:47.000Z', 87, 28, NULL, NULL, 64, 69, 78, 85),
  ('019d6bba-d945-7366-b9f6-d2248a27e201', '019cfc3a-e6ae-7555-8d31-5008539d17ab', '2026-04-08T00:45:43.000Z', 87, 28, NULL, NULL, 69, 61, 77, 81),
  ('019d70e1-355a-781b-9f05-89221dc6fbfe', '019cfc3a-e6ae-7555-8d31-5008539d17ab', '2026-04-09T00:48:09.000Z', 87, 28, NULL, NULL, 69, 61, 77, 81),
  ('019d7776-ef31-730b-929a-f9cd200a7f0d', '019cfc3a-e6ae-7555-8d31-5008539d17ab', '2026-04-10T00:49:35.000Z', 87, 28, NULL, NULL, 72, 61, 77, 81),
  ('019d616e-2358-7c52-b295-d081473d15e8', '019cfc3a-e6ae-7566-b871-b95b5aeebb1a', '2026-04-06T00:44:51.000Z', 791, 750, NULL, NULL, 1550, 1349, 1312, 1025),
  ('019d6694-7d80-72bf-a084-25ad8b6c529b', '019cfc3a-e6ae-7566-b871-b95b5aeebb1a', '2026-04-07T00:43:47.000Z', 791, 750, NULL, NULL, 1551, 1416, 1324, 1068),
  ('019d6bba-d945-7439-b805-7df7be37accc', '019cfc3a-e6ae-7566-b871-b95b5aeebb1a', '2026-04-08T00:45:43.000Z', 791, 750, NULL, NULL, 1520, 1099, 1280, 1076),
  ('019d70e1-355a-78cf-94a7-7e3baac28713', '019cfc3a-e6ae-7566-b871-b95b5aeebb1a', '2026-04-09T00:48:09.000Z', 791, 750, NULL, NULL, 1494, 1200, 1267, 1087),
  ('019d7776-ef31-733d-8c5d-152d65ae7f13', '019cfc3a-e6ae-7566-b871-b95b5aeebb1a', '2026-04-10T00:49:35.000Z', 791, 750, NULL, NULL, 1485, 1200, 1267, 1087),
  ('019d616e-2358-7cdd-a9a6-5c9804bd04c6', '019cfc3a-e6ae-7577-a525-ed370f8863f1', '2026-04-06T00:44:51.000Z', 171, 80, NULL, NULL, 179, 250, 184, 173),
  ('019d6694-7d80-73c9-afc8-d034d8766092', '019cfc3a-e6ae-7577-a525-ed370f8863f1', '2026-04-07T00:43:47.000Z', 171, 80, NULL, NULL, 196, 293, 205, 179),
  ('019d6bba-d945-7562-9408-76ea62ccb793', '019cfc3a-e6ae-7577-a525-ed370f8863f1', '2026-04-08T00:45:43.000Z', 171, 80, NULL, NULL, 197, 190, 211, 179),
  ('019d70e1-355a-79e9-ab2b-8765bd01e5ef', '019cfc3a-e6ae-7577-a525-ed370f8863f1', '2026-04-09T00:48:09.000Z', 171, 80, NULL, NULL, 197, 190, 211, 179),
  ('019d7776-ef31-7374-a8e0-0da1695d117c', '019cfc3a-e6ae-7577-a525-ed370f8863f1', '2026-04-10T00:49:35.000Z', 171, 80, NULL, NULL, 202, 190, 211, 179),
  ('019d616e-2358-7d9b-a0dd-a693d75a7bbc', '019cfc3a-e6ae-7587-834d-13e53c2c90e0', '2026-04-06T00:44:51.000Z', 144, 100, NULL, NULL, 148, 117, 131, 141),
  ('019d6694-7d80-7499-b038-9543c7d2c058', '019cfc3a-e6ae-7587-834d-13e53c2c90e0', '2026-04-07T00:43:47.000Z', 144, 99, NULL, NULL, 148, 117, 131, 141),
  ('019d6bba-d945-761b-bd0d-d616ea85458a', '019cfc3a-e6ae-7587-834d-13e53c2c90e0', '2026-04-08T00:45:43.000Z', 144, 99, NULL, NULL, 146, 152, 134, 144),
  ('019d70e1-355a-7ace-a168-d1a8e2d7f4df', '019cfc3a-e6ae-7587-834d-13e53c2c90e0', '2026-04-09T00:48:09.000Z', 144, 99, NULL, NULL, 151, 150, 141, 142),
  ('019d7776-ef31-73a5-8e3b-af3893d31a58', '019cfc3a-e6ae-7587-834d-13e53c2c90e0', '2026-04-10T00:49:35.000Z', 144, 99, NULL, NULL, 148, 150, 141, 142),
  ('019d616e-2358-7e2c-bfd4-6ebb57ac2c44', '019cfc3a-e6ae-7597-bb5d-19ca4dda8646', '2026-04-06T00:44:51.000Z', 63, 20, NULL, NULL, 83, 100, 69, 63),
  ('019d6694-7d80-756f-b148-1ce3334edc10', '019cfc3a-e6ae-7597-bb5d-19ca4dda8646', '2026-04-07T00:43:47.000Z', 63, 20, NULL, NULL, 83, 100, 69, 63),
  ('019d6bba-d945-76cb-a3cd-2eed03f18389', '019cfc3a-e6ae-7597-bb5d-19ca4dda8646', '2026-04-08T00:45:43.000Z', 63, 20, NULL, NULL, 79, 63, 63, 65),
  ('019d70e1-355a-7bbd-b382-09c0e2459bb7', '019cfc3a-e6ae-7597-bb5d-19ca4dda8646', '2026-04-09T00:48:09.000Z', 63, 20, NULL, NULL, 79, 63, 63, 65),
  ('019d7776-ef31-73d6-888c-130bb75edfbe', '019cfc3a-e6ae-7597-bb5d-19ca4dda8646', '2026-04-10T00:49:35.000Z', 63, 20, NULL, NULL, 77, 63, 63, 65),
  ('019d616e-22e8-7096-88ce-030151eca216', '019cfc3a-e6af-776c-8e21-85b2fcc79220', '2026-04-06T00:44:51.000Z', 799, 514, NULL, NULL, 753, 685, 735, 770),
  ('019d6694-7cde-769c-aeca-13a4ba0f05dd', '019cfc3a-e6af-776c-8e21-85b2fcc79220', '2026-04-07T00:43:47.000Z', 770, 514, NULL, NULL, 742, 724, 738, 772),
  ('019d6bba-d8b8-7d83-ae00-e4ab46dc0ada', '019cfc3a-e6af-776c-8e21-85b2fcc79220', '2026-04-08T00:45:43.000Z', 770, 514, NULL, NULL, 746, 750, 752, 768),
  ('019d70e1-34f4-7df4-8342-77c6fb78f553', '019cfc3a-e6af-776c-8e21-85b2fcc79220', '2026-04-09T00:48:09.000Z', 770, 514, NULL, NULL, 747, 710, 774, 763),
  ('019d7776-ef12-7994-a659-3cfda15c3938', '019cfc3a-e6af-776c-8e21-85b2fcc79220', '2026-04-10T00:49:35.000Z', 770, 514, NULL, NULL, 773, 710, 774, 763),
  ('019d47a0-9a96-7daa-9d53-770a16e1823c', '019d1bfd-b2ca-73a3-a04c-d048f205a2cf', '2026-03-31T20:00:34.000Z', 922, 824, 1071, 3499, NULL, NULL, NULL, NULL),
  ('019d4cc6-f637-7afd-82da-e7c6e800c04e', '019d1bfd-b2ca-73a3-a04c-d048f205a2cf', '2026-04-01T20:00:18.000Z', 922, 830, 1054, 3499, NULL, NULL, NULL, NULL),
  ('019d51ed-5384-787a-ab49-6efb1257a261', '019d1bfd-b2ca-73a3-a04c-d048f205a2cf', '2026-04-02T20:00:15.000Z', 922, 830, 1050, 5100, NULL, NULL, NULL, NULL),
  ('019d5713-ae14-77f7-9922-2cce4d7b36a5', '019d1bfd-b2ca-73a3-a04c-d048f205a2cf', '2026-04-03T20:00:17.000Z', 933, 830, 1050, 5100, NULL, NULL, NULL, NULL),
  ('019d7773-ba4e-70f4-8965-b45054a8591c', '019d1bfd-b2ca-73a3-a04c-d048f205a2cf', '2026-04-09T20:00:19.000Z', 931, 799, 1045, 3499, NULL, NULL, NULL, NULL),
  ('019d616e-23f1-70a7-a5bf-b0aca505c638', '019d1bfd-bc5a-7c69-aa96-3572e31fc28c', '2026-04-06T00:44:51.000Z', 651, 490, NULL, NULL, 388, 541, 521, 585),
  ('019d6694-7ebe-7a59-88b3-318b83ba8760', '019d1bfd-bc5a-7c69-aa96-3572e31fc28c', '2026-04-07T00:43:47.000Z', 542, 489, NULL, NULL, 361, 550, 529, 584),
  ('019d6bba-da29-7440-90d0-64c4a3d0b0f1', '019d1bfd-bc5a-7c69-aa96-3572e31fc28c', '2026-04-08T00:45:43.000Z', 542, 489, NULL, NULL, 370, 500, 515, 581),
  ('019d70e1-35e9-70f3-bfe2-801e934fabf0', '019d1bfd-bc5a-7c69-aa96-3572e31fc28c', '2026-04-09T00:48:09.000Z', 542, 489, NULL, NULL, 370, 500, 515, 581),
  ('019d7776-ef56-772a-8d22-37e38af0f933', '019d1bfd-bc5a-7c69-aa96-3572e31fc28c', '2026-04-10T00:49:35.000Z', 542, 489, NULL, NULL, 372, 500, 515, 581),
  ('019d47a0-9a98-7974-802a-2028a7ea707b', '019d1bfe-e71d-79d0-af05-2c26f2bc5be7', '2026-03-31T20:00:34.000Z', 2767, 2700, 2922, 4127, NULL, NULL, NULL, NULL),
  ('019d4cc6-f639-75f1-a5fc-d9db7bf1418c', '019d1bfe-e71d-79d0-af05-2c26f2bc5be7', '2026-04-01T20:00:18.000Z', 2767, 2700, 2896, 4127, NULL, NULL, NULL, NULL),
  ('019d51ed-5386-70f5-8fc9-a1af169cadda', '019d1bfe-e71d-79d0-af05-2c26f2bc5be7', '2026-04-02T20:00:15.000Z', 2767, 2578, 2896, 6500, NULL, NULL, NULL, NULL),
  ('019d5713-ae15-7aa7-a4d7-9d6a64c91a91', '019d1bfe-e71d-79d0-af05-2c26f2bc5be7', '2026-04-03T20:00:17.000Z', 2733, 2578, 2849, 6500, NULL, NULL, NULL, NULL),
  ('019d7773-ba4e-7c0b-adc2-415cc8f2e0d1', '019d1bfe-e71d-79d0-af05-2c26f2bc5be7', '2026-04-09T20:00:19.000Z', 2716, 2578, 2835, 6500, NULL, NULL, NULL, NULL),
  ('019d616e-23f1-7690-9479-3b7bdd2b55da', '019d1bfe-f678-7062-91da-fa2b9c2ddbe6', '2026-04-06T00:44:51.000Z', 997, 700, NULL, NULL, 816, 850, 912, 1009),
  ('019d6694-7ebf-7237-b2ef-d1dce15f98d5', '019d1bfe-f678-7062-91da-fa2b9c2ddbe6', '2026-04-07T00:43:47.000Z', 997, 700, NULL, NULL, 848, 963, 918, 991),
  ('019d6bba-da29-7c65-81e4-c7c211ea6013', '019d1bfe-f678-7062-91da-fa2b9c2ddbe6', '2026-04-08T00:45:43.000Z', 997, 700, NULL, NULL, 844, 767, 890, 964),
  ('019d70e1-35e9-7862-8a86-929a7dfc548f', '019d1bfe-f678-7062-91da-fa2b9c2ddbe6', '2026-04-09T00:48:09.000Z', 997, 700, NULL, NULL, 844, 767, 890, 964),
  ('019d7776-ef56-78aa-9ee9-05432c80a4ca', '019d1bfe-f678-7062-91da-fa2b9c2ddbe6', '2026-04-10T00:49:35.000Z', 997, 700, NULL, NULL, 851, 767, 890, 964),
  ('019d47a0-99b7-7388-a63f-58fe3b08f980', '019d1d01-13e8-7e85-b60c-96c589e3efa2', '2026-03-31T20:00:35.000Z', 8, 1, 15, 131, NULL, NULL, NULL, NULL),
  ('019d4cc6-f555-71ee-93c3-675b03bf4830', '019d1d01-13e8-7e85-b60c-96c589e3efa2', '2026-04-01T20:00:19.000Z', 8, 1, 15, 134, NULL, NULL, NULL, NULL),
  ('019d51ed-52cc-7604-b057-52cea359a09a', '019d1d01-13e8-7e85-b60c-96c589e3efa2', '2026-04-02T20:00:16.000Z', 7, 1, 15, 134, NULL, NULL, NULL, NULL),
  ('019d5713-ad41-7160-80bf-e4a6314be81c', '019d1d01-13e8-7e85-b60c-96c589e3efa2', '2026-04-03T20:00:18.000Z', 6, 1, 15, 134, NULL, NULL, NULL, NULL),
  ('019d7773-ba05-7ae2-88e5-4238d1ec47d6', '019d1d01-13e8-7e85-b60c-96c589e3efa2', '2026-04-09T20:00:20.000Z', 7, 1, 15, 134, NULL, NULL, NULL, NULL),
  ('019d616e-23ee-7498-a1e2-c57fa5dff8b5', '019d1d01-32e2-77c6-948a-f4f114337a4b', '2026-04-06T00:44:51.000Z', 9, 2, NULL, NULL, 8, 10, 9, 8),
  ('019d6694-7ebd-7ef8-9de5-a1c4bed68dc2', '019d1d01-32e2-77c6-948a-f4f114337a4b', '2026-04-07T00:43:47.000Z', 9, 2, NULL, NULL, 8, 10, 9, 8),
  ('019d6bba-da28-782c-8631-82229bb59b83', '019d1d01-32e2-77c6-948a-f4f114337a4b', '2026-04-08T00:45:43.000Z', 9, 2, NULL, NULL, 8, 6, 8, 8),
  ('019d70e1-35e8-736d-8f41-71128806d758', '019d1d01-32e2-77c6-948a-f4f114337a4b', '2026-04-09T00:48:09.000Z', 9, 2, NULL, NULL, 8, 7, 8, 8),
  ('019d7776-ef56-73e4-b860-dc338fcb1b37', '019d1d01-32e2-77c6-948a-f4f114337a4b', '2026-04-10T00:49:35.000Z', 9, 2, NULL, NULL, 7, 7, 8, 8),
  ('019d47a0-9a96-79ff-b263-6a91747f639c', '019d1d01-9246-740b-839c-b88fd4ca9361', '2026-03-31T20:00:34.000Z', 2117, 1500, 2370, 3300, NULL, NULL, NULL, NULL),
  ('019d4cc6-f637-766c-8070-339e9c590fce', '019d1d01-9246-740b-839c-b88fd4ca9361', '2026-04-01T20:00:18.000Z', 2115, 1950, 2349, 3300, NULL, NULL, NULL, NULL),
  ('019d51ed-5384-754b-bcf1-6a23812fa6f1', '019d1d01-9246-740b-839c-b88fd4ca9361', '2026-04-02T20:00:15.000Z', 2095, 1948, 2300, 3300, NULL, NULL, NULL, NULL),
  ('019d5713-ae14-74de-b1c0-9441e3deacf1', '019d1d01-9246-740b-839c-b88fd4ca9361', '2026-04-03T20:00:17.000Z', 2073, 1900, 2327, 3300, NULL, NULL, NULL, NULL),
  ('019d7773-ba4d-7e23-b5ea-a8e8d1165005', '019d1d01-9246-740b-839c-b88fd4ca9361', '2026-04-09T20:00:19.000Z', 1989, 1800, 2200, 3300, NULL, NULL, NULL, NULL),
  ('019d617b-ec16-7cae-9c39-55a1b006737d', '019d1d0d-29d4-72a7-8cd5-45831f58077c', '2026-04-06T00:00:00.000Z', NULL, 11, NULL, NULL, NULL, NULL, NULL, NULL),
  ('019d66a2-4819-722d-b970-30ae193f7ff1', '019d1d0d-29d4-72a7-8cd5-45831f58077c', '2026-04-07T00:00:00.000Z', NULL, 11, NULL, NULL, NULL, NULL, NULL, NULL),
  ('019d6bc8-a58d-7c6b-ace9-35ea4b30ebf4', '019d1d0d-29d4-72a7-8cd5-45831f58077c', '2026-04-08T00:00:00.000Z', NULL, 11, NULL, NULL, NULL, NULL, NULL, NULL),
  ('019d70ef-0098-7b12-8dbe-6c4959f25a33', '019d1d0d-29d4-72a7-8cd5-45831f58077c', '2026-04-09T00:00:00.000Z', NULL, 11, NULL, NULL, NULL, NULL, NULL, NULL),
  ('019d7740-7e56-7541-9c23-60538f118e9f', '019d1d0d-29d4-72a7-8cd5-45831f58077c', '2026-04-10T00:00:00.000Z', NULL, 11, NULL, NULL, NULL, NULL, NULL, NULL),
  ('019d617b-ec16-7d7b-86f3-8fe78a6aab9a', '019d1d0d-29d4-73b4-86d4-949fe378c4d9', '2026-04-06T00:00:00.000Z', NULL, 578, NULL, NULL, NULL, NULL, NULL, NULL),
  ('019d66a2-4819-73d0-aa6d-fb8faf161a92', '019d1d0d-29d4-73b4-86d4-949fe378c4d9', '2026-04-07T00:00:00.000Z', NULL, 578, NULL, NULL, NULL, NULL, NULL, NULL),
  ('019d6bc8-a58d-7d21-99a2-1a6538331664', '019d1d0d-29d4-73b4-86d4-949fe378c4d9', '2026-04-08T00:00:00.000Z', NULL, 578, NULL, NULL, NULL, NULL, NULL, NULL),
  ('019d70ef-0098-7c13-a107-93a346ba7ec0', '019d1d0d-29d4-73b4-86d4-949fe378c4d9', '2026-04-09T00:00:00.000Z', NULL, 578, NULL, NULL, NULL, NULL, NULL, NULL),
  ('019d7740-7e56-7574-a1d9-395f05cc7e96', '019d1d0d-29d4-73b4-86d4-949fe378c4d9', '2026-04-10T00:00:00.000Z', NULL, 578, NULL, NULL, NULL, NULL, NULL, NULL),
  ('019d617b-ec70-730e-8ac9-dded34a637e8', '019d1d0d-2a12-77fd-95cd-d45001e9cea1', '2026-04-06T00:00:00.000Z', NULL, 60, NULL, NULL, NULL, NULL, NULL, NULL),
  ('019d66a2-486e-7b23-b0cf-504c88728e36', '019d1d0d-2a12-77fd-95cd-d45001e9cea1', '2026-04-07T00:00:00.000Z', NULL, 60, NULL, NULL, NULL, NULL, NULL, NULL),
  ('019d6bc8-a5f5-75e2-a046-5a8cae529e23', '019d1d0d-2a12-77fd-95cd-d45001e9cea1', '2026-04-08T00:00:00.000Z', NULL, 60, NULL, NULL, NULL, NULL, NULL, NULL),
  ('019d70ef-00e9-78df-8057-a36e9a213870', '019d1d0d-2a12-77fd-95cd-d45001e9cea1', '2026-04-09T00:00:00.000Z', NULL, 60, NULL, NULL, NULL, NULL, NULL, NULL),
  ('019d7740-7e74-73a0-8682-f097d63767bb', '019d1d0d-2a12-77fd-95cd-d45001e9cea1', '2026-04-10T00:00:00.000Z', NULL, 60, NULL, NULL, NULL, NULL, NULL, NULL),
  ('019d617b-ec70-7404-a3fa-43b739e52dd2', '019d1d0d-2a12-78fd-af18-feca7f775db6', '2026-04-06T00:00:00.000Z', NULL, 19, NULL, NULL, NULL, NULL, NULL, NULL),
  ('019d66a2-486e-7bf0-bb3d-e021101e2a73', '019d1d0d-2a12-78fd-af18-feca7f775db6', '2026-04-07T00:00:00.000Z', NULL, 19, NULL, NULL, NULL, NULL, NULL, NULL),
  ('019d6bc8-a5f5-76b4-9d8a-c5bbb27a8c58', '019d1d0d-2a12-78fd-af18-feca7f775db6', '2026-04-08T00:00:00.000Z', NULL, 19, NULL, NULL, NULL, NULL, NULL, NULL),
  ('019d70ef-00e9-7a2b-a730-94faf9739a6f', '019d1d0d-2a12-78fd-af18-feca7f775db6', '2026-04-09T00:00:00.000Z', NULL, 19, NULL, NULL, NULL, NULL, NULL, NULL),
  ('019d7740-7e74-73d4-b5ca-330dad1fc5a8', '019d1d0d-2a12-78fd-af18-feca7f775db6', '2026-04-10T00:00:00.000Z', NULL, 19, NULL, NULL, NULL, NULL, NULL, NULL),
  ('019d617b-ec70-7543-915c-630853862296', '019d1d0d-2a12-7a5e-8494-300c8e8979b0', '2026-04-06T00:00:00.000Z', NULL, 68, NULL, NULL, NULL, NULL, NULL, NULL),
  ('019d66a2-486e-7cee-844f-388d7404d7e6', '019d1d0d-2a12-7a5e-8494-300c8e8979b0', '2026-04-07T00:00:00.000Z', NULL, 68, NULL, NULL, NULL, NULL, NULL, NULL),
  ('019d6bc8-a5f5-77ea-9505-173f1057e22a', '019d1d0d-2a12-7a5e-8494-300c8e8979b0', '2026-04-08T00:00:00.000Z', NULL, 68, NULL, NULL, NULL, NULL, NULL, NULL),
  ('019d70ef-00e9-7b02-a4ff-aa89a05489aa', '019d1d0d-2a12-7a5e-8494-300c8e8979b0', '2026-04-09T00:00:00.000Z', NULL, 68, NULL, NULL, NULL, NULL, NULL, NULL),
  ('019d7740-7e74-7406-81d1-530b725d20f7', '019d1d0d-2a12-7a5e-8494-300c8e8979b0', '2026-04-10T00:00:00.000Z', NULL, 68, NULL, NULL, NULL, NULL, NULL, NULL),
  ('019d617b-ec70-765b-b8ea-36e775a465bc', '019d1d0d-2a12-7b45-a304-272c5131be99', '2026-04-06T00:00:00.000Z', NULL, 60, NULL, NULL, NULL, NULL, NULL, NULL),
  ('019d66a2-486e-7de5-aab3-9a9a6257a248', '019d1d0d-2a12-7b45-a304-272c5131be99', '2026-04-07T00:00:00.000Z', NULL, 60, NULL, NULL, NULL, NULL, NULL, NULL),
  ('019d6bc8-a5f5-78ab-9267-d1031543f83e', '019d1d0d-2a12-7b45-a304-272c5131be99', '2026-04-08T00:00:00.000Z', NULL, 60, NULL, NULL, NULL, NULL, NULL, NULL),
  ('019d70ef-00e9-7e12-9eca-cfca18fe0792', '019d1d0d-2a12-7b45-a304-272c5131be99', '2026-04-09T00:00:00.000Z', NULL, 60, NULL, NULL, NULL, NULL, NULL, NULL),
  ('019d7740-7e74-7438-8c68-72489a798d42', '019d1d0d-2a12-7b45-a304-272c5131be99', '2026-04-10T00:00:00.000Z', NULL, 60, NULL, NULL, NULL, NULL, NULL, NULL),
  ('019d617b-ec70-7738-a764-a93f24771274', '019d1d0d-2a12-7c29-b2d4-d8116beb889c', '2026-04-06T00:00:00.000Z', NULL, 12, NULL, NULL, NULL, NULL, NULL, NULL),
  ('019d66a2-486e-7ea4-b6f9-1e70b992520d', '019d1d0d-2a12-7c29-b2d4-d8116beb889c', '2026-04-07T00:00:00.000Z', NULL, 12, NULL, NULL, NULL, NULL, NULL, NULL),
  ('019d6bc8-a5f5-7c5e-8fa1-88908fd99eca', '019d1d0d-2a12-7c29-b2d4-d8116beb889c', '2026-04-08T00:00:00.000Z', NULL, 12, NULL, NULL, NULL, NULL, NULL, NULL),
  ('019d70ef-00e9-7f28-97d6-d1c2852aecc6', '019d1d0d-2a12-7c29-b2d4-d8116beb889c', '2026-04-09T00:00:00.000Z', NULL, 12, NULL, NULL, NULL, NULL, NULL, NULL),
  ('019d7740-7e74-746c-83c9-8907740a9efe', '019d1d0d-2a12-7c29-b2d4-d8116beb889c', '2026-04-10T00:00:00.000Z', NULL, 12, NULL, NULL, NULL, NULL, NULL, NULL),
  ('019d617b-ec70-7893-83e5-189b3fa0cdad', '019d1d0d-2a12-7d05-aa0d-3e757c90def6', '2026-04-06T00:00:00.000Z', NULL, 102, NULL, NULL, NULL, NULL, NULL, NULL),
  ('019d66a2-486e-7f5a-9a78-6f4ccb6113ea', '019d1d0d-2a12-7d05-aa0d-3e757c90def6', '2026-04-07T00:00:00.000Z', NULL, 102, NULL, NULL, NULL, NULL, NULL, NULL),
  ('019d6bc8-a5f5-7d72-8362-bd43ea02d27a', '019d1d0d-2a12-7d05-aa0d-3e757c90def6', '2026-04-08T00:00:00.000Z', NULL, 102, NULL, NULL, NULL, NULL, NULL, NULL),
  ('019d70ef-00ea-7008-b25e-1eb637d931a5', '019d1d0d-2a12-7d05-aa0d-3e757c90def6', '2026-04-09T00:00:00.000Z', NULL, 102, NULL, NULL, NULL, NULL, NULL, NULL),
  ('019d7740-7e74-749c-b614-d4b8c24ab6d0', '019d1d0d-2a12-7d05-aa0d-3e757c90def6', '2026-04-10T00:00:00.000Z', NULL, 102, NULL, NULL, NULL, NULL, NULL, NULL),
  ('019d617b-ec70-7b9d-bb2f-1eb9696f6204', '019d1d0d-2a12-7eea-8534-4738787b8ee3', '2026-04-06T00:00:00.000Z', NULL, 60, NULL, NULL, NULL, NULL, NULL, NULL),
  ('019d66a2-486f-7195-b0d6-e1d4c09e725d', '019d1d0d-2a12-7eea-8534-4738787b8ee3', '2026-04-07T00:00:00.000Z', NULL, 60, NULL, NULL, NULL, NULL, NULL, NULL),
  ('019d6bc8-a5f5-7fd1-9a07-5a461e430750', '019d1d0d-2a12-7eea-8534-4738787b8ee3', '2026-04-08T00:00:00.000Z', NULL, 60, NULL, NULL, NULL, NULL, NULL, NULL),
  ('019d70ef-00ea-7260-8aae-c557257c31e3', '019d1d0d-2a12-7eea-8534-4738787b8ee3', '2026-04-09T00:00:00.000Z', NULL, 60, NULL, NULL, NULL, NULL, NULL, NULL),
  ('019d7740-7e74-7536-af12-f56a2fc22961', '019d1d0d-2a12-7eea-8534-4738787b8ee3', '2026-04-10T00:00:00.000Z', NULL, 60, NULL, NULL, NULL, NULL, NULL, NULL),
  ('019d617b-ec70-7c87-b46a-b649b7f6f86a', '019d1d0d-2a12-7fca-b18d-20870e5070f6', '2026-04-06T00:00:00.000Z', NULL, 18, NULL, NULL, NULL, NULL, NULL, NULL),
  ('019d66a2-486f-7262-96d5-0cbd316137d7', '019d1d0d-2a12-7fca-b18d-20870e5070f6', '2026-04-07T00:00:00.000Z', NULL, 18, NULL, NULL, NULL, NULL, NULL, NULL),
  ('019d6bc8-a5f6-7092-961f-f6d8a3ed60ac', '019d1d0d-2a12-7fca-b18d-20870e5070f6', '2026-04-08T00:00:00.000Z', NULL, 18, NULL, NULL, NULL, NULL, NULL, NULL),
  ('019d70ef-00ea-7335-8609-8651edd33ade', '019d1d0d-2a12-7fca-b18d-20870e5070f6', '2026-04-09T00:00:00.000Z', NULL, 18, NULL, NULL, NULL, NULL, NULL, NULL),
  ('019d7740-7e74-7568-b0e2-20f76fc91de3', '019d1d0d-2a12-7fca-b18d-20870e5070f6', '2026-04-10T00:00:00.000Z', NULL, 18, NULL, NULL, NULL, NULL, NULL, NULL),
  ('019d617b-ec70-7d5c-8af1-21ea03f0992c', '019d1d0d-2a13-7187-bb9a-3d240d181f63', '2026-04-06T00:00:00.000Z', NULL, 160, NULL, NULL, NULL, NULL, NULL, NULL),
  ('019d66a2-486f-7315-a4f8-8d25cbbe68be', '019d1d0d-2a13-7187-bb9a-3d240d181f63', '2026-04-07T00:00:00.000Z', NULL, 160, NULL, NULL, NULL, NULL, NULL, NULL),
  ('019d6bc8-a5f6-714f-9d9e-02d0a6703481', '019d1d0d-2a13-7187-bb9a-3d240d181f63', '2026-04-08T00:00:00.000Z', NULL, 160, NULL, NULL, NULL, NULL, NULL, NULL),
  ('019d70ef-00ea-73fe-ba14-349c13e00558', '019d1d0d-2a13-7187-bb9a-3d240d181f63', '2026-04-09T00:00:00.000Z', NULL, 160, NULL, NULL, NULL, NULL, NULL, NULL),
  ('019d7740-7e74-759a-bd18-d64df5ce23ce', '019d1d0d-2a13-7187-bb9a-3d240d181f63', '2026-04-10T00:00:00.000Z', NULL, 160, NULL, NULL, NULL, NULL, NULL, NULL),
  ('019d617b-ec70-7e02-80ae-6f565f60f558', '019d1d0d-2a13-725e-bf19-d750818f5e29', '2026-04-06T00:00:00.000Z', NULL, 210, NULL, NULL, NULL, NULL, NULL, NULL),
  ('019d66a2-486f-73d3-85da-90e505cf57c3', '019d1d0d-2a13-725e-bf19-d750818f5e29', '2026-04-07T00:00:00.000Z', NULL, 210, NULL, NULL, NULL, NULL, NULL, NULL),
  ('019d6bc8-a5f6-720a-baaf-4049de429950', '019d1d0d-2a13-725e-bf19-d750818f5e29', '2026-04-08T00:00:00.000Z', NULL, 210, NULL, NULL, NULL, NULL, NULL, NULL),
  ('019d70ef-00ea-74dd-93c6-9fc36c64505d', '019d1d0d-2a13-725e-bf19-d750818f5e29', '2026-04-09T00:00:00.000Z', NULL, 210, NULL, NULL, NULL, NULL, NULL, NULL),
  ('019d7740-7e74-75cd-8ed7-7963ebf2d99e', '019d1d0d-2a13-725e-bf19-d750818f5e29', '2026-04-10T00:00:00.000Z', NULL, 210, NULL, NULL, NULL, NULL, NULL, NULL),
  ('019d617b-ec70-7ec1-afbe-88e8c15c37eb', '019d1d0d-2a13-732c-b0f5-67b22f750e16', '2026-04-06T00:00:00.000Z', NULL, 2500, NULL, NULL, NULL, NULL, NULL, NULL),
  ('019d66a2-486f-74a0-8814-63aa1cb5665b', '019d1d0d-2a13-732c-b0f5-67b22f750e16', '2026-04-07T00:00:00.000Z', NULL, 2139, NULL, NULL, NULL, NULL, NULL, NULL),
  ('019d6bc8-a5f6-72c5-be0b-ff532c7dcc78', '019d1d0d-2a13-732c-b0f5-67b22f750e16', '2026-04-08T00:00:00.000Z', NULL, 2139, NULL, NULL, NULL, NULL, NULL, NULL),
  ('019d70ef-00ea-75c9-9c6f-5cd21ffef3a2', '019d1d0d-2a13-732c-b0f5-67b22f750e16', '2026-04-09T00:00:00.000Z', NULL, 2139, NULL, NULL, NULL, NULL, NULL, NULL),
  ('019d7740-7e74-7633-87a2-aaf28e4402a3', '019d1d0d-2a13-732c-b0f5-67b22f750e16', '2026-04-10T00:00:00.000Z', NULL, 1521, NULL, NULL, NULL, NULL, NULL, NULL),
  ('019d617b-ec70-7fe5-9e57-728f6fb1002c', '019d1d0d-2a13-73fa-a275-c4328e51fc99', '2026-04-06T00:00:00.000Z', NULL, 358, NULL, NULL, NULL, NULL, NULL, NULL),
  ('019d66a2-486f-759d-8f89-1fd3ba422951', '019d1d0d-2a13-73fa-a275-c4328e51fc99', '2026-04-07T00:00:00.000Z', NULL, 358, NULL, NULL, NULL, NULL, NULL, NULL),
  ('019d6bc8-a5f6-73ef-b268-3e426b52e865', '019d1d0d-2a13-73fa-a275-c4328e51fc99', '2026-04-08T00:00:00.000Z', NULL, 358, NULL, NULL, NULL, NULL, NULL, NULL),
  ('019d70ef-00ea-76a0-973a-19c3d8cf83c4', '019d1d0d-2a13-73fa-a275-c4328e51fc99', '2026-04-09T00:00:00.000Z', NULL, 308, NULL, NULL, NULL, NULL, NULL, NULL),
  ('019d7740-7e74-7666-b822-38c8a9c88e4b', '019d1d0d-2a13-73fa-a275-c4328e51fc99', '2026-04-10T00:00:00.000Z', NULL, 308, NULL, NULL, NULL, NULL, NULL, NULL),
  ('019d617b-ec71-708c-acb1-d615259b76ca', '019d1d0d-2a13-74fa-885f-59cf33778864', '2026-04-06T00:00:00.000Z', NULL, 130, NULL, NULL, NULL, NULL, NULL, NULL),
  ('019d66a2-486f-7670-bfd5-2e3d3ab9b162', '019d1d0d-2a13-74fa-885f-59cf33778864', '2026-04-07T00:00:00.000Z', NULL, 130, NULL, NULL, NULL, NULL, NULL, NULL),
  ('019d6bc8-a5f6-74a8-a049-40e95961eebd', '019d1d0d-2a13-74fa-885f-59cf33778864', '2026-04-08T00:00:00.000Z', NULL, 145, NULL, NULL, NULL, NULL, NULL, NULL),
  ('019d70ef-00ea-7a10-b9a8-2fa072f1d77d', '019d1d0d-2a13-74fa-885f-59cf33778864', '2026-04-09T00:00:00.000Z', NULL, 145, NULL, NULL, NULL, NULL, NULL, NULL),
  ('019d7740-7e74-7699-9aef-55b6675c32dc', '019d1d0d-2a13-74fa-885f-59cf33778864', '2026-04-10T00:00:00.000Z', NULL, 145, NULL, NULL, NULL, NULL, NULL, NULL),
  ('019d617b-ec71-711c-b491-e98d9d583a97', '019d1d0d-2a13-7608-a7ea-8df61acf411f', '2026-04-06T00:00:00.000Z', NULL, 210, NULL, NULL, NULL, NULL, NULL, NULL),
  ('019d66a2-486f-774d-b6ef-a87bd1c0038a', '019d1d0d-2a13-7608-a7ea-8df61acf411f', '2026-04-07T00:00:00.000Z', NULL, 210, NULL, NULL, NULL, NULL, NULL, NULL),
  ('019d6bc8-a5f6-75cb-b56f-bde9ec5731f5', '019d1d0d-2a13-7608-a7ea-8df61acf411f', '2026-04-08T00:00:00.000Z', NULL, 210, NULL, NULL, NULL, NULL, NULL, NULL),
  ('019d70ef-00ea-7b1b-9bff-34f42a303481', '019d1d0d-2a13-7608-a7ea-8df61acf411f', '2026-04-09T00:00:00.000Z', NULL, 210, NULL, NULL, NULL, NULL, NULL, NULL),
  ('019d7740-7e74-76cb-a894-f80e2fd3e7eb', '019d1d0d-2a13-7608-a7ea-8df61acf411f', '2026-04-10T00:00:00.000Z', NULL, 210, NULL, NULL, NULL, NULL, NULL, NULL),
  ('019d617b-ec71-71ac-b19a-fecac066da2f', '019d1d0d-2a13-76de-a67e-0806fa6f4239', '2026-04-06T00:00:00.000Z', NULL, 145, NULL, NULL, NULL, NULL, NULL, NULL),
  ('019d66a2-486f-781c-830a-44e387e10c12', '019d1d0d-2a13-76de-a67e-0806fa6f4239', '2026-04-07T00:00:00.000Z', NULL, 145, NULL, NULL, NULL, NULL, NULL, NULL),
  ('019d6bc8-a5f6-7687-b021-d55c6a882bca', '019d1d0d-2a13-76de-a67e-0806fa6f4239', '2026-04-08T00:00:00.000Z', NULL, 145, NULL, NULL, NULL, NULL, NULL, NULL),
  ('019d70ef-00ea-7bec-ad13-6195c5119311', '019d1d0d-2a13-76de-a67e-0806fa6f4239', '2026-04-09T00:00:00.000Z', NULL, 145, NULL, NULL, NULL, NULL, NULL, NULL),
  ('019d7740-7e74-76fe-a082-893290b95f7b', '019d1d0d-2a13-76de-a67e-0806fa6f4239', '2026-04-10T00:00:00.000Z', NULL, 145, NULL, NULL, NULL, NULL, NULL, NULL),
  ('019d617b-ec71-723b-9c24-a6a045373b3b', '019d1d0d-2a13-77ad-8d8a-9b52e88749c8', '2026-04-06T00:00:00.000Z', NULL, 11, NULL, NULL, NULL, NULL, NULL, NULL),
  ('019d66a2-486f-78d8-86c8-bd5c2205a397', '019d1d0d-2a13-77ad-8d8a-9b52e88749c8', '2026-04-07T00:00:00.000Z', NULL, 11, NULL, NULL, NULL, NULL, NULL, NULL),
  ('019d6bc8-a5f6-7742-a43d-8426bb3b29cf', '019d1d0d-2a13-77ad-8d8a-9b52e88749c8', '2026-04-08T00:00:00.000Z', NULL, 11, NULL, NULL, NULL, NULL, NULL, NULL),
  ('019d70ef-00ea-7cb7-a919-5bea4df302dd', '019d1d0d-2a13-77ad-8d8a-9b52e88749c8', '2026-04-09T00:00:00.000Z', NULL, 11, NULL, NULL, NULL, NULL, NULL, NULL),
  ('019d7740-7e74-7731-bed4-2e3fe8d98546', '019d1d0d-2a13-77ad-8d8a-9b52e88749c8', '2026-04-10T00:00:00.000Z', NULL, 11, NULL, NULL, NULL, NULL, NULL, NULL),
  ('019d617b-ec71-731e-8e70-e3f561467b56', '019d1d0d-2a13-787a-b3cb-e673420bae1f', '2026-04-06T00:00:00.000Z', NULL, 861, NULL, NULL, NULL, NULL, NULL, NULL),
  ('019d66a2-486f-7a95-b3fe-b8f089900563', '019d1d0d-2a13-787a-b3cb-e673420bae1f', '2026-04-07T00:00:00.000Z', NULL, 818, NULL, NULL, NULL, NULL, NULL, NULL),
  ('019d6bc8-a5f6-7b92-9614-24e08a4f56d4', '019d1d0d-2a13-787a-b3cb-e673420bae1f', '2026-04-08T00:00:00.000Z', NULL, 779, NULL, NULL, NULL, NULL, NULL, NULL),
  ('019d70ef-00ea-7d94-87af-871307726366', '019d1d0d-2a13-787a-b3cb-e673420bae1f', '2026-04-09T00:00:00.000Z', NULL, 764, NULL, NULL, NULL, NULL, NULL, NULL),
  ('019d7740-7e74-7762-91ae-46d2325201a3', '019d1d0d-2a13-787a-b3cb-e673420bae1f', '2026-04-10T00:00:00.000Z', NULL, 764, NULL, NULL, NULL, NULL, NULL, NULL),
  ('019d617b-ec71-73b4-a098-5a07021cbf2c', '019d1d0d-2a13-7948-9867-57ec1faaf50c', '2026-04-06T00:00:00.000Z', NULL, 70, NULL, NULL, NULL, NULL, NULL, NULL),
  ('019d66a2-486f-7b5b-be0c-945df6b38244', '019d1d0d-2a13-7948-9867-57ec1faaf50c', '2026-04-07T00:00:00.000Z', NULL, 70, NULL, NULL, NULL, NULL, NULL, NULL),
  ('019d6bc8-a5f6-7c9e-bcb5-5a31b5aea800', '019d1d0d-2a13-7948-9867-57ec1faaf50c', '2026-04-08T00:00:00.000Z', NULL, 70, NULL, NULL, NULL, NULL, NULL, NULL),
  ('019d70ef-00ea-7e5b-b9be-c4775f7467eb', '019d1d0d-2a13-7948-9867-57ec1faaf50c', '2026-04-09T00:00:00.000Z', NULL, 70, NULL, NULL, NULL, NULL, NULL, NULL),
  ('019d7740-7e74-779a-bead-f6a9c803519e', '019d1d0d-2a13-7948-9867-57ec1faaf50c', '2026-04-10T00:00:00.000Z', NULL, 70, NULL, NULL, NULL, NULL, NULL, NULL),
  ('019d617b-ec71-743f-a91b-69a72959ee62', '019d1d0d-2a13-7a28-ae18-018b7cb0a03b', '2026-04-06T00:00:00.000Z', NULL, 714, NULL, NULL, NULL, NULL, NULL, NULL),
  ('019d66a2-486f-7c2c-9d26-1fe1b291fa1e', '019d1d0d-2a13-7a28-ae18-018b7cb0a03b', '2026-04-07T00:00:00.000Z', NULL, 714, NULL, NULL, NULL, NULL, NULL, NULL),
  ('019d6bc8-a5f6-7d57-939b-e5d5cb697bd5', '019d1d0d-2a13-7a28-ae18-018b7cb0a03b', '2026-04-08T00:00:00.000Z', NULL, 714, NULL, NULL, NULL, NULL, NULL, NULL),
  ('019d70ef-00ea-7f2c-b5a3-ad46d75fd6bc', '019d1d0d-2a13-7a28-ae18-018b7cb0a03b', '2026-04-09T00:00:00.000Z', NULL, 714, NULL, NULL, NULL, NULL, NULL, NULL),
  ('019d7740-7e74-77ca-b365-23479d7972bf', '019d1d0d-2a13-7a28-ae18-018b7cb0a03b', '2026-04-10T00:00:00.000Z', NULL, 714, NULL, NULL, NULL, NULL, NULL, NULL),
  ('019d617b-ec71-74ce-b852-7f22aebad1af', '019d1d0d-2a13-7b09-a64e-99353acec162', '2026-04-06T00:00:00.000Z', NULL, 56, NULL, NULL, NULL, NULL, NULL, NULL),
  ('019d66a2-486f-7ce7-803a-b5a1b53de106', '019d1d0d-2a13-7b09-a64e-99353acec162', '2026-04-07T00:00:00.000Z', NULL, 57, NULL, NULL, NULL, NULL, NULL, NULL),
  ('019d6bc8-a5f6-7e17-a325-d1e281230444', '019d1d0d-2a13-7b09-a64e-99353acec162', '2026-04-08T00:00:00.000Z', NULL, 56, NULL, NULL, NULL, NULL, NULL, NULL),
  ('019d70ef-00ea-7ffa-a62d-da048665b287', '019d1d0d-2a13-7b09-a64e-99353acec162', '2026-04-09T00:00:00.000Z', NULL, 56, NULL, NULL, NULL, NULL, NULL, NULL),
  ('019d7740-7e74-77fb-99a6-242ea6870fad', '019d1d0d-2a13-7b09-a64e-99353acec162', '2026-04-10T00:00:00.000Z', NULL, 55, NULL, NULL, NULL, NULL, NULL, NULL),
  ('019d617b-ec71-755a-a542-f7789fe62aa9', '019d1d0d-2a13-7be0-a676-a11bf15d0ffd', '2026-04-06T00:00:00.000Z', NULL, 1436, NULL, NULL, NULL, NULL, NULL, NULL),
  ('019d66a2-486f-7da3-bc1d-1c9424ec01f0', '019d1d0d-2a13-7be0-a676-a11bf15d0ffd', '2026-04-07T00:00:00.000Z', NULL, 1436, NULL, NULL, NULL, NULL, NULL, NULL),
  ('019d6bc8-a5f6-7ecc-afc4-b09b6e4f3129', '019d1d0d-2a13-7be0-a676-a11bf15d0ffd', '2026-04-08T00:00:00.000Z', NULL, 697, NULL, NULL, NULL, NULL, NULL, NULL),
  ('019d70ef-00eb-70c1-914d-3bc5aadce6a8', '019d1d0d-2a13-7be0-a676-a11bf15d0ffd', '2026-04-09T00:00:00.000Z', NULL, 697, NULL, NULL, NULL, NULL, NULL, NULL),
  ('019d7740-7e74-782e-b181-7049f80bec05', '019d1d0d-2a13-7be0-a676-a11bf15d0ffd', '2026-04-10T00:00:00.000Z', NULL, 693, NULL, NULL, NULL, NULL, NULL, NULL),
  ('019d617b-ec71-7b2e-833b-4f1e10443757', '019d1d0d-2a13-7ce6-9913-9c01116eaf2a', '2026-04-06T00:00:00.000Z', NULL, 60, NULL, NULL, NULL, NULL, NULL, NULL),
  ('019d66a2-486f-7e9f-b4f0-b946acb8fa2b', '019d1d0d-2a13-7ce6-9913-9c01116eaf2a', '2026-04-07T00:00:00.000Z', NULL, 60, NULL, NULL, NULL, NULL, NULL, NULL),
  ('019d6bc8-a5f6-7f83-92c9-dff08d42ea9c', '019d1d0d-2a13-7ce6-9913-9c01116eaf2a', '2026-04-08T00:00:00.000Z', NULL, 60, NULL, NULL, NULL, NULL, NULL, NULL),
  ('019d70ef-00eb-71a1-9d5a-5be519c5c763', '019d1d0d-2a13-7ce6-9913-9c01116eaf2a', '2026-04-09T00:00:00.000Z', NULL, 60, NULL, NULL, NULL, NULL, NULL, NULL),
  ('019d7740-7e74-78d8-af27-e03e15ce853d', '019d1d0d-2a13-7ce6-9913-9c01116eaf2a', '2026-04-10T00:00:00.000Z', NULL, 60, NULL, NULL, NULL, NULL, NULL, NULL),
  ('019d617b-ec71-7c37-94e3-d85aeab5a50e', '019d1d0d-2a13-7e04-8b8c-a1095cd91add', '2026-04-06T00:00:00.000Z', NULL, 60, NULL, NULL, NULL, NULL, NULL, NULL),
  ('019d66a2-486f-7f5f-8526-6c909e7453cf', '019d1d0d-2a13-7e04-8b8c-a1095cd91add', '2026-04-07T00:00:00.000Z', NULL, 60, NULL, NULL, NULL, NULL, NULL, NULL),
  ('019d6bc8-a5f7-7039-acef-222908365b1d', '019d1d0d-2a13-7e04-8b8c-a1095cd91add', '2026-04-08T00:00:00.000Z', NULL, 60, NULL, NULL, NULL, NULL, NULL, NULL),
  ('019d70ef-00eb-726f-84b8-6f7675a43fbc', '019d1d0d-2a13-7e04-8b8c-a1095cd91add', '2026-04-09T00:00:00.000Z', NULL, 60, NULL, NULL, NULL, NULL, NULL, NULL),
  ('019d7740-7e74-7916-b88d-e4961547a464', '019d1d0d-2a13-7e04-8b8c-a1095cd91add', '2026-04-10T00:00:00.000Z', NULL, 60, NULL, NULL, NULL, NULL, NULL, NULL),
  ('019d617b-ec71-7d21-ac6d-2739ef49bbe3', '019d1d0d-2a13-7edd-9611-9407c5b8fef1', '2026-04-06T00:00:00.000Z', NULL, 60, NULL, NULL, NULL, NULL, NULL, NULL),
  ('019d66a2-4870-7022-adb4-26e633470252', '019d1d0d-2a13-7edd-9611-9407c5b8fef1', '2026-04-07T00:00:00.000Z', NULL, 60, NULL, NULL, NULL, NULL, NULL, NULL),
  ('019d6bc8-a5f7-70fc-aecf-bfd99678e299', '019d1d0d-2a13-7edd-9611-9407c5b8fef1', '2026-04-08T00:00:00.000Z', NULL, 60, NULL, NULL, NULL, NULL, NULL, NULL),
  ('019d70ef-00eb-7383-bd45-456381e31e7d', '019d1d0d-2a13-7edd-9611-9407c5b8fef1', '2026-04-09T00:00:00.000Z', NULL, 60, NULL, NULL, NULL, NULL, NULL, NULL),
  ('019d7740-7e74-794e-821d-a4d177440106', '019d1d0d-2a13-7edd-9611-9407c5b8fef1', '2026-04-10T00:00:00.000Z', NULL, 60, NULL, NULL, NULL, NULL, NULL, NULL),
  ('019d617b-ecd6-7b3f-a292-0b8b4a17f821', '019d1d0d-2a67-7a7d-aa5f-010de2d9c98e', '2026-04-06T00:00:00.000Z', NULL, 11, NULL, NULL, NULL, NULL, NULL, NULL),
  ('019d66a2-48b6-7f91-a307-dd35723007af', '019d1d0d-2a67-7a7d-aa5f-010de2d9c98e', '2026-04-07T00:00:00.000Z', NULL, 12, NULL, NULL, NULL, NULL, NULL, NULL),
  ('019d6bc8-a641-7ebe-b662-5b9e300a244d', '019d1d0d-2a67-7a7d-aa5f-010de2d9c98e', '2026-04-08T00:00:00.000Z', NULL, 11, NULL, NULL, NULL, NULL, NULL, NULL),
  ('019d70ef-0140-7803-b167-dab33080eb93', '019d1d0d-2a67-7a7d-aa5f-010de2d9c98e', '2026-04-09T00:00:00.000Z', NULL, 11, NULL, NULL, NULL, NULL, NULL, NULL),
  ('019d7740-7e8d-7d59-9995-9d454c2c58f5', '019d1d0d-2a67-7a7d-aa5f-010de2d9c98e', '2026-04-10T00:00:00.000Z', NULL, 11, NULL, NULL, NULL, NULL, NULL, NULL),
  ('019d617b-ecd8-7a6e-93df-ec82872b61b8', '019d1d0d-2a68-727a-af66-1191170bf46e', '2026-04-06T00:00:00.000Z', NULL, 1271, NULL, NULL, NULL, NULL, NULL, NULL),
  ('019d66a2-48b8-7d4a-a5a0-adfe276c7c25', '019d1d0d-2a68-727a-af66-1191170bf46e', '2026-04-07T00:00:00.000Z', NULL, 1271, NULL, NULL, NULL, NULL, NULL, NULL),
  ('019d6bc8-a644-7195-8bb4-ddc8f6e49e25', '019d1d0d-2a68-727a-af66-1191170bf46e', '2026-04-08T00:00:00.000Z', NULL, 1271, NULL, NULL, NULL, NULL, NULL, NULL),
  ('019d70ef-0142-7bc6-9244-ab4071e820d2', '019d1d0d-2a68-727a-af66-1191170bf46e', '2026-04-09T00:00:00.000Z', NULL, 1221, NULL, NULL, NULL, NULL, NULL, NULL),
  ('019d7740-7e8e-75e9-9f76-e2516d094800', '019d1d0d-2a68-727a-af66-1191170bf46e', '2026-04-10T00:00:00.000Z', NULL, 1221, NULL, NULL, NULL, NULL, NULL, NULL),
  ('019d617b-ecea-7c47-8fdd-eaaae6719622', '019d1d0d-2a68-7374-9c22-12476c20a361', '2026-04-06T00:00:00.000Z', NULL, 876, NULL, NULL, NULL, NULL, NULL, NULL),
  ('019d66a2-48c8-7d28-80dd-35322ebd3a6b', '019d1d0d-2a68-7374-9c22-12476c20a361', '2026-04-07T00:00:00.000Z', NULL, 876, NULL, NULL, NULL, NULL, NULL, NULL),
  ('019d6bc8-a653-79ac-b5d7-f4dcc01ba48c', '019d1d0d-2a68-7374-9c22-12476c20a361', '2026-04-08T00:00:00.000Z', NULL, 891, NULL, NULL, NULL, NULL, NULL, NULL),
  ('019d70ef-0159-7d29-9ff9-7bff2a468886', '019d1d0d-2a68-7374-9c22-12476c20a361', '2026-04-09T00:00:00.000Z', NULL, 891, NULL, NULL, NULL, NULL, NULL, NULL),
  ('019d7740-7e96-7772-9fd6-96c8b457ee48', '019d1d0d-2a68-7374-9c22-12476c20a361', '2026-04-10T00:00:00.000Z', NULL, 891, NULL, NULL, NULL, NULL, NULL, NULL),
  ('019d617b-ecea-7ff4-bff8-55df9add0168', '019d1d0d-2a68-746b-b5d0-cfa838348e4a', '2026-04-06T00:00:00.000Z', NULL, 1005, NULL, NULL, NULL, NULL, NULL, NULL),
  ('019d66a2-48c9-716c-99cf-7cf4d5b17c3c', '019d1d0d-2a68-746b-b5d0-cfa838348e4a', '2026-04-07T00:00:00.000Z', NULL, 1005, NULL, NULL, NULL, NULL, NULL, NULL),
  ('019d6bc8-a653-7c6c-8ecf-24200c5b3f33', '019d1d0d-2a68-746b-b5d0-cfa838348e4a', '2026-04-08T00:00:00.000Z', NULL, 1005, NULL, NULL, NULL, NULL, NULL, NULL),
  ('019d70ef-015a-703e-9dd6-478e65c47607', '019d1d0d-2a68-746b-b5d0-cfa838348e4a', '2026-04-09T00:00:00.000Z', NULL, 1209, NULL, NULL, NULL, NULL, NULL, NULL),
  ('019d7740-7e96-7981-b3c4-ff224a771fa9', '019d1d0d-2a68-746b-b5d0-cfa838348e4a', '2026-04-10T00:00:00.000Z', NULL, 1221, NULL, NULL, NULL, NULL, NULL, NULL),
  ('019d47a0-99b9-7bad-acdc-769b6f7bef06', '019d20e6-639d-7de2-a3f4-345b222add3e', '2026-03-31T20:00:35.000Z', 672, 571, 850, 1999, NULL, NULL, NULL, NULL),
  ('019d4cc6-f555-7e98-a831-7a9be65d7d4d', '019d20e6-639d-7de2-a3f4-345b222add3e', '2026-04-01T20:00:19.000Z', 707, 584, 849, 1999, NULL, NULL, NULL, NULL),
  ('019d51ed-52cf-71c3-b032-6f6697921d33', '019d20e6-639d-7de2-a3f4-345b222add3e', '2026-04-02T20:00:16.000Z', 713, 475, 876, 1999, NULL, NULL, NULL, NULL),
  ('019d5713-ad41-79bb-8fb3-57d1f325f27e', '019d20e6-639d-7de2-a3f4-345b222add3e', '2026-04-03T20:00:18.000Z', 675, 551, 876, 1999, NULL, NULL, NULL, NULL),
  ('019d7773-ba06-7570-898e-eaec6c467e54', '019d20e6-639d-7de2-a3f4-345b222add3e', '2026-04-09T20:00:20.000Z', 758, 563, 802, 1999, NULL, NULL, NULL, NULL),
  ('019d47a0-9a71-77df-80ea-d0a08398cd0e', '019d20e6-aa4c-70f9-908f-02f7610971ed', '2026-03-31T20:00:34.000Z', 636, 499, 920, 3000, NULL, NULL, NULL, NULL),
  ('019d4cc6-f60f-75e6-8e6c-3b5aa3c56bd3', '019d20e6-aa4c-70f9-908f-02f7610971ed', '2026-04-01T20:00:18.000Z', 633, 499, 909, 3000, NULL, NULL, NULL, NULL),
  ('019d51ed-536a-715a-831f-f502cc47d140', '019d20e6-aa4c-70f9-908f-02f7610971ed', '2026-04-02T20:00:15.000Z', 620, 499, 895, 3000, NULL, NULL, NULL, NULL),
  ('019d5713-adf9-7374-b079-7da806c585a8', '019d20e6-aa4c-70f9-908f-02f7610971ed', '2026-04-03T20:00:17.000Z', 624, 499, 892, 3000, NULL, NULL, NULL, NULL),
  ('019d7773-ba43-7ca7-aaf0-9ce5a454f038', '019d20e6-aa4c-70f9-908f-02f7610971ed', '2026-04-09T20:00:19.000Z', 643, 470, 754, 3000, NULL, NULL, NULL, NULL),
  ('019d616e-235f-775d-9247-e1f1dbe83663', '019d20e6-de36-71a5-9651-69e938c91a09', '2026-04-06T00:44:51.000Z', 594, 350, NULL, NULL, 418, 472, 432, 510),
  ('019d6694-7d84-7f64-ad4e-570a0b3b4f44', '019d20e6-de36-71a5-9651-69e938c91a09', '2026-04-07T00:43:47.000Z', 594, 350, NULL, NULL, 413, 439, 432, 508),
  ('019d6bba-d949-7105-97fc-8c02936fca34', '019d20e6-de36-71a5-9651-69e938c91a09', '2026-04-08T00:45:43.000Z', 594, 344, NULL, NULL, 407, 400, 434, 500),
  ('019d70e1-355e-7c94-988e-9212dab9b7c7', '019d20e6-de36-71a5-9651-69e938c91a09', '2026-04-09T00:48:09.000Z', 594, 345, NULL, NULL, 434, 662, 468, 501),
  ('019d7776-ef32-73de-8c93-a5cda1da1277', '019d20e6-de36-71a5-9651-69e938c91a09', '2026-04-10T00:49:35.000Z', 594, 320, NULL, NULL, 430, 662, 468, 501),
  ('019d617b-ecd7-7321-91e0-4247868c175f', '019d20e7-024e-7678-aab8-a4f3d4131f97', '2026-04-06T00:00:00.000Z', NULL, 393, NULL, NULL, NULL, NULL, NULL, NULL),
  ('019d66a2-48b7-788f-9d8c-fe8fb3bea365', '019d20e7-024e-7678-aab8-a4f3d4131f97', '2026-04-07T00:00:00.000Z', NULL, 393, NULL, NULL, NULL, NULL, NULL, NULL),
  ('019d6bc8-a642-75f4-a0d6-0d714d12f5b7', '019d20e7-024e-7678-aab8-a4f3d4131f97', '2026-04-08T00:00:00.000Z', NULL, 393, NULL, NULL, NULL, NULL, NULL, NULL),
  ('019d70ef-0141-719d-aaa4-9d8f2c5a8c99', '019d20e7-024e-7678-aab8-a4f3d4131f97', '2026-04-09T00:00:00.000Z', NULL, 391, NULL, NULL, NULL, NULL, NULL, NULL),
  ('019d7740-7e8d-7fdd-a9ec-7ec33cf735b3', '019d20e7-024e-7678-aab8-a4f3d4131f97', '2026-04-10T00:00:00.000Z', NULL, 379, NULL, NULL, NULL, NULL, NULL, NULL),
  ('019d616e-23f0-7d3d-a899-2a2450bc5f12', '019d20e7-1e9e-70d6-a37c-01288b77a1df', '2026-04-06T00:44:51.000Z', 1035, 800, NULL, NULL, 853, 1000, 984, 1046),
  ('019d6694-7ebe-7556-bf05-e7d6270d335b', '019d20e7-1e9e-70d6-a37c-01288b77a1df', '2026-04-07T00:43:47.000Z', 1035, 785, NULL, NULL, 850, 900, 959, 1033),
  ('019d6bba-da28-7fd4-ade9-a022bee6f2a6', '019d20e7-1e9e-70d6-a37c-01288b77a1df', '2026-04-08T00:45:43.000Z', 1035, 700, NULL, NULL, 866, 866, 942, 1007),
  ('019d70e1-35e8-7b61-b7ac-0e9249dd0af2', '019d20e7-1e9e-70d6-a37c-01288b77a1df', '2026-04-09T00:48:09.000Z', 1035, 700, NULL, NULL, 888, 999, 917, 975),
  ('019d7776-ef56-7620-bdef-230c5eaf18be', '019d20e7-1e9e-70d6-a37c-01288b77a1df', '2026-04-10T00:49:35.000Z', 1035, 800, NULL, NULL, 885, 999, 917, 975),
  ('019d616e-23ed-7f10-b4dc-0c7aa2c73c16', '019d20e7-2b3a-7260-8dea-2adb77cefaf8', '2026-04-06T00:44:51.000Z', 700, 450, NULL, NULL, 658, 759, 682, 666),
  ('019d6694-7ebd-7868-ba88-7708f850d934', '019d20e7-2b3a-7260-8dea-2adb77cefaf8', '2026-04-07T00:43:47.000Z', 700, 450, NULL, NULL, 676, 786, 696, 666),
  ('019d6bba-da28-70c5-b945-f749affbaa02', '019d20e7-2b3a-7260-8dea-2adb77cefaf8', '2026-04-08T00:45:43.000Z', 671, 499, NULL, NULL, 677, 668, 689, 667),
  ('019d70e1-35e6-7765-91b2-50618b3a0a52', '019d20e7-2b3a-7260-8dea-2adb77cefaf8', '2026-04-09T00:48:09.000Z', 671, 450, NULL, NULL, 694, 794, 712, 669),
  ('019d7776-ef55-7fc6-9fd7-c4500cfd7efd', '019d20e7-2b3a-7260-8dea-2adb77cefaf8', '2026-04-10T00:49:35.000Z', 671, 500, NULL, NULL, 710, 794, 712, 669),
  ('019d617b-ecd6-7be5-a01e-4ef17de963be', '019d20e7-6444-7354-9cbd-183bd5d123c2', '2026-04-06T00:00:00.000Z', NULL, 564, NULL, NULL, NULL, NULL, NULL, NULL),
  ('019d66a2-48b7-70b6-bcd4-a210805f8ea4', '019d20e7-6444-7354-9cbd-183bd5d123c2', '2026-04-07T00:00:00.000Z', NULL, 564, NULL, NULL, NULL, NULL, NULL, NULL),
  ('019d6bc8-a641-7f50-bce9-be197ff3abbd', '019d20e7-6444-7354-9cbd-183bd5d123c2', '2026-04-08T00:00:00.000Z', NULL, 564, NULL, NULL, NULL, NULL, NULL, NULL),
  ('019d70ef-0140-796e-a2a6-820a08a0f021', '019d20e7-6444-7354-9cbd-183bd5d123c2', '2026-04-09T00:00:00.000Z', NULL, 564, NULL, NULL, NULL, NULL, NULL, NULL),
  ('019d7740-7e8d-7d8b-aed1-5efbb297d136', '019d20e7-6444-7354-9cbd-183bd5d123c2', '2026-04-10T00:00:00.000Z', NULL, 564, NULL, NULL, NULL, NULL, NULL, NULL),
  ('019d47a0-9a96-712e-8fae-73bdd7dd7b48', '019d271d-3bc8-715b-a631-c098461c9605', '2026-03-31T20:00:34.000Z', 1010, 725, 1076, 2500, NULL, NULL, NULL, NULL),
  ('019d4cc6-f636-7d50-8e52-ddb06cf972d1', '019d271d-3bc8-715b-a631-c098461c9605', '2026-04-01T20:00:18.000Z', 1010, 724, 1076, 2500, NULL, NULL, NULL, NULL),
  ('019d51ed-5383-7f7f-94a3-db6622388d01', '019d271d-3bc8-715b-a631-c098461c9605', '2026-04-02T20:00:15.000Z', 1010, 699, 1040, 2500, NULL, NULL, NULL, NULL),
  ('019d5713-ae13-7eb1-95b0-8ba9836a558f', '019d271d-3bc8-715b-a631-c098461c9605', '2026-04-03T20:00:17.000Z', 969, 699, 1032, 2500, NULL, NULL, NULL, NULL),
  ('019d7773-ba4d-7a8c-8946-dc19de063251', '019d271d-3bc8-715b-a631-c098461c9605', '2026-04-09T20:00:19.000Z', 948, 826, 1010, 2500, NULL, NULL, NULL, NULL),
  ('019d616e-23f1-7a04-ba4d-ffa764f96534', '019d271d-3bc8-7b9b-900b-4a070ee1c013', '2026-04-06T00:44:51.000Z', 444, 300, NULL, NULL, 391, 413, 425, 434),
  ('019d6694-7ebf-7588-8e75-1f3afd321792', '019d271d-3bc8-7b9b-900b-4a070ee1c013', '2026-04-07T00:43:47.000Z', 427, 300, NULL, NULL, 389, 400, 430, 433),
  ('019d6bba-da2a-70bb-9917-8d82804290ba', '019d271d-3bc8-7b9b-900b-4a070ee1c013', '2026-04-08T00:45:43.000Z', 427, 300, NULL, NULL, 385, 375, 418, 431),
  ('019d70e1-35ec-71ce-8200-721596e777b1', '019d271d-3bc8-7b9b-900b-4a070ee1c013', '2026-04-09T00:48:09.000Z', 427, 300, NULL, NULL, 377, 333, 412, 428),
  ('019d7776-ef56-7979-bec0-5b844aa772cd', '019d271d-3bc8-7b9b-900b-4a070ee1c013', '2026-04-10T00:49:35.000Z', 427, 300, NULL, NULL, 374, 333, 412, 428),
  ('019d617b-eceb-7133-8a4c-adfb9245803a', '019d271d-3bc8-7dd0-ae1e-8a1580674560', '2026-04-06T00:00:00.000Z', NULL, 707, NULL, NULL, NULL, NULL, NULL, NULL),
  ('019d66a2-48c9-7276-9c10-6154ffa9182e', '019d271d-3bc8-7dd0-ae1e-8a1580674560', '2026-04-07T00:00:00.000Z', NULL, 707, NULL, NULL, NULL, NULL, NULL, NULL),
  ('019d6bc8-a653-7d1f-98e1-361581082867', '019d271d-3bc8-7dd0-ae1e-8a1580674560', '2026-04-08T00:00:00.000Z', NULL, 707, NULL, NULL, NULL, NULL, NULL, NULL),
  ('019d70ef-015a-7130-b835-50874306ed1e', '019d271d-3bc8-7dd0-ae1e-8a1580674560', '2026-04-09T00:00:00.000Z', NULL, 707, NULL, NULL, NULL, NULL, NULL, NULL),
  ('019d7740-7e96-79ce-a8c0-060173ed4035', '019d271d-3bc8-7dd0-ae1e-8a1580674560', '2026-04-10T00:00:00.000Z', NULL, 707, NULL, NULL, NULL, NULL, NULL, NULL),
  ('019d47a0-9a96-727b-b751-5954e3b5a4c9', '019d271d-71ad-74f6-a38d-54b605523b7a', '2026-03-31T20:00:34.000Z', 4285, 3800, 4850, 12500, NULL, NULL, NULL, NULL),
  ('019d4cc6-f636-7ed0-8407-a872f3363d75', '019d271d-71ad-74f6-a38d-54b605523b7a', '2026-04-01T20:00:18.000Z', 4280, 3600, 4850, 12500, NULL, NULL, NULL, NULL),
  ('019d51ed-5384-70a5-8662-ec4e39744f80', '019d271d-71ad-74f6-a38d-54b605523b7a', '2026-04-02T20:00:15.000Z', 4268, 3600, 4850, 12500, NULL, NULL, NULL, NULL),
  ('019d5713-ae13-7fc2-9745-4a9b249eea4a', '019d271d-71ad-74f6-a38d-54b605523b7a', '2026-04-03T20:00:17.000Z', 4137, 3574, 4760, 12500, NULL, NULL, NULL, NULL),
  ('019d7773-ba4d-7b69-85de-9065366b059b', '019d271d-71ad-74f6-a38d-54b605523b7a', '2026-04-09T20:00:19.000Z', 3953, 3400, 4280, 12500, NULL, NULL, NULL, NULL),
  ('019d616e-23f1-7bb3-8584-3efa56122262', '019d271d-892d-7aad-a425-802f4111cba4', '2026-04-06T00:44:51.000Z', 1278, 800, NULL, NULL, 1189, 1200, 1292, 1294),
  ('019d6694-7ebf-7763-a7dd-e7d17e37f28c', '019d271d-892d-7aad-a425-802f4111cba4', '2026-04-07T00:43:47.000Z', 1278, 1000, NULL, NULL, 1222, 1500, 1294, 1294),
  ('019d6bba-da2a-7284-9f18-216599dc5601', '019d271d-892d-7aad-a425-802f4111cba4', '2026-04-08T00:45:43.000Z', 1278, 1000, NULL, NULL, 1235, 1239, 1302, 1277),
  ('019d70e1-35ec-732d-a722-b216121b433b', '019d271d-892d-7aad-a425-802f4111cba4', '2026-04-09T00:48:09.000Z', 1278, 1000, NULL, NULL, 1232, 1100, 1288, 1270),
  ('019d7776-ef56-79d4-9999-420f5076a719', '019d271d-892d-7aad-a425-802f4111cba4', '2026-04-10T00:49:35.000Z', 1278, 1000, NULL, NULL, 1276, 1100, 1288, 1270),
  ('019d617b-eceb-729e-8d20-dc2d60fdf32d', '019d271d-9f3d-7ce9-87f2-582b0e12d488', '2026-04-06T00:00:00.000Z', NULL, 1407, NULL, NULL, NULL, NULL, NULL, NULL),
  ('019d66a2-48c9-7410-8b2d-78a3270c7fb0', '019d271d-9f3d-7ce9-87f2-582b0e12d488', '2026-04-07T00:00:00.000Z', NULL, 1407, NULL, NULL, NULL, NULL, NULL, NULL),
  ('019d6bc8-a653-7eb3-966f-32da134e2cb0', '019d271d-9f3d-7ce9-87f2-582b0e12d488', '2026-04-08T00:00:00.000Z', NULL, 1407, NULL, NULL, NULL, NULL, NULL, NULL),
  ('019d70ef-015a-72db-be3a-eb39cb53c135', '019d271d-9f3d-7ce9-87f2-582b0e12d488', '2026-04-09T00:00:00.000Z', NULL, 1407, NULL, NULL, NULL, NULL, NULL, NULL),
  ('019d7740-7e96-7a1a-91c2-7414b3d7a247', '019d271d-9f3d-7ce9-87f2-582b0e12d488', '2026-04-10T00:00:00.000Z', NULL, 1413, NULL, NULL, NULL, NULL, NULL, NULL),
  ('019d47a0-9a96-7402-9beb-274e9ef74332', '019d271d-d6ff-7448-820a-e599e9fda7be', '2026-03-31T20:00:34.000Z', 520, 449, 577, 841, NULL, NULL, NULL, NULL),
  ('019d4cc6-f637-7088-b7f5-d8addd0ee52b', '019d271d-d6ff-7448-820a-e599e9fda7be', '2026-04-01T20:00:18.000Z', 520, 449, 574, 841, NULL, NULL, NULL, NULL),
  ('019d51ed-5384-71b8-8d10-e5851ce862a8', '019d271d-d6ff-7448-820a-e599e9fda7be', '2026-04-02T20:00:15.000Z', 520, 405, 574, 841, NULL, NULL, NULL, NULL),
  ('019d5713-ae14-70c4-a7c6-69cb640b3446', '019d271d-d6ff-7448-820a-e599e9fda7be', '2026-04-03T20:00:17.000Z', 517, 400, 565, 841, NULL, NULL, NULL, NULL),
  ('019d7773-ba4d-7bb6-aa1a-2e39977f753a', '019d271d-d6ff-7448-820a-e599e9fda7be', '2026-04-09T20:00:19.000Z', 511, 400, 565, 745, NULL, NULL, NULL, NULL),
  ('019d616e-23f1-7cab-9e27-74e6f6e12c05', '019d271d-ef38-78cb-88c0-8c5acf45b70f', '2026-04-06T00:44:51.000Z', 584, 285, NULL, NULL, 274, 280, 352, 472),
  ('019d6694-7ebf-784e-8bf7-9359e83733e9', '019d271d-ef38-78cb-88c0-8c5acf45b70f', '2026-04-07T00:43:47.000Z', 367, 280, NULL, NULL, 282, 390, 334, 470),
  ('019d6bba-da2a-7367-89c1-da56b900cd9d', '019d271d-ef38-78cb-88c0-8c5acf45b70f', '2026-04-08T00:45:43.000Z', 367, 280, NULL, NULL, 285, 363, 345, 464),
  ('019d70e1-35ec-73c8-bcf2-4a631edd4698', '019d271d-ef38-78cb-88c0-8c5acf45b70f', '2026-04-09T00:48:09.000Z', 367, 280, NULL, NULL, 279, 288, 331, 457),
  ('019d7776-ef56-7a04-8bcd-1b81000ab262', '019d271d-ef38-78cb-88c0-8c5acf45b70f', '2026-04-10T00:49:35.000Z', 367, 280, NULL, NULL, 281, 288, 331, 457),
  ('019d617b-eceb-7390-b9a3-818c50f3d61b', '019d271e-df84-79cb-8252-b6b4167e1b84', '2026-04-06T00:00:00.000Z', NULL, 496, NULL, NULL, NULL, NULL, NULL, NULL),
  ('019d66a2-48c9-74f2-a7e3-cec2f537f379', '019d271e-df84-79cb-8252-b6b4167e1b84', '2026-04-07T00:00:00.000Z', NULL, 449, NULL, NULL, NULL, NULL, NULL, NULL),
  ('019d6bc8-a653-7f50-8b42-2f25333415e7', '019d271e-df84-79cb-8252-b6b4167e1b84', '2026-04-08T00:00:00.000Z', NULL, 449, NULL, NULL, NULL, NULL, NULL, NULL),
  ('019d70ef-015a-73b2-aa49-ae9269908dea', '019d271e-df84-79cb-8252-b6b4167e1b84', '2026-04-09T00:00:00.000Z', NULL, 493, NULL, NULL, NULL, NULL, NULL, NULL),
  ('019d7740-7e96-7a50-93c5-3a71c4404699', '019d271e-df84-79cb-8252-b6b4167e1b84', '2026-04-10T00:00:00.000Z', NULL, 461, NULL, NULL, NULL, NULL, NULL, NULL),
  ('019d47a0-9a97-728f-9e34-b80801b6f8de', '019d36db-b14b-73b7-a66a-d9de0f66dd33', '2026-03-31T20:00:34.000Z', 667, 502, 690, 1100, NULL, NULL, NULL, NULL),
  ('019d4cc6-f638-70c5-8cbb-e8d6a91e5148', '019d36db-b14b-73b7-a66a-d9de0f66dd33', '2026-04-01T20:00:18.000Z', 667, 502, 678, 1100, NULL, NULL, NULL, NULL),
  ('019d51ed-5384-7d07-b85c-f63ab4ef5119', '019d36db-b14b-73b7-a66a-d9de0f66dd33', '2026-04-02T20:00:15.000Z', 667, 502, 667, 1100, NULL, NULL, NULL, NULL),
  ('019d5713-ae14-7c78-8e07-49fd4ee43818', '019d36db-b14b-73b7-a66a-d9de0f66dd33', '2026-04-03T20:00:17.000Z', 653, 477, 664, 1100, NULL, NULL, NULL, NULL),
  ('019d7773-ba4e-7357-a473-84e65644e0b4', '019d36db-b14b-73b7-a66a-d9de0f66dd33', '2026-04-09T20:00:19.000Z', 637, 489, 633, 1100, NULL, NULL, NULL, NULL),
  ('019d616e-23f1-71d0-8131-2240fc2fcf5c', '019d36db-d6d1-7187-8fff-de9550790327', '2026-04-06T00:44:51.000Z', 486, 299, NULL, NULL, 212, 300, 360, 410),
  ('019d6694-7ebe-7c54-bf08-8f59cd237670', '019d36db-d6d1-7187-8fff-de9550790327', '2026-04-07T00:43:47.000Z', 357, 299, NULL, NULL, 212, 300, 360, 410),
  ('019d6bba-da29-7634-bd87-d1a405d9d095', '019d36db-d6d1-7187-8fff-de9550790327', '2026-04-08T00:45:43.000Z', 357, 299, NULL, NULL, 187, 300, 351, 401),
  ('019d70e1-35e9-7293-9141-8f7cbb122efc', '019d36db-d6d1-7187-8fff-de9550790327', '2026-04-09T00:48:09.000Z', 357, 299, NULL, NULL, 187, 300, 351, 401),
  ('019d7776-ef56-7787-be2c-145dd935a206', '019d36db-d6d1-7187-8fff-de9550790327', '2026-04-10T00:49:35.000Z', 357, 299, NULL, NULL, 195, 300, 351, 401),
  ('019d617b-eceb-7eab-8fb4-0e4295eef359', '019d36dc-046c-7b55-8fe3-462863b2eaee', '2026-04-06T00:00:00.000Z', NULL, 636, NULL, NULL, NULL, NULL, NULL, NULL),
  ('019d66a2-48cc-7046-8178-dc69617c1d39', '019d36dc-046c-7b55-8fe3-462863b2eaee', '2026-04-07T00:00:00.000Z', NULL, 636, NULL, NULL, NULL, NULL, NULL, NULL),
  ('019d6bc8-a654-7775-9407-3f27eabea381', '019d36dc-046c-7b55-8fe3-462863b2eaee', '2026-04-08T00:00:00.000Z', NULL, 636, NULL, NULL, NULL, NULL, NULL, NULL),
  ('019d70ef-015a-7f4b-aa3e-8114d05f1559', '019d36dc-046c-7b55-8fe3-462863b2eaee', '2026-04-09T00:00:00.000Z', NULL, 712, NULL, NULL, NULL, NULL, NULL, NULL),
  ('019d7740-7e96-7d00-8ad5-d9f1da7321bc', '019d36dc-046c-7b55-8fe3-462863b2eaee', '2026-04-10T00:00:00.000Z', NULL, 767, NULL, NULL, NULL, NULL, NULL, NULL),
  ('019d47a0-9a97-781d-ab57-57336340e169', '019d39d5-3cb0-768f-b6ab-e207ec9d4b82', '2026-03-31T20:00:34.000Z', 568, 449, 680, 800, NULL, NULL, NULL, NULL),
  ('019d4cc6-f638-7787-8efb-d82062ad8b7c', '019d39d5-3cb0-768f-b6ab-e207ec9d4b82', '2026-04-01T20:00:18.000Z', 568, 432, 646, 800, NULL, NULL, NULL, NULL),
  ('019d51ed-5385-717e-b36e-0fe1a147a12c', '019d39d5-3cb0-768f-b6ab-e207ec9d4b82', '2026-04-02T20:00:15.000Z', 568, 432, 653, 2331, NULL, NULL, NULL, NULL),
  ('019d5713-ae15-7094-8d82-400a7a1c7026', '019d39d5-3cb0-768f-b6ab-e207ec9d4b82', '2026-04-03T20:00:17.000Z', 568, 432, 700, 2331, NULL, NULL, NULL, NULL),
  ('019d7773-ba4e-764d-9190-e31b82c381df', '019d39d5-3cb0-768f-b6ab-e207ec9d4b82', '2026-04-09T20:00:19.000Z', 542, 493, 641, 800, NULL, NULL, NULL, NULL),
  ('019d616e-23f1-734c-9fee-26abdf7dcd18', '019d39d5-4b44-7998-8b2c-b6ab6f67ace9', '2026-04-06T00:44:51.000Z', 888, 395, NULL, NULL, 299, 400, 528, 706),
  ('019d6694-7ebe-7eb6-9646-373837a081fa', '019d39d5-4b44-7998-8b2c-b6ab6f67ace9', '2026-04-07T00:43:47.000Z', 570, 400, NULL, NULL, 299, 400, 528, 706),
  ('019d6bba-da29-7823-864b-e599f271b48d', '019d39d5-4b44-7998-8b2c-b6ab6f67ace9', '2026-04-08T00:45:43.000Z', 570, 400, NULL, NULL, 238, 448, 527, 686),
  ('019d70e1-35e9-74e7-b1c1-46a75fd8ecbb', '019d39d5-4b44-7998-8b2c-b6ab6f67ace9', '2026-04-09T00:48:09.000Z', 570, 400, NULL, NULL, 257, 499, 513, 682),
  ('019d7776-ef56-77ef-8e0b-25464cb3327f', '019d39d5-4b44-7998-8b2c-b6ab6f67ace9', '2026-04-10T00:49:35.000Z', 570, 400, NULL, NULL, 273, 499, 513, 682),
  ('019d617b-ec70-7a32-aa49-ce47b85978b3', '019d39d5-5fdb-7865-9a18-f35ef763d762', '2026-04-06T00:00:00.000Z', NULL, 210, NULL, NULL, NULL, NULL, NULL, NULL),
  ('019d66a2-486f-7017-a03c-8b20ead7502d', '019d39d5-5fdb-7865-9a18-f35ef763d762', '2026-04-07T00:00:00.000Z', NULL, 210, NULL, NULL, NULL, NULL, NULL, NULL),
  ('019d6bc8-a5f5-7e30-9cbb-b8d1d92e92a3', '019d39d5-5fdb-7865-9a18-f35ef763d762', '2026-04-08T00:00:00.000Z', NULL, 210, NULL, NULL, NULL, NULL, NULL, NULL),
  ('019d70ef-00ea-70d3-9604-449ad8f935fc', '019d39d5-5fdb-7865-9a18-f35ef763d762', '2026-04-09T00:00:00.000Z', NULL, 210, NULL, NULL, NULL, NULL, NULL, NULL),
  ('019d7740-7e74-74ce-abb4-4d70165f0bf2', '019d39d5-5fdb-7865-9a18-f35ef763d762', '2026-04-10T00:00:00.000Z', NULL, 210, NULL, NULL, NULL, NULL, NULL, NULL),
  ('019d47a0-9a98-7e85-98c5-08573efc7d92', '019d409a-acc8-72be-bbea-7495802c2f6d', '2026-03-31T20:00:34.000Z', 3441, 3443, 3580, 3999, NULL, NULL, NULL, NULL),
  ('019d4cc6-f639-7bb1-904c-1f1f272ef7a0', '019d409a-acc8-72be-bbea-7495802c2f6d', '2026-04-01T20:00:18.000Z', 3441, 3300, 3575, 3999, NULL, NULL, NULL, NULL),
  ('019d51ed-5386-75bf-b5a3-ff92d32df638', '019d409a-acc8-72be-bbea-7495802c2f6d', '2026-04-02T20:00:15.000Z', 3433, 3300, 3578, 3999, NULL, NULL, NULL, NULL),
  ('019d5713-ae15-7e6a-b45b-014e9ebfc40f', '019d409a-acc8-72be-bbea-7495802c2f6d', '2026-04-03T20:00:17.000Z', 3445, 3200, 3578, 3999, NULL, NULL, NULL, NULL),
  ('019d7773-ba4e-7e23-b12b-0114fdba21be', '019d409a-acc8-72be-bbea-7495802c2f6d', '2026-04-09T20:00:19.000Z', 3461, 2999, 3461, 3999, NULL, NULL, NULL, NULL),
  ('019d616e-23f1-786b-84f2-9f1e35fc7e57', '019d409a-bd07-7d46-a76c-2e12f44eb3fb', '2026-04-06T00:44:51.000Z', 1403, 1250, NULL, NULL, 1329, 1099, 1378, 1413),
  ('019d6694-7ebf-7439-8365-fa5a6126538a', '019d409a-bd07-7d46-a76c-2e12f44eb3fb', '2026-04-07T00:43:47.000Z', 1403, 1250, NULL, NULL, 1324, 1300, 1335, 1405),
  ('019d6bba-da29-7f2e-af85-a271b2623777', '019d409a-bd07-7d46-a76c-2e12f44eb3fb', '2026-04-08T00:45:43.000Z', 1403, 1250, NULL, NULL, 1325, 1333, 1331, 1401),
  ('019d70e1-35ec-707c-af9f-91698ea0e5c6', '019d409a-bd07-7d46-a76c-2e12f44eb3fb', '2026-04-09T00:48:09.000Z', 1403, 1250, NULL, NULL, 1315, 1300, 1328, 1400),
  ('019d7776-ef56-792e-a775-dba4e6977cb5', '019d409a-bd07-7d46-a76c-2e12f44eb3fb', '2026-04-10T00:49:35.000Z', 1403, 1250, NULL, NULL, 1325, 1300, 1328, 1400),
  ('019d617b-eced-7a2e-aff2-e0d75697c4d4', '019d409b-dd75-7be6-90ec-d14b3fbab031', '2026-04-06T00:00:00.000Z', NULL, 1416, NULL, NULL, NULL, NULL, NULL, NULL),
  ('019d66a2-48cd-7344-893e-19331f3e2348', '019d409b-dd75-7be6-90ec-d14b3fbab031', '2026-04-07T00:00:00.000Z', NULL, 1416, NULL, NULL, NULL, NULL, NULL, NULL),
  ('019d6bc8-a655-76de-8a76-7411d0f9c343', '019d409b-dd75-7be6-90ec-d14b3fbab031', '2026-04-08T00:00:00.000Z', NULL, 1416, NULL, NULL, NULL, NULL, NULL, NULL),
  ('019d70ef-015c-7053-b95c-c21e4418e7f1', '019d409b-dd75-7be6-90ec-d14b3fbab031', '2026-04-09T00:00:00.000Z', NULL, 1416, NULL, NULL, NULL, NULL, NULL, NULL),
  ('019d7740-7e97-7150-aafd-047e0f91956f', '019d409b-dd75-7be6-90ec-d14b3fbab031', '2026-04-10T00:00:00.000Z', NULL, 1266, NULL, NULL, NULL, NULL, NULL, NULL),
  ('019d47a0-9a98-7f5a-83bd-ed23a0fa9ae1', '019d409c-1555-7f70-8f25-e86f84b0cd98', '2026-03-31T20:00:34.000Z', 657, 600, 1650, 4299, NULL, NULL, NULL, NULL),
  ('019d4cc6-f639-7c93-bd6d-2715db80570d', '019d409c-1555-7f70-8f25-e86f84b0cd98', '2026-04-01T20:00:18.000Z', 657, 600, 1650, 4299, NULL, NULL, NULL, NULL),
  ('019d51ed-5386-76a7-a9bf-456a3f777a66', '019d409c-1555-7f70-8f25-e86f84b0cd98', '2026-04-02T20:00:15.000Z', 660, 600, 1600, 4898, NULL, NULL, NULL, NULL),
  ('019d5713-ae15-7f07-81c3-ec65116caef9', '019d409c-1555-7f70-8f25-e86f84b0cd98', '2026-04-03T20:00:17.000Z', 650, 600, 1699, 4898, NULL, NULL, NULL, NULL),
  ('019d7773-ba4e-7e68-b3de-d63cab40413c', '019d409c-1555-7f70-8f25-e86f84b0cd98', '2026-04-09T20:00:19.000Z', 637, 549, 934, 4299, NULL, NULL, NULL, NULL),
  ('019d616e-23f1-778d-bb8d-837f56d264d4', '019d409c-257e-7837-acd8-a7247a352263', '2026-04-06T00:44:51.000Z', 498, 300, NULL, NULL, 436, 425, 458, 466),
  ('019d6694-7ebf-72ea-bdd7-7b8b07868b05', '019d409c-257e-7837-acd8-a7247a352263', '2026-04-07T00:43:47.000Z', 460, 300, NULL, NULL, 443, 507, 464, 467),
  ('019d6bba-da29-7d4d-b62c-253681ed0aee', '019d409c-257e-7837-acd8-a7247a352263', '2026-04-08T00:45:43.000Z', 460, 300, NULL, NULL, 449, 500, 464, 468),
  ('019d70e1-35eb-7e7b-a5f7-b642b8ef6231', '019d409c-257e-7837-acd8-a7247a352263', '2026-04-09T00:48:09.000Z', 460, 300, NULL, NULL, 440, 390, 463, 466),
  ('019d7776-ef56-78fe-bb79-a261cd6e4481', '019d409c-257e-7837-acd8-a7247a352263', '2026-04-10T00:49:35.000Z', 460, 300, NULL, NULL, 444, 390, 463, 466),
  ('019d617b-eced-7afd-acb7-c08e6dc18fa1', '019d409c-4990-7567-9446-713149a13449', '2026-04-06T00:00:00.000Z', NULL, 441, NULL, NULL, NULL, NULL, NULL, NULL),
  ('019d66a2-48cd-74c3-9a05-9319257cb2ba', '019d409c-4990-7567-9446-713149a13449', '2026-04-07T00:00:00.000Z', NULL, 441, NULL, NULL, NULL, NULL, NULL, NULL),
  ('019d6bc8-a655-77fc-a628-6d5c03c01f18', '019d409c-4990-7567-9446-713149a13449', '2026-04-08T00:00:00.000Z', NULL, 441, NULL, NULL, NULL, NULL, NULL, NULL),
  ('019d70ef-015c-71ae-95d9-6f469e80582c', '019d409c-4990-7567-9446-713149a13449', '2026-04-09T00:00:00.000Z', NULL, 441, NULL, NULL, NULL, NULL, NULL, NULL),
  ('019d7740-7e97-7182-82fd-0b426c847a0e', '019d409c-4990-7567-9446-713149a13449', '2026-04-10T00:00:00.000Z', NULL, 441, NULL, NULL, NULL, NULL, NULL, NULL),
  ('019d47a0-9a98-707b-b5cd-a83ee3ec033c', '019d409c-d90e-71a9-af57-66e5972fcac1', '2026-03-31T20:00:34.000Z', 1002, 768, 1008, 1599, NULL, NULL, NULL, NULL),
  ('019d4cc6-f638-7cc7-8373-3d500b28c06d', '019d409c-d90e-71a9-af57-66e5972fcac1', '2026-04-01T20:00:18.000Z', 1002, 752, 997, 1599, NULL, NULL, NULL, NULL),
  ('019d51ed-5385-7516-932d-a3f26da0d490', '019d409c-d90e-71a9-af57-66e5972fcac1', '2026-04-02T20:00:15.000Z', 989, 750, 989, 1599, NULL, NULL, NULL, NULL),
  ('019d5713-ae15-73b2-a9e1-81348816bf96', '019d409c-d90e-71a9-af57-66e5972fcac1', '2026-04-03T20:00:17.000Z', 975, 750, 979, 1599, NULL, NULL, NULL, NULL),
  ('019d7773-ba4e-7809-8158-5a8c0afec756', '019d409c-d90e-71a9-af57-66e5972fcac1', '2026-04-09T20:00:19.000Z', 911, 730, 911, 1599, NULL, NULL, NULL, NULL),
  ('019d616e-23f1-73e7-a9ae-71b8101e82b6', '019d409c-e79b-73da-8bf0-a92c7813c6aa', '2026-04-06T00:44:51.000Z', 334, 225, NULL, NULL, 152, 400, 357, 405),
  ('019d6694-7ebe-7faf-a1ec-99f88cbf46f0', '019d409c-e79b-73da-8bf0-a92c7813c6aa', '2026-04-07T00:43:47.000Z', 334, 225, NULL, NULL, 152, 400, 357, 405),
  ('019d6bba-da29-796c-a4da-a23c0f2bc58f', '019d409c-e79b-73da-8bf0-a92c7813c6aa', '2026-04-08T00:45:43.000Z', 334, 225, NULL, NULL, 128, 300, 368, 403),
  ('019d70e1-35e9-75e0-b47e-c1b02b0b48e0', '019d409c-e79b-73da-8bf0-a92c7813c6aa', '2026-04-09T00:48:09.000Z', 334, 225, NULL, NULL, 135, 290, 360, 398),
  ('019d7776-ef56-781f-b0a3-ce798362b38e', '019d409c-e79b-73da-8bf0-a92c7813c6aa', '2026-04-10T00:49:35.000Z', 334, 225, NULL, NULL, 154, 290, 360, 398),
  ('019d617b-ecec-7838-8ed2-f9d8c0bb5e5d', '019d409d-08e1-70e7-89b1-047ee4d16255', '2026-04-06T00:00:00.000Z', NULL, 464, NULL, NULL, NULL, NULL, NULL, NULL),
  ('019d66a2-48cc-773e-b9d1-b5521725f36b', '019d409d-08e1-70e7-89b1-047ee4d16255', '2026-04-07T00:00:00.000Z', NULL, 464, NULL, NULL, NULL, NULL, NULL, NULL),
  ('019d6bc8-a654-7f4a-a0a8-40db01ec7462', '019d409d-08e1-70e7-89b1-047ee4d16255', '2026-04-08T00:00:00.000Z', NULL, 464, NULL, NULL, NULL, NULL, NULL, NULL),
  ('019d70ef-015b-75fd-a901-a207c6cf4f5e', '019d409d-08e1-70e7-89b1-047ee4d16255', '2026-04-09T00:00:00.000Z', NULL, 464, NULL, NULL, NULL, NULL, NULL, NULL),
  ('019d7740-7e96-7ec1-881b-6736e53f0b19', '019d409d-08e1-70e7-89b1-047ee4d16255', '2026-04-10T00:00:00.000Z', NULL, 464, NULL, NULL, NULL, NULL, NULL, NULL),
  ('019d617b-ecec-7fea-9aa0-24595be0fdf0', '019d409d-4b20-7525-ba78-33b069b9680c', '2026-04-06T00:00:00.000Z', NULL, 796, NULL, NULL, NULL, NULL, NULL, NULL),
  ('019d66a2-48cc-78e5-98ce-6fb8fa626f47', '019d409d-4b20-7525-ba78-33b069b9680c', '2026-04-07T00:00:00.000Z', NULL, 796, NULL, NULL, NULL, NULL, NULL, NULL),
  ('019d6bc8-a655-70c3-8bcc-af1e5ed95b3c', '019d409d-4b20-7525-ba78-33b069b9680c', '2026-04-08T00:00:00.000Z', NULL, 796, NULL, NULL, NULL, NULL, NULL, NULL),
  ('019d70ef-015b-77c3-89d5-c4f2ea9473b9', '019d409d-4b20-7525-ba78-33b069b9680c', '2026-04-09T00:00:00.000Z', NULL, 796, NULL, NULL, NULL, NULL, NULL, NULL),
  ('019d7740-7e96-7f53-a5cc-0f8900e574fb', '019d409d-4b20-7525-ba78-33b069b9680c', '2026-04-10T00:00:00.000Z', NULL, 796, NULL, NULL, NULL, NULL, NULL, NULL),
  ('019d47a0-9a98-7355-9407-483f523a2a1f', '019d409d-71c9-72c1-852e-c4cd636fcaae', '2026-03-31T20:00:34.000Z', 1538, 1799, 1900, 2000, NULL, NULL, NULL, NULL),
  ('019d4cc6-f638-7ff6-8651-92022028adf5', '019d409d-71c9-72c1-852e-c4cd636fcaae', '2026-04-01T20:00:18.000Z', 1556, 1670, 1799, 2000, NULL, NULL, NULL, NULL),
  ('019d51ed-5385-7706-b739-2552cca995ee', '019d409d-71c9-72c1-852e-c4cd636fcaae', '2026-04-02T20:00:15.000Z', 1556, 1556, 1799, 2000, NULL, NULL, NULL, NULL),
  ('019d5713-ae15-7626-b36f-7c3197bb38d0', '019d409d-71c9-72c1-852e-c4cd636fcaae', '2026-04-03T20:00:17.000Z', 1609, 1598, 1735, 2000, NULL, NULL, NULL, NULL),
  ('019d7773-ba4e-7917-a92c-5587de71bc0b', '019d409d-71c9-72c1-852e-c4cd636fcaae', '2026-04-09T20:00:19.000Z', 1787, 2499, 2505, 2510, NULL, NULL, NULL, NULL),
  ('019d616e-23f1-7599-b544-8bb11ac8ac73', '019d409d-809a-7cc7-9da8-890c704bdcc6', '2026-04-06T00:44:51.000Z', 849, 600, NULL, NULL, 716, 500, 862, 874),
  ('019d6694-7ebf-716b-8533-1369e61c06d2', '019d409d-809a-7cc7-9da8-890c704bdcc6', '2026-04-07T00:43:47.000Z', 849, 600, NULL, NULL, 731, 725, 854, 856),
  ('019d6bba-da29-7b8b-aa34-a467a7b0a0ce', '019d409d-809a-7cc7-9da8-890c704bdcc6', '2026-04-08T00:45:43.000Z', 849, 600, NULL, NULL, 729, 749, 849, 849),
  ('019d70e1-35e9-776c-b4fc-c2aa6b4f2cb2', '019d409d-809a-7cc7-9da8-890c704bdcc6', '2026-04-09T00:48:09.000Z', 849, 600, NULL, NULL, 749, 905, 849, 849),
  ('019d7776-ef56-7870-b900-a4dfaecea7ba', '019d409d-809a-7cc7-9da8-890c704bdcc6', '2026-04-10T00:49:35.000Z', 849, 600, NULL, NULL, 755, 905, 849, 849);


-- Feature flags
INSERT INTO feature_flags (key, enabled, description) VALUES
  ('copies-tracked', TRUE, 'Show the total copies tracked counter on the landing page'),
  ('rules', TRUE, 'Show the game rules page and header link'),
  ('price-history', TRUE, 'Show the Value Over Time chart on the collection stats page'),
  ('stats', TRUE, 'Show the collection statistics page and sidebar link');


-- Rules

