-- Auto-generated by generate-seed.ts — do not edit manually.
-- Source: local DB, set OGS (Proving Grounds)
-- Generated: 2026-03-16T12:29:36.388Z

INSERT INTO sets (id, slug, name, printed_total, sort_order, released_at) VALUES
  ('019cf052-e002-78ef-b032-cc585ba33eb3', 'OGS', 'Proving Grounds', 24, 1, NULL);

INSERT INTO cards (id, slug, name, type, might, energy, power, might_bonus, keywords, tags, norm_name) VALUES
  ('019cf052-e00a-7256-ab8d-6e39b367029d', 'OGS-001', 'Annie, Fiery', 'Unit', 4, 5, 1, NULL, '{}', '{"Annie","Noxus"}', 'anniefiery'),
  ('019cf052-e00a-72b3-9ad6-76b7a7937ed9', 'OGS-002', 'Firestorm', 'Spell', NULL, 6, 1, NULL, '{}', '{}', 'firestorm'),
  ('019cf052-e009-7e7a-8ef3-3d7af480b233', 'OGS-003', 'Incinerate', 'Spell', NULL, 2, NULL, NULL, '{"Action"}', '{}', 'incinerate'),
  ('019cf052-e00a-725a-af1a-96c66acfa59f', 'OGS-004', 'Yi, Meditative', 'Unit', 4, 5, 1, NULL, '{}', '{"Master Yi","Ionia"}', 'yimeditative'),
  ('019cf052-e00a-72b7-84bf-56a562e24ace', 'OGS-005', 'Zephyr Sage', 'Unit', 6, 6, 1, NULL, '{"Shield"}', '{"Ionia","Bird"}', 'zephyrsage'),
  ('019cf052-e00a-71e8-a89f-b0ba7ccc7bcf', 'OGS-006', 'Lux, Illuminated', 'Unit', 5, 6, 1, NULL, '{}', '{"Lux","Demacia"}', 'luxilluminated'),
  ('019cf052-e00a-725d-9893-e1661bf5d66b', 'OGS-007', 'Garen, Rugged', 'Unit', 5, 6, 1, NULL, '{"Assault 2","Shield 2"}', '{"Elite","Garen","Demacia"}', 'garenrugged'),
  ('019cf052-e00a-72bb-b0ae-c30d1a778a6c', 'OGS-008', 'Gentlemen''s Duel', 'Spell', NULL, 6, 1, NULL, '{"Action"}', '{}', 'gentlemensduel'),
  ('019cf052-e00a-71ee-9e47-e8d173da9445', 'OGS-009', 'Yi, Honed', 'Unit', 6, 7, 1, NULL, '{"Ganking"}', '{"Master Yi","Ionia"}', 'yihoned'),
  ('019cf052-e00a-7261-8a14-4251647a9001', 'OGS-010', 'Annie, Stubborn', 'Unit', 3, 4, 1, NULL, '{}', '{"Annie","Noxus"}', 'anniestubborn'),
  ('019cf052-e00a-72bf-9b5a-3f26d58d905b', 'OGS-011', 'Flash', 'Spell', NULL, 2, NULL, NULL, '{"Reaction"}', '{}', 'flash'),
  ('019cf052-e00a-71f4-816a-f90d301eb3e0', 'OGS-012', 'Blast of Power', 'Spell', NULL, 6, 1, NULL, '{"Action"}', '{}', 'blastofpower'),
  ('019cf052-e00a-7265-bbe5-fca1516a3fea', 'OGS-013', 'Garen, Commander', 'Unit', 5, 6, 1, NULL, '{}', '{"Elite","Garen","Demacia"}', 'garencommander'),
  ('019cf052-e00a-72c2-928f-ecb5b16295ff', 'OGS-014', 'Lux, Crownguard', 'Unit', 2, 4, NULL, NULL, '{"Reaction","Add"}', '{"Lux","Demacia"}', 'luxcrownguard'),
  ('019cf052-e00a-71fa-922b-b2f3d4e9825e', 'OGS-015', 'Recruit the Vanguard', 'Spell', NULL, 6, NULL, NULL, '{"Action"}', '{}', 'recruitthevanguard'),
  ('019cf052-e00a-7268-b4a4-ef652da2b35c', 'OGS-016', 'Vanguard Attendant', 'Unit', 5, 6, 1, NULL, '{}', '{"Elite","Demacia"}', 'vanguardattendant'),
  ('019cf052-e00a-72c6-ace9-ec2fc4fccb63', 'OGS-017', 'Dark Child - Starter', 'Legend', NULL, NULL, NULL, NULL, '{}', '{"Annie"}', 'darkchildstarter'),
  ('019cf052-e00a-71fe-aafc-9e401d229a9d', 'OGS-018', 'Tibbers', 'Unit', 7, 8, 2, NULL, '{}', '{"Annie"}', 'tibbers'),
  ('019cf052-e00a-726f-953a-9d8e4b960185', 'OGS-019', 'Wuju Bladesman - Starter', 'Legend', NULL, NULL, NULL, NULL, '{}', '{"Master Yi"}', 'wujubladesmanstarter'),
  ('019cf052-e00a-72ca-8947-eb08feda6df5', 'OGS-020', 'Highlander', 'Spell', NULL, 4, NULL, NULL, '{"Reaction"}', '{"Master Yi"}', 'highlander'),
  ('019cf052-e00a-7204-a83d-fb19eb0fe551', 'OGS-021', 'Lady of Luminosity - Starter', 'Legend', NULL, NULL, NULL, NULL, '{}', '{"Lux"}', 'ladyofluminositystarter'),
  ('019cf052-e00a-7273-ac23-c25c9631f0ce', 'OGS-022', 'Final Spark', 'Spell', NULL, 8, NULL, NULL, '{"Action"}', '{"Lux"}', 'finalspark'),
  ('019cf052-e00a-72cd-a297-1a50d6a513f2', 'OGS-023', 'Might of Demacia - Starter', 'Legend', NULL, NULL, NULL, NULL, '{}', '{"Garen"}', 'mightofdemaciastarter'),
  ('019cf052-e00a-7394-af87-5b5f926f4b8d', 'OGS-024', 'Decisive Strike', 'Spell', NULL, 5, 1, NULL, '{"Action"}', '{"Garen"}', 'decisivestrike');

INSERT INTO card_domains (card_id, domain_slug, ordinal) VALUES
  ('019cf052-e00a-7256-ab8d-6e39b367029d', 'Fury', 0),
  ('019cf052-e00a-72b3-9ad6-76b7a7937ed9', 'Fury', 0),
  ('019cf052-e009-7e7a-8ef3-3d7af480b233', 'Fury', 0),
  ('019cf052-e00a-725a-af1a-96c66acfa59f', 'Calm', 0),
  ('019cf052-e00a-72b7-84bf-56a562e24ace', 'Calm', 0),
  ('019cf052-e00a-71e8-a89f-b0ba7ccc7bcf', 'Mind', 0),
  ('019cf052-e00a-725d-9893-e1661bf5d66b', 'Body', 0),
  ('019cf052-e00a-72bb-b0ae-c30d1a778a6c', 'Body', 0),
  ('019cf052-e00a-71ee-9e47-e8d173da9445', 'Body', 0),
  ('019cf052-e00a-7261-8a14-4251647a9001', 'Chaos', 0),
  ('019cf052-e00a-72bf-9b5a-3f26d58d905b', 'Chaos', 0),
  ('019cf052-e00a-71f4-816a-f90d301eb3e0', 'Order', 0),
  ('019cf052-e00a-7265-bbe5-fca1516a3fea', 'Order', 0),
  ('019cf052-e00a-72c2-928f-ecb5b16295ff', 'Order', 0),
  ('019cf052-e00a-71fa-922b-b2f3d4e9825e', 'Order', 0),
  ('019cf052-e00a-7268-b4a4-ef652da2b35c', 'Order', 0),
  ('019cf052-e00a-72c6-ace9-ec2fc4fccb63', 'Fury', 0),
  ('019cf052-e00a-72c6-ace9-ec2fc4fccb63', 'Chaos', 1),
  ('019cf052-e00a-71fe-aafc-9e401d229a9d', 'Fury', 0),
  ('019cf052-e00a-71fe-aafc-9e401d229a9d', 'Chaos', 1),
  ('019cf052-e00a-726f-953a-9d8e4b960185', 'Calm', 0),
  ('019cf052-e00a-726f-953a-9d8e4b960185', 'Body', 1),
  ('019cf052-e00a-72ca-8947-eb08feda6df5', 'Calm', 0),
  ('019cf052-e00a-72ca-8947-eb08feda6df5', 'Body', 1),
  ('019cf052-e00a-7204-a83d-fb19eb0fe551', 'Mind', 0),
  ('019cf052-e00a-7204-a83d-fb19eb0fe551', 'Order', 1),
  ('019cf052-e00a-7273-ac23-c25c9631f0ce', 'Mind', 0),
  ('019cf052-e00a-7273-ac23-c25c9631f0ce', 'Order', 1),
  ('019cf052-e00a-72cd-a297-1a50d6a513f2', 'Body', 0),
  ('019cf052-e00a-72cd-a297-1a50d6a513f2', 'Order', 1),
  ('019cf052-e00a-7394-af87-5b5f926f4b8d', 'Body', 0),
  ('019cf052-e00a-7394-af87-5b5f926f4b8d', 'Order', 1);

INSERT INTO card_super_types (card_id, super_type_slug) VALUES
  ('019cf052-e00a-7256-ab8d-6e39b367029d', 'Champion'),
  ('019cf052-e00a-725a-af1a-96c66acfa59f', 'Champion'),
  ('019cf052-e00a-71e8-a89f-b0ba7ccc7bcf', 'Champion'),
  ('019cf052-e00a-725d-9893-e1661bf5d66b', 'Champion'),
  ('019cf052-e00a-71ee-9e47-e8d173da9445', 'Champion'),
  ('019cf052-e00a-7261-8a14-4251647a9001', 'Champion'),
  ('019cf052-e00a-7265-bbe5-fca1516a3fea', 'Champion'),
  ('019cf052-e00a-72c2-928f-ecb5b16295ff', 'Champion'),
  ('019cf052-e00a-72c6-ace9-ec2fc4fccb63', 'Champion'),
  ('019cf052-e00a-71fe-aafc-9e401d229a9d', 'Signature'),
  ('019cf052-e00a-726f-953a-9d8e4b960185', 'Champion'),
  ('019cf052-e00a-72ca-8947-eb08feda6df5', 'Signature'),
  ('019cf052-e00a-7204-a83d-fb19eb0fe551', 'Champion'),
  ('019cf052-e00a-7273-ac23-c25c9631f0ce', 'Signature'),
  ('019cf052-e00a-72cd-a297-1a50d6a513f2', 'Champion'),
  ('019cf052-e00a-7394-af87-5b5f926f4b8d', 'Signature');

INSERT INTO printings (id, card_id, set_id, short_code, collector_number, rarity, art_variant, is_signed, promo_type_id, finish, artist, public_code, printed_rules_text, printed_effect_text, flavor_text, comment) VALUES
  ('019cf052-e020-7222-b8bf-3c9fc2151abc', '019cf052-e00a-7256-ab8d-6e39b367029d', '019cf052-e002-78ef-b032-cc585ba33eb3', 'OGS-001', 1, 'Epic', 'normal', FALSE, NULL, 'normal', 'Polar Engine Studio', 'OGS-001/024', 'Your spells and abilities deal 1 Bonus Damage. (Each instance of damage the spell deals is increased by 1.)', NULL, NULL, NULL),
  ('019cf052-e01f-7f65-8d7a-a28fddcf5d61', '019cf052-e00a-72b3-9ad6-76b7a7937ed9', '019cf052-e002-78ef-b032-cc585ba33eb3', 'OGS-002', 2, 'Uncommon', 'normal', FALSE, NULL, 'normal', 'Kudos Productions', 'OGS-002/024', 'Deal 3 to all enemy units at a battlefield.', NULL, NULL, NULL),
  ('019cf052-e020-7228-9093-13d47b91b4d9', '019cf052-e009-7e7a-8ef3-3d7af480b233', '019cf052-e002-78ef-b032-cc585ba33eb3', 'OGS-003', 3, 'Common', 'normal', FALSE, NULL, 'normal', 'Kudos Productions', 'OGS-003/024', '[Action] (Play on your turn or in showdowns.)
Deal 2 to a unit at a battlefield.', NULL, NULL, NULL),
  ('019cf052-e020-722c-bdb0-235e1b9d475d', '019cf052-e00a-725a-af1a-96c66acfa59f', '019cf052-e002-78ef-b032-cc585ba33eb3', 'OGS-004', 4, 'Rare', 'normal', FALSE, NULL, 'normal', 'Kudos Productions', 'OGS-004/024', 'While you have 8+ runes, I have +4 :rb_might:.', NULL, NULL, NULL),
  ('019cf052-e020-7230-81a8-2f652a882e3e', '019cf052-e00a-72b7-84bf-56a562e24ace', '019cf052-e002-78ef-b032-cc585ba33eb3', 'OGS-005', 5, 'Uncommon', 'normal', FALSE, NULL, 'normal', 'Six More Vodka', 'OGS-005/024', '[Shield] (+1 :rb_might: while I''m a defender.)', NULL, NULL, NULL),
  ('019cf052-e020-7233-ace3-5d242165088c', '019cf052-e00a-71e8-a89f-b0ba7ccc7bcf', '019cf052-e002-78ef-b032-cc585ba33eb3', 'OGS-006', 6, 'Rare', 'normal', FALSE, NULL, 'normal', 'Six More Vodka', 'OGS-006/024', 'When you play a spell that costs :rb_energy_5: or more, give me +3 :rb_might: this turn.', NULL, NULL, NULL),
  ('019cf052-e020-7237-a5c7-7b79b22ef70b', '019cf052-e00a-725d-9893-e1661bf5d66b', '019cf052-e002-78ef-b032-cc585ba33eb3', 'OGS-007', 7, 'Rare', 'normal', FALSE, NULL, 'normal', 'Six More Vodka', 'OGS-007/024', '[Assault 2], [Shield 2] (+2 :rb_might: while I''m an attacker or defender.)', NULL, NULL, NULL),
  ('019cf052-e020-723b-817f-7fecb7f7a0b4', '019cf052-e00a-72bb-b0ae-c30d1a778a6c', '019cf052-e002-78ef-b032-cc585ba33eb3', 'OGS-008', 8, 'Common', 'normal', FALSE, NULL, 'normal', 'Kudos Productions', 'OGS-008/024', '[Action] (Play on your turn or in showdowns.)
Give a friendly unit +3 :rb_might: this turn. Then choose an enemy unit. They deal damage equal to their Mights to each other.', NULL, NULL, NULL),
  ('019cf052-e020-723f-8a34-3913cf88e36b', '019cf052-e00a-71ee-9e47-e8d173da9445', '019cf052-e002-78ef-b032-cc585ba33eb3', 'OGS-009', 9, 'Epic', 'normal', FALSE, NULL, 'normal', 'Kudos Productions', 'OGS-009/024', '[Ganking] (I can move from battlefield to battlefield.)
I enter ready.', NULL, NULL, NULL),
  ('019cf052-e020-7242-be21-f7103a9b2590', '019cf052-e00a-7261-8a14-4251647a9001', '019cf052-e002-78ef-b032-cc585ba33eb3', 'OGS-010', 10, 'Rare', 'normal', FALSE, NULL, 'normal', 'League Splash Team', 'OGS-010/024', 'When you play me, return a spell from your trash to your hand.', NULL, NULL, NULL),
  ('019cf052-e020-7246-a575-1c8a1511ce0f', '019cf052-e00a-72bf-9b5a-3f26d58d905b', '019cf052-e002-78ef-b032-cc585ba33eb3', 'OGS-011', 11, 'Common', 'normal', FALSE, NULL, 'normal', 'Sugar Free', 'OGS-011/024', '[Reaction] (Play any time, even before spells and abilities resolve.)
Move up to 2 friendly units to base.', NULL, NULL, NULL),
  ('019cf052-e020-7249-9623-e1665b3d9f7c', '019cf052-e00a-71f4-816a-f90d301eb3e0', '019cf052-e002-78ef-b032-cc585ba33eb3', 'OGS-012', 12, 'Common', 'normal', FALSE, NULL, 'normal', 'Kudos Productions', 'OGS-012/024', '[Action] (Play on your turn or in showdowns.)
Kill a unit at a battlefield.', NULL, NULL, NULL),
  ('019cf052-e020-724d-9342-21599b5ac222', '019cf052-e00a-7265-bbe5-fca1516a3fea', '019cf052-e002-78ef-b032-cc585ba33eb3', 'OGS-013', 13, 'Epic', 'normal', FALSE, NULL, 'normal', 'Six More Vodka', 'OGS-013/024', 'Other friendly units have +1 :rb_might: here.', NULL, NULL, NULL),
  ('019cf052-e020-7251-8d8c-e03fbf6c693a', '019cf052-e00a-72c2-928f-ecb5b16295ff', '019cf052-e002-78ef-b032-cc585ba33eb3', 'OGS-014', 14, 'Epic', 'normal', FALSE, NULL, 'normal', 'Envar Studio', 'OGS-014/024', ':rb_exhaust:: [Reaction] — [Add] :rb_energy_2:. Use only to play spells. (Abilities that add resources can''t be reacted to.)', NULL, NULL, NULL),
  ('019cf052-e020-7254-a36f-6dc08f58214c', '019cf052-e00a-71fa-922b-b2f3d4e9825e', '019cf052-e002-78ef-b032-cc585ba33eb3', 'OGS-015', 15, 'Uncommon', 'normal', FALSE, NULL, 'normal', 'Kudos Productions', 'OGS-015/024', '[Action] (Play on your turn or in showdowns.)
Play four 1 :rb_might: Recruit unit tokens. (They can be played to your base or to battlefields you control.)', NULL, NULL, NULL),
  ('019cf052-e020-7258-aadc-7ad3c1ff4972', '019cf052-e00a-7268-b4a4-ef652da2b35c', '019cf052-e002-78ef-b032-cc585ba33eb3', 'OGS-016', 16, 'Common', 'normal', FALSE, NULL, 'normal', 'Six More Vodka', 'OGS-016/024', 'I enter ready.', NULL, NULL, NULL),
  ('019cf052-e020-7260-8b18-ea839483b30e', '019cf052-e00a-72c6-ace9-ec2fc4fccb63', '019cf052-e002-78ef-b032-cc585ba33eb3', 'OGS-017', 17, 'Rare', 'normal', FALSE, NULL, 'normal', 'Six More Vodka', 'OGS-017/024', 'At the end of your turn, ready up to 2 runes.', NULL, NULL, NULL),
  ('019cf052-e020-783d-895b-d23f38f603ce', '019cf052-e00a-71fe-aafc-9e401d229a9d', '019cf052-e002-78ef-b032-cc585ba33eb3', 'OGS-018', 18, 'Epic', 'normal', FALSE, NULL, 'normal', 'Polar Engine Studio', 'OGS-018/024', 'When you play me, deal 3 to all units at battlefields.', NULL, NULL, NULL),
  ('019cf052-e020-7841-9998-c485c43401d5', '019cf052-e00a-726f-953a-9d8e4b960185', '019cf052-e002-78ef-b032-cc585ba33eb3', 'OGS-019', 19, 'Rare', 'normal', FALSE, NULL, 'normal', 'Grafit Studio/Quy Ho', 'OGS-019/024', 'While a friendly unit defends alone, it gets +2 :rb_might:.', NULL, NULL, NULL),
  ('019cf052-e020-7845-8e4b-f5eff2ceff6f', '019cf052-e00a-72ca-8947-eb08feda6df5', '019cf052-e002-78ef-b032-cc585ba33eb3', 'OGS-020', 20, 'Epic', 'normal', FALSE, NULL, 'normal', 'Kudos Productions', 'OGS-020/024', '[Reaction] (Play any time, even before spells and abilities resolve.)
Choose a friendly unit. The next time it would die this turn, heal it, exhaust it, and recall it instead. (Send it to base. This isn''t a move.)', NULL, NULL, NULL),
  ('019cf052-e020-7849-a7b7-7710d3ef280a', '019cf052-e00a-7204-a83d-fb19eb0fe551', '019cf052-e002-78ef-b032-cc585ba33eb3', 'OGS-021', 21, 'Rare', 'normal', FALSE, NULL, 'normal', 'Grafit Studio/Maki Planas Mata', 'OGS-021/024', 'When you play a spell that costs :rb_energy_5: or more, draw 1.', NULL, NULL, NULL),
  ('019cf052-e020-784c-a600-31246d419d4a', '019cf052-e00a-7273-ac23-c25c9631f0ce', '019cf052-e002-78ef-b032-cc585ba33eb3', 'OGS-022', 22, 'Epic', 'normal', FALSE, NULL, 'normal', 'Kudos Productions', 'OGS-022/024', '[Action] (Play on your turn or in showdowns.)
Deal 8 to a unit.', NULL, NULL, NULL),
  ('019cf052-e020-7850-9bd3-99b1768cf869', '019cf052-e00a-72cd-a297-1a50d6a513f2', '019cf052-e002-78ef-b032-cc585ba33eb3', 'OGS-023', 23, 'Rare', 'normal', FALSE, NULL, 'normal', 'Six More Vodka', 'OGS-023/024', 'When you conquer, if you have 4+ units at that battlefield, draw 2.', NULL, NULL, NULL),
  ('019cf052-e020-7853-9e72-b09d435a9362', '019cf052-e00a-7394-af87-5b5f926f4b8d', '019cf052-e002-78ef-b032-cc585ba33eb3', 'OGS-024', 24, 'Epic', 'normal', FALSE, NULL, 'normal', 'Kudos Productions', 'OGS-024/024', '[Action] (Play on your turn or in showdowns.)
Give friendly units +2 :rb_might: this turn.', NULL, NULL, NULL);

INSERT INTO marketplace_groups (id, marketplace, group_id, name, abbreviation) VALUES
  ('019cf052-a5f7-7fab-bea9-3935c6422a7a', 'cardmarket', 6286, 'Origins', NULL),
  ('019cf052-a5f7-7faf-b822-3b2867f45e44', 'cardmarket', 6289, 'Proving Grounds', NULL),
  ('019cf052-a5f7-7fb2-9418-3fc52da53faf', 'cardmarket', 6322, 'Origins: Promos', NULL),
  ('019cf052-a5f7-7fb5-8a03-11e7d64c7ed1', 'cardmarket', 6399, 'Spiritforged', NULL),
  ('019cf052-a5f7-7fb8-81aa-055e46ebeced', 'cardmarket', 6480, 'Project K Promos', NULL),
  ('019cf052-a5f7-7fbb-a7aa-f01985bede04', 'cardmarket', 6483, 'Spiritforged: Promos', NULL),
  ('019cf052-a5f7-7fa4-8a4a-b8eae6d07948', 'tcgplayer', 24343, 'Riftbound Promotional Cards', 'PR'),
  ('019cf052-a5f7-7f9b-a52a-250fb4479d20', 'tcgplayer', 24344, 'Origins', 'OGN'),
  ('019cf052-a5f7-7f9e-b93c-0af9b4910b23', 'tcgplayer', 24439, 'Origins: Proving Grounds', 'OGS'),
  ('019cf052-a5f7-7fa8-99e1-3cd2200b548d', 'tcgplayer', 24502, 'Riftbound Worlds Bundle 2025', 'RWB'),
  ('019cf052-a5f7-7f89-98f8-eb347444be8e', 'tcgplayer', 24519, 'Spiritforged', 'SFD'),
  ('019cf052-a5f7-7fa1-ad27-b0451618bb4d', 'tcgplayer', 24528, 'Riftbound Organized Play Promotional Cards', 'OPP'),
  ('019cf052-a5f7-7f97-afc5-5932e843ada4', 'tcgplayer', 24552, 'Riftbound Judge Promotional Cards', 'JDG'),
  ('019cf052-a5f7-7ef3-a786-b035a3219a7c', 'tcgplayer', 24560, 'Unleashed', 'UNL');

INSERT INTO marketplace_products (id, marketplace, group_id, external_id, product_name, printing_id) VALUES
  ('019cf052-a62e-71a4-af71-47bf427ddf16', 'cardmarket', 6289, 847523, 'Annie, Fiery', '019cf052-e020-7222-b8bf-3c9fc2151abc'),
  ('019cf052-a62e-71ae-ae8d-fe1e6efe87d2', 'cardmarket', 6289, 847524, 'Firestorm', '019cf052-e01f-7f65-8d7a-a28fddcf5d61'),
  ('019cf052-a62e-71b1-a843-8b3a1ba53f18', 'cardmarket', 6289, 847525, 'Incinerate', '019cf052-e020-7228-9093-13d47b91b4d9'),
  ('019cf052-a62e-71ba-a547-82233ffe11ec', 'cardmarket', 6289, 847526, 'Master Yi, Meditative', '019cf052-e020-722c-bdb0-235e1b9d475d'),
  ('019cf052-a62e-71c3-bdd1-45ec0647e78b', 'cardmarket', 6289, 847527, 'Zephyr Sage', '019cf052-e020-7230-81a8-2f652a882e3e'),
  ('019cf052-a62e-7193-aebe-c471c40af57d', 'cardmarket', 6289, 847528, 'Lux, Illuminated', '019cf052-e020-7233-ace3-5d242165088c'),
  ('019cf052-a62e-7197-8397-b74cd9fbe573', 'cardmarket', 6289, 847529, 'Garen, Rugged', '019cf052-e020-7237-a5c7-7b79b22ef70b'),
  ('019cf052-a62e-71a7-b96e-1ac263a5f367', 'cardmarket', 6289, 847530, 'Gentlemen''s Duel', '019cf052-e020-723b-817f-7fecb7f7a0b4'),
  ('019cf052-a62e-71b4-baea-fdfd1fe3522d', 'cardmarket', 6289, 847531, 'Master Yi, Honed', '019cf052-e020-723f-8a34-3913cf88e36b'),
  ('019cf052-a62e-71bd-9296-3bb834ca2a1e', 'cardmarket', 6289, 847532, 'Annie, Stubborn', '019cf052-e020-7242-be21-f7103a9b2590'),
  ('019cf052-a62e-71c6-91d9-568b9901c5b9', 'cardmarket', 6289, 847533, 'Flash', '019cf052-e020-7246-a575-1c8a1511ce0f'),
  ('019cf052-a62e-719a-a0e2-2f310a92c8c2', 'cardmarket', 6289, 847534, 'Blast of Power', '019cf052-e020-7249-9623-e1665b3d9f7c'),
  ('019cf052-a62e-719d-a6dd-1d006f688c46', 'cardmarket', 6289, 847535, 'Garen, Commander', '019cf052-e020-724d-9342-21599b5ac222'),
  ('019cf052-a62e-71aa-a859-3760514c327b', 'cardmarket', 6289, 847536, 'Lux, Crownguard', '019cf052-e020-7251-8d8c-e03fbf6c693a'),
  ('019cf052-a62e-71b7-ac83-75b733420cb8', 'cardmarket', 6289, 847537, 'Recruit the Vanguard', '019cf052-e020-7254-a36f-6dc08f58214c'),
  ('019cf052-a62e-71c0-a60f-3c2675740b31', 'cardmarket', 6289, 847538, 'Vanguard Attendant', '019cf052-e020-7258-aadc-7ad3c1ff4972'),
  ('019cf052-a62e-71c9-af16-1de80c63b9d4', 'cardmarket', 6289, 847539, 'Annie, Dark Child', '019cf052-e020-7260-8b18-ea839483b30e'),
  ('019cf052-a62e-71a1-bacd-940f0fcfdf3d', 'cardmarket', 6289, 847540, 'Tibbers', '019cf052-e020-783d-895b-d23f38f603ce'),
  ('019cf052-a62e-71cc-a046-bb848831576f', 'cardmarket', 6289, 847541, 'Master Yi, Wuju Bladesman', '019cf052-e020-7841-9998-c485c43401d5'),
  ('019cf052-a62e-71cf-867f-2415a190215f', 'cardmarket', 6289, 847542, 'Highlander', '019cf052-e020-7845-8e4b-f5eff2ceff6f'),
  ('019cf052-a62e-71d3-b8f7-a693967fa97e', 'cardmarket', 6289, 847543, 'Lux, Lady of Luminosity', '019cf052-e020-7849-a7b7-7710d3ef280a'),
  ('019cf052-a62e-71d6-9863-c79eb371d5b8', 'cardmarket', 6289, 847544, 'Final Spark', '019cf052-e020-784c-a600-31246d419d4a'),
  ('019cf052-a62e-71d9-8688-e3535f7606eb', 'cardmarket', 6289, 847545, 'Garen, Might of Demacia', '019cf052-e020-7850-9bd3-99b1768cf869'),
  ('019cf052-a62e-71dc-ab64-881fe39f6bc2', 'cardmarket', 6289, 847546, 'Decisive Strike', '019cf052-e020-7853-9e72-b09d435a9362'),
  ('019cf052-a62c-7993-b36e-917d2cbf013a', 'tcgplayer', 24439, 653136, 'Annie Fiery', '019cf052-e020-7222-b8bf-3c9fc2151abc'),
  ('019cf052-a62c-79d3-bf20-9e0114c25362', 'tcgplayer', 24439, 653137, 'Firestorm', '019cf052-e01f-7f65-8d7a-a28fddcf5d61'),
  ('019cf052-a62c-79d9-b949-c29fa3fd73e9', 'tcgplayer', 24439, 653138, 'Incinerate', '019cf052-e020-7228-9093-13d47b91b4d9'),
  ('019cf052-a62d-73a8-95f2-3ffa85b8a342', 'tcgplayer', 24439, 653139, 'Master Yi Meditative', '019cf052-e020-722c-bdb0-235e1b9d475d'),
  ('019cf052-a62c-79dd-941d-199871289eca', 'tcgplayer', 24439, 653140, 'Zephyr Sage', '019cf052-e020-7230-81a8-2f652a882e3e'),
  ('019cf052-a62c-79e0-9501-68bff2a1677d', 'tcgplayer', 24439, 653141, 'Lux Illuminated', '019cf052-e020-7233-ace3-5d242165088c'),
  ('019cf052-a62c-79e4-95db-d39fa73a61be', 'tcgplayer', 24439, 653142, 'Garen Rugged', '019cf052-e020-7237-a5c7-7b79b22ef70b'),
  ('019cf052-a62d-739f-98ab-9cef52f7be87', 'tcgplayer', 24439, 653143, 'Gentlemens Duel', '019cf052-e020-723b-817f-7fecb7f7a0b4'),
  ('019cf052-a62d-7a19-b01a-e42a7246db01', 'tcgplayer', 24439, 653144, 'Master Yi Honed', '019cf052-e020-723f-8a34-3913cf88e36b'),
  ('019cf052-a62c-79e7-9698-19f86ebf19a8', 'tcgplayer', 24439, 653145, 'Annie Stubborn', '019cf052-e020-7242-be21-f7103a9b2590'),
  ('019cf052-a62c-79ea-8f7e-6e4edca201d9', 'tcgplayer', 24439, 653146, 'Flash', '019cf052-e020-7246-a575-1c8a1511ce0f'),
  ('019cf052-a62c-79ed-870b-4213c98f9d8a', 'tcgplayer', 24439, 653147, 'Blast of Power', '019cf052-e020-7249-9623-e1665b3d9f7c'),
  ('019cf052-a62c-79f0-aac2-73d51ccc27e2', 'tcgplayer', 24439, 653148, 'Garen Commander', '019cf052-e020-724d-9342-21599b5ac222'),
  ('019cf052-a62c-7a07-bfa1-5678a82c7351', 'tcgplayer', 24439, 653149, 'Lux Crownguard', '019cf052-e020-7251-8d8c-e03fbf6c693a'),
  ('019cf052-a62c-7a0b-9c7e-32e632259e74', 'tcgplayer', 24439, 653150, 'Recruit the Vanguard', '019cf052-e020-7254-a36f-6dc08f58214c'),
  ('019cf052-a62c-7a12-bcbd-a8dfb3ec9437', 'tcgplayer', 24439, 653151, 'Vanguard Attendant', '019cf052-e020-7258-aadc-7ad3c1ff4972'),
  ('019cf052-a62d-7a1c-8cf7-763d07448c0b', 'tcgplayer', 24439, 653152, 'Annie Dark Child Starter', '019cf052-e020-7260-8b18-ea839483b30e'),
  ('019cf052-a62c-7a15-bab9-9a7185f7f5b2', 'tcgplayer', 24439, 653153, 'Tibbers', '019cf052-e020-783d-895b-d23f38f603ce'),
  ('019cf052-a62d-7a1f-a2e7-2652161c14a7', 'tcgplayer', 24439, 653154, 'Master Yi Wuju Bladesman Starter', '019cf052-e020-7841-9998-c485c43401d5'),
  ('019cf052-a62c-7a18-89ee-cdc26fd462de', 'tcgplayer', 24439, 653155, 'Highlander', '019cf052-e020-7845-8e4b-f5eff2ceff6f'),
  ('019cf052-a62d-7a22-a251-d73f66d23714', 'tcgplayer', 24439, 653156, 'Lux Lady of Luminosity Starter', '019cf052-e020-7849-a7b7-7710d3ef280a'),
  ('019cf052-a62d-73a2-a739-bc54292d09cc', 'tcgplayer', 24439, 653157, 'Final Spark', '019cf052-e020-784c-a600-31246d419d4a'),
  ('019cf052-a62d-7a25-9935-bf12ed8510e9', 'tcgplayer', 24439, 653158, 'Garen Might of Demacia Starter', '019cf052-e020-7850-9bd3-99b1768cf869'),
  ('019cf052-a62d-73a5-9eac-e62cb8beaa46', 'tcgplayer', 24439, 653159, 'Decisive Strike', '019cf052-e020-7853-9e72-b09d435a9362');

INSERT INTO card_name_aliases (card_id, norm_name) VALUES
  ('019cf052-e009-7e7a-8ef3-3d7af480b233', 'incinerate'),
  ('019cf052-e00a-71e8-a89f-b0ba7ccc7bcf', 'luxilluminated'),
  ('019cf052-e00a-71ee-9e47-e8d173da9445', 'yihoned'),
  ('019cf052-e00a-71f4-816a-f90d301eb3e0', 'blastofpower'),
  ('019cf052-e00a-71fa-922b-b2f3d4e9825e', 'recruitthevanguard'),
  ('019cf052-e00a-71fe-aafc-9e401d229a9d', 'tibbers'),
  ('019cf052-e00a-7204-a83d-fb19eb0fe551', 'ladyofluminositystarter'),
  ('019cf052-e00a-7256-ab8d-6e39b367029d', 'anniefiery'),
  ('019cf052-e00a-725a-af1a-96c66acfa59f', 'yimeditative'),
  ('019cf052-e00a-725d-9893-e1661bf5d66b', 'garenrugged'),
  ('019cf052-e00a-7261-8a14-4251647a9001', 'anniestubborn'),
  ('019cf052-e00a-7265-bbe5-fca1516a3fea', 'garencommander'),
  ('019cf052-e00a-7268-b4a4-ef652da2b35c', 'vanguardattendant'),
  ('019cf052-e00a-726f-953a-9d8e4b960185', 'wujubladesmanstarter'),
  ('019cf052-e00a-7273-ac23-c25c9631f0ce', 'finalspark'),
  ('019cf052-e00a-72b3-9ad6-76b7a7937ed9', 'firestorm'),
  ('019cf052-e00a-72b7-84bf-56a562e24ace', 'zephyrsage'),
  ('019cf052-e00a-72bb-b0ae-c30d1a778a6c', 'gentlemensduel'),
  ('019cf052-e00a-72bf-9b5a-3f26d58d905b', 'flash'),
  ('019cf052-e00a-72c2-928f-ecb5b16295ff', 'luxcrownguard'),
  ('019cf052-e00a-72c6-ace9-ec2fc4fccb63', 'darkchildstarter'),
  ('019cf052-e00a-72ca-8947-eb08feda6df5', 'highlander'),
  ('019cf052-e00a-72cd-a297-1a50d6a513f2', 'mightofdemaciastarter'),
  ('019cf052-e00a-7394-af87-5b5f926f4b8d', 'decisivestrike');
