-- Auto-generated by generate-seed.ts — do not edit manually.
-- Source: local DB, set OGS (Proving Grounds)
-- Generated: 2026-04-06T08:15:50.097Z

INSERT INTO sets (id, slug, name, printed_total, sort_order, released_at) VALUES
  ('019cfc3b-0369-76e1-8643-5310ac59ac33', 'OGS', 'Proving Grounds', 24, 1, '2025-10-31T00:00:00.000Z');

INSERT INTO cards (id, slug, name, type, might, energy, power, might_bonus, keywords, tags, norm_name) VALUES
  ('019cfc3b-038a-7c0c-a76c-e0a5e2f46b18', 'OGS-001', 'Annie, Fiery', 'Unit', 4, 5, 1, NULL, '{}', '{"Annie","Noxus"}', 'anniefiery'),
  ('019cfc3b-038a-7e00-b828-03d838e5edab', 'OGS-002', 'Firestorm', 'Spell', NULL, 6, 1, NULL, '{}', '{}', 'firestorm'),
  ('019cfc3b-0389-7de9-8860-226f4c8947d8', 'OGS-003', 'Incinerate', 'Spell', NULL, 2, NULL, NULL, '{"Action"}', '{}', 'incinerate'),
  ('019cfc3b-038a-7c1e-a8eb-57c9b27608ca', 'OGS-004', 'Master Yi, Meditative', 'Unit', 4, 5, 1, NULL, '{}', '{"Master Yi","Ionia"}', 'masteryimeditative'),
  ('019cfc3b-038a-7e10-b8d4-6e8b9646a975', 'OGS-005', 'Zephyr Sage', 'Unit', 6, 6, 1, NULL, '{"Shield"}', '{"Ionia","Bird"}', 'zephyrsage'),
  ('019cfc3b-038a-7aab-b290-3ac99454fe0e', 'OGS-006', 'Lux, Illuminated', 'Unit', 5, 6, 1, NULL, '{}', '{"Lux","Demacia"}', 'luxilluminated'),
  ('019cfc3b-038a-7c30-8616-613222ef6b01', 'OGS-007', 'Garen, Rugged', 'Unit', 5, 6, 1, NULL, '{"Assault","Shield"}', '{"Elite","Garen","Demacia"}', 'garenrugged'),
  ('019cfc3b-038a-7e20-b240-25edfa53cbca', 'OGS-008', 'Gentlemen''s Duel', 'Spell', NULL, 6, 1, NULL, '{"Action"}', '{}', 'gentlemensduel'),
  ('019cfc3b-038a-7abc-b43e-79b55463b059', 'OGS-009', 'Master Yi, Honed', 'Unit', 6, 7, 1, NULL, '{"Ganking"}', '{"Master Yi","Ionia"}', 'masteryihoned'),
  ('019cfc3b-038a-7c41-b170-c9f989adc4a8', 'OGS-010', 'Annie, Stubborn', 'Unit', 3, 4, 1, NULL, '{}', '{"Annie","Noxus"}', 'anniestubborn'),
  ('019cfc3b-038a-7e2f-a482-917692bfd498', 'OGS-011', 'Flash', 'Spell', NULL, 2, NULL, NULL, '{"Reaction"}', '{}', 'flash'),
  ('019cfc3b-038a-7acd-8d1e-ff0cd42a7878', 'OGS-012', 'Blast of Power', 'Spell', NULL, 6, 1, NULL, '{"Action"}', '{}', 'blastofpower'),
  ('019cfc3b-038a-7c52-b7f5-683161fa2c98', 'OGS-013', 'Garen, Commander', 'Unit', 5, 6, 1, NULL, '{}', '{"Elite","Garen","Demacia"}', 'garencommander'),
  ('019cfc3b-038a-7e42-8b17-0f904fc6a78c', 'OGS-014', 'Lux, Crownguard', 'Unit', 2, 4, NULL, NULL, '{"Reaction","Add"}', '{"Lux","Demacia"}', 'luxcrownguard'),
  ('019cfc3b-038a-7add-b48d-e16b7614dfda', 'OGS-015', 'Recruit the Vanguard', 'Spell', NULL, 6, NULL, NULL, '{"Action"}', '{}', 'recruitthevanguard'),
  ('019cfc3b-038a-7c63-a32a-d4ca63b2bee9', 'OGS-016', 'Vanguard Attendant', 'Unit', 5, 6, 1, NULL, '{}', '{"Elite","Demacia"}', 'vanguardattendant'),
  ('019cfc3b-038a-7e54-90c3-34a262a17bea', 'OGS-017', 'Dark Child, Starter', 'Legend', NULL, NULL, NULL, NULL, '{}', '{"Annie"}', 'darkchildstarter'),
  ('019cfc3b-038a-7aef-b46a-dc08a7a17008', 'OGS-018', 'Tibbers', 'Unit', 7, 8, 2, NULL, '{}', '{"Annie"}', 'tibbers'),
  ('019cfc3b-038a-7c85-87b3-452bea9999fb', 'OGS-019', 'Wuju Bladesman, Starter', 'Legend', NULL, NULL, NULL, NULL, '{}', '{"Master Yi"}', 'wujubladesmanstarter'),
  ('019cfc3b-038a-7e66-ae6d-5c57a250af7e', 'OGS-020', 'Highlander', 'Spell', NULL, 4, NULL, NULL, '{"Reaction"}', '{"Master Yi"}', 'highlander'),
  ('019cfc3b-038a-7aff-9f64-d915ada7e046', 'OGS-021', 'Lady of Luminosity, Starter', 'Legend', NULL, NULL, NULL, NULL, '{}', '{"Lux"}', 'ladyofluminositystarter'),
  ('019cfc3b-038a-7c96-a595-49eecd42e4bf', 'OGS-022', 'Final Spark', 'Spell', NULL, 8, NULL, NULL, '{"Action"}', '{"Lux"}', 'finalspark'),
  ('019cfc3b-038a-7e76-9ea8-f1feb5c9d837', 'OGS-023', 'Might of Demacia, Starter', 'Legend', NULL, NULL, NULL, NULL, '{}', '{"Garen"}', 'mightofdemaciastarter'),
  ('019cfc3b-038b-7140-a819-397e9b1eb94e', 'OGS-024', 'Decisive Strike', 'Spell', NULL, 5, 1, NULL, '{"Action"}', '{"Garen"}', 'decisivestrike');

INSERT INTO card_super_types (card_id, super_type_slug) VALUES
  ('019cfc3b-038a-7aab-b290-3ac99454fe0e', 'Champion'),
  ('019cfc3b-038a-7abc-b43e-79b55463b059', 'Champion'),
  ('019cfc3b-038a-7aef-b46a-dc08a7a17008', 'Signature'),
  ('019cfc3b-038a-7aff-9f64-d915ada7e046', 'Champion'),
  ('019cfc3b-038a-7c0c-a76c-e0a5e2f46b18', 'Champion'),
  ('019cfc3b-038a-7c1e-a8eb-57c9b27608ca', 'Champion'),
  ('019cfc3b-038a-7c30-8616-613222ef6b01', 'Champion'),
  ('019cfc3b-038a-7c41-b170-c9f989adc4a8', 'Champion'),
  ('019cfc3b-038a-7c52-b7f5-683161fa2c98', 'Champion'),
  ('019cfc3b-038a-7c85-87b3-452bea9999fb', 'Champion'),
  ('019cfc3b-038a-7c96-a595-49eecd42e4bf', 'Signature'),
  ('019cfc3b-038a-7e42-8b17-0f904fc6a78c', 'Champion'),
  ('019cfc3b-038a-7e54-90c3-34a262a17bea', 'Champion'),
  ('019cfc3b-038a-7e66-ae6d-5c57a250af7e', 'Signature'),
  ('019cfc3b-038a-7e76-9ea8-f1feb5c9d837', 'Champion'),
  ('019cfc3b-038b-7140-a819-397e9b1eb94e', 'Signature');

INSERT INTO card_domains (card_id, domain_slug, ordinal) VALUES
  ('019cfc3b-0389-7de9-8860-226f4c8947d8', 'Fury', 0),
  ('019cfc3b-038a-7aab-b290-3ac99454fe0e', 'Mind', 0),
  ('019cfc3b-038a-7abc-b43e-79b55463b059', 'Body', 0),
  ('019cfc3b-038a-7acd-8d1e-ff0cd42a7878', 'Order', 0),
  ('019cfc3b-038a-7add-b48d-e16b7614dfda', 'Order', 0),
  ('019cfc3b-038a-7aef-b46a-dc08a7a17008', 'Fury', 0),
  ('019cfc3b-038a-7aef-b46a-dc08a7a17008', 'Chaos', 1),
  ('019cfc3b-038a-7aff-9f64-d915ada7e046', 'Mind', 0),
  ('019cfc3b-038a-7aff-9f64-d915ada7e046', 'Order', 1),
  ('019cfc3b-038a-7c0c-a76c-e0a5e2f46b18', 'Fury', 0),
  ('019cfc3b-038a-7c1e-a8eb-57c9b27608ca', 'Calm', 0),
  ('019cfc3b-038a-7c30-8616-613222ef6b01', 'Body', 0),
  ('019cfc3b-038a-7c41-b170-c9f989adc4a8', 'Chaos', 0),
  ('019cfc3b-038a-7c52-b7f5-683161fa2c98', 'Order', 0),
  ('019cfc3b-038a-7c63-a32a-d4ca63b2bee9', 'Order', 0),
  ('019cfc3b-038a-7c85-87b3-452bea9999fb', 'Calm', 0),
  ('019cfc3b-038a-7c85-87b3-452bea9999fb', 'Body', 1),
  ('019cfc3b-038a-7c96-a595-49eecd42e4bf', 'Mind', 0),
  ('019cfc3b-038a-7c96-a595-49eecd42e4bf', 'Order', 1),
  ('019cfc3b-038a-7e00-b828-03d838e5edab', 'Fury', 0),
  ('019cfc3b-038a-7e10-b8d4-6e8b9646a975', 'Calm', 0),
  ('019cfc3b-038a-7e20-b240-25edfa53cbca', 'Body', 0),
  ('019cfc3b-038a-7e2f-a482-917692bfd498', 'Chaos', 0),
  ('019cfc3b-038a-7e42-8b17-0f904fc6a78c', 'Order', 0),
  ('019cfc3b-038a-7e54-90c3-34a262a17bea', 'Fury', 0),
  ('019cfc3b-038a-7e54-90c3-34a262a17bea', 'Chaos', 1),
  ('019cfc3b-038a-7e66-ae6d-5c57a250af7e', 'Calm', 0),
  ('019cfc3b-038a-7e66-ae6d-5c57a250af7e', 'Body', 1),
  ('019cfc3b-038a-7e76-9ea8-f1feb5c9d837', 'Body', 0),
  ('019cfc3b-038a-7e76-9ea8-f1feb5c9d837', 'Order', 1),
  ('019cfc3b-038b-7140-a819-397e9b1eb94e', 'Body', 0),
  ('019cfc3b-038b-7140-a819-397e9b1eb94e', 'Order', 1);

INSERT INTO promo_types (id, slug, label) VALUES
  ('019d02a7-1639-7700-a279-2e6f4f6dc91c', 'nexus', 'Nexus Night Promo');

INSERT INTO printings (id, card_id, set_id, short_code, rarity, art_variant, is_signed, finish, artist, public_code, printed_rules_text, printed_effect_text, flavor_text, comment, promo_type_id, language, printed_name) VALUES
  ('019cfc3b-03d6-74cf-adec-1dce41f631eb', '019cfc3b-038a-7c0c-a76c-e0a5e2f46b18', '019cfc3b-0369-76e1-8643-5310ac59ac33', 'OGS-001', 'Epic', 'normal', FALSE, 'normal', 'Polar Engine Studio', 'OGS-001/024', 'Your spells and abilities deal 1 Bonus Damage. _(Each instance of damage they deal is increased by 1.)_', NULL, '“I never play with matches.”', NULL, NULL, 'EN', NULL),
  ('019d17a1-2723-733a-a21e-4630e4370046', '019cfc3b-038a-7c0c-a76c-e0a5e2f46b18', '019cfc3b-0369-76e1-8643-5310ac59ac33', 'OGS-001', 'Epic', 'normal', FALSE, 'foil', 'Polar Engine Studio', 'OGS-001/024', 'Your spells and abilities deal 1 Bonus Damage. _(Each instance of damage they deal is increased by 1.)_', NULL, '“I never play with matches.”', NULL, '019d02a7-1639-7700-a279-2e6f4f6dc91c', 'EN', NULL),
  ('019cfc3b-03d5-768e-91cf-8ac59b20fb0e', '019cfc3b-038a-7e00-b828-03d838e5edab', '019cfc3b-0369-76e1-8643-5310ac59ac33', 'OGS-002', 'Uncommon', 'normal', FALSE, 'normal', 'Kudos Productions', 'OGS-002/024', 'Deal 3 to all enemy units at a battlefield.', NULL, '“Eeny, meeny, miny, burn!”
—Annie', NULL, NULL, 'EN', NULL),
  ('019cfc3b-03d6-74e0-bdbe-4aca898a0bbd', '019cfc3b-0389-7de9-8860-226f4c8947d8', '019cfc3b-0369-76e1-8643-5310ac59ac33', 'OGS-003', 'Common', 'normal', FALSE, 'normal', 'Kudos Productions', 'OGS-003/024', '[Action] _(Play on your turn or in showdowns.)_
Deal 2 to a unit at a battlefield.', NULL, '“You smell like burning!”
—Annie', NULL, NULL, 'EN', NULL),
  ('019d17a6-13f6-74f3-bcaa-6974580b57db', '019cfc3b-038a-7c1e-a8eb-57c9b27608ca', '019cfc3b-0369-76e1-8643-5310ac59ac33', 'OGS-004', 'Rare', 'normal', FALSE, 'foil', 'Kudos Productions', 'OGS-004/024', 'While you have 8+ runes, I have +4 :rb_might:.', NULL, '“Anger gives motivation without purpose.”', NULL, '019d02a7-1639-7700-a279-2e6f4f6dc91c', 'EN', NULL),
  ('019cfc3b-03d6-74f2-bcff-7bd89d0061f5', '019cfc3b-038a-7c1e-a8eb-57c9b27608ca', '019cfc3b-0369-76e1-8643-5310ac59ac33', 'OGS-004', 'Rare', 'normal', FALSE, 'normal', 'Kudos Productions', 'OGS-004/024', 'While you have 8+ runes, I have +4 :rb_might:.', NULL, '“Anger gives motivation without purpose.”', NULL, NULL, 'EN', NULL),
  ('019cfc3b-03d6-7502-b5c1-a9e422f91ac7', '019cfc3b-038a-7e10-b8d4-6e8b9646a975', '019cfc3b-0369-76e1-8643-5310ac59ac33', 'OGS-005', 'Uncommon', 'normal', FALSE, 'normal', 'Six More Vodka', 'OGS-005/024', '[Shield] _(+1 :rb_might: while I’m a defender.)_', NULL, '“A true master is an eternal student.”
—Master Yi', NULL, NULL, 'EN', NULL),
  ('019d1be8-3681-73b5-bf13-078b7e3c9096', '019cfc3b-038a-7aab-b290-3ac99454fe0e', '019cfc3b-0369-76e1-8643-5310ac59ac33', 'OGS-006', 'Rare', 'normal', FALSE, 'foil', 'Six More Vodka', 'OGS-006/024', 'When you play a spell that costs :rb_energy_5: or more, give me +3 :rb_might: this turn.', NULL, '“No more holding back!”', NULL, '019d02a7-1639-7700-a279-2e6f4f6dc91c', 'EN', NULL),
  ('019cfc3b-03d6-7514-9347-be4597ff1eee', '019cfc3b-038a-7aab-b290-3ac99454fe0e', '019cfc3b-0369-76e1-8643-5310ac59ac33', 'OGS-006', 'Rare', 'normal', FALSE, 'normal', 'Six More Vodka', 'OGS-006/024', 'When you play a spell that costs :rb_energy_5: or more, give me +3 :rb_might: this turn.', NULL, '“No more holding back!”', NULL, NULL, 'EN', NULL),
  ('019cfc3b-03d6-752a-adc5-19033009d65d', '019cfc3b-038a-7c30-8616-613222ef6b01', '019cfc3b-0369-76e1-8643-5310ac59ac33', 'OGS-007', 'Rare', 'normal', FALSE, 'normal', 'Six More Vodka', 'OGS-007/024', '[Assault 2], [Shield 2] _(+2 :rb_might: while I’m an attacker or defender.)_', NULL, '“Fear is the first of many foes.”', NULL, NULL, 'EN', NULL),
  ('019d1bee-0857-793a-b76b-50b6ead8ddbb', '019cfc3b-038a-7c30-8616-613222ef6b01', '019cfc3b-0369-76e1-8643-5310ac59ac33', 'OGS-007', 'Rare', 'normal', FALSE, 'foil', 'Six More Vodka', 'OGS-007/024', '[Assault 2], [Shield 2] _(+2 :rb_might: while I’m an attacker or defender.)_', NULL, '“Fear is the first of many foes.”', NULL, '019d02a7-1639-7700-a279-2e6f4f6dc91c', 'EN', NULL),
  ('019cfc3b-03d6-753c-9ec3-7cf48219b1e8', '019cfc3b-038a-7e20-b240-25edfa53cbca', '019cfc3b-0369-76e1-8643-5310ac59ac33', 'OGS-008', 'Common', 'normal', FALSE, 'normal', 'Kudos Productions', 'OGS-008/024', '[Action] _(Play on your turn or in showdowns.)_
Give a friendly unit +3 :rb_might: this turn. Then choose an enemy unit. They deal damage equal to their Mights to each other.', NULL, 'A proper and formal way to kill your enemies.', NULL, NULL, 'EN', NULL),
  ('019d17ac-724a-732c-b83a-23cd257a74e5', '019cfc3b-038a-7abc-b43e-79b55463b059', '019cfc3b-0369-76e1-8643-5310ac59ac33', 'OGS-009', 'Epic', 'normal', FALSE, 'foil', 'Kudos Productions', 'OGS-009/024', '[Ganking] _(I can move from battlefield to battlefield.)_
I enter ready.', NULL, '“The focused mind can pierce through stone.”', NULL, '019d02a7-1639-7700-a279-2e6f4f6dc91c', 'EN', NULL),
  ('019cfc3b-03d6-754e-a4de-ca223b302965', '019cfc3b-038a-7abc-b43e-79b55463b059', '019cfc3b-0369-76e1-8643-5310ac59ac33', 'OGS-009', 'Epic', 'normal', FALSE, 'normal', 'Kudos Productions', 'OGS-009/024', '[Ganking] _(I can move from battlefield to battlefield.)_
I enter ready.', NULL, '“The focused mind can pierce through stone.”', NULL, NULL, 'EN', NULL),
  ('019cfc3b-03d6-755e-8d42-32464c0bf236', '019cfc3b-038a-7c41-b170-c9f989adc4a8', '019cfc3b-0369-76e1-8643-5310ac59ac33', 'OGS-010', 'Rare', 'normal', FALSE, 'normal', 'League Splash Team', 'OGS-010/024', 'When you play me, return a spell from your trash to your hand.', NULL, '“I want a turn!”', NULL, NULL, 'EN', NULL),
  ('019d1bf8-97d5-79ac-929e-286838af5508', '019cfc3b-038a-7c41-b170-c9f989adc4a8', '019cfc3b-0369-76e1-8643-5310ac59ac33', 'OGS-010', 'Rare', 'normal', FALSE, 'foil', 'League Splash Team', 'OGS-010/024', 'When you play me, return a spell from your trash to your hand.', NULL, '“I want a turn!”', NULL, '019d02a7-1639-7700-a279-2e6f4f6dc91c', 'EN', NULL),
  ('019cfc3b-03d6-7570-ac57-ad240fe24183', '019cfc3b-038a-7e2f-a482-917692bfd498', '019cfc3b-0369-76e1-8643-5310ac59ac33', 'OGS-011', 'Common', 'normal', FALSE, 'normal', 'Sugar Free', 'OGS-011/024', '[Reaction] _(Play any time, even before spells and abilities resolve.)_
Move up to 2 friendly units to base.', NULL, '“It’s not running away. It’s strategic repositioning.”', NULL, NULL, 'EN', NULL),
  ('019cfc3b-03d6-7581-bf1d-f627860d73b0', '019cfc3b-038a-7acd-8d1e-ff0cd42a7878', '019cfc3b-0369-76e1-8643-5310ac59ac33', 'OGS-012', 'Common', 'normal', FALSE, 'normal', 'Kudos Productions', 'OGS-012/024', '[Action] _(Play on your turn or in showdowns.)_
Kill a unit at a battlefield.', NULL, '“Illuminate the enemy!”
—Lux', NULL, NULL, 'EN', NULL),
  ('019cfc3b-03d6-7592-be7d-af8b5a85a818', '019cfc3b-038a-7c52-b7f5-683161fa2c98', '019cfc3b-0369-76e1-8643-5310ac59ac33', 'OGS-013', 'Epic', 'normal', FALSE, 'normal', 'Six More Vodka', 'OGS-013/024', 'Other friendly units have +1 :rb_might: here.', NULL, '“For Demacia!”', NULL, NULL, 'EN', NULL),
  ('019d1bfd-da4c-73d9-b2c9-a6c628b23bdd', '019cfc3b-038a-7c52-b7f5-683161fa2c98', '019cfc3b-0369-76e1-8643-5310ac59ac33', 'OGS-013', 'Epic', 'normal', FALSE, 'foil', 'Six More Vodka', 'OGS-013/024', 'Other friendly units have +1 :rb_might: here.', NULL, '“For Demacia!”', NULL, '019d02a7-1639-7700-a279-2e6f4f6dc91c', 'EN', NULL),
  ('019cfc3b-03d6-75a3-90b8-c82d7afdc00a', '019cfc3b-038a-7e42-8b17-0f904fc6a78c', '019cfc3b-0369-76e1-8643-5310ac59ac33', 'OGS-014', 'Epic', 'normal', FALSE, 'normal', 'Envar Studio', 'OGS-014/024', ':rb_exhaust:: [Reaction] — [Add] :rb_energy_2:. Use only to play spells. _(Abilities that add resources can’t be reacted to.)_', NULL, '“I’ve been hiding my light long enough.”', NULL, NULL, 'EN', NULL),
  ('019d1c00-e58f-73c9-a402-a822d45df1f9', '019cfc3b-038a-7e42-8b17-0f904fc6a78c', '019cfc3b-0369-76e1-8643-5310ac59ac33', 'OGS-014', 'Epic', 'normal', FALSE, 'foil', 'Envar Studio', 'OGS-014/024', ':rb_exhaust:: [Reaction] — [Add] :rb_energy_2:. Use only to play spells. _(Abilities that add resources can’t be reacted to.)_', NULL, '“I’ve been hiding my light long enough.”', NULL, '019d02a7-1639-7700-a279-2e6f4f6dc91c', 'EN', NULL),
  ('019cfc3b-03d6-75d8-a0f7-c6fd8a35c6f9', '019cfc3b-038a-7add-b48d-e16b7614dfda', '019cfc3b-0369-76e1-8643-5310ac59ac33', 'OGS-015', 'Uncommon', 'normal', FALSE, 'normal', 'Kudos Productions', 'OGS-015/024', '[Action] _(Play on your turn or in showdowns.)_
Play four 1 :rb_might: Recruit unit tokens. _(They can be played to your base or to battlefields you control.)_', NULL, '“My heart and sword always for Demacia.”
—Garen', NULL, NULL, 'EN', NULL),
  ('019cfc3b-03d6-75ee-922c-1e736369b5d4', '019cfc3b-038a-7c63-a32a-d4ca63b2bee9', '019cfc3b-0369-76e1-8643-5310ac59ac33', 'OGS-016', 'Common', 'normal', FALSE, 'normal', 'Six More Vodka', 'OGS-016/024', 'I enter ready.', NULL, '“Even the Vanguard needs a first line of defense.”', NULL, NULL, 'EN', NULL),
  ('019d1c05-bf03-747d-be95-60ee1687b24b', '019cfc3b-038a-7e54-90c3-34a262a17bea', '019cfc3b-0369-76e1-8643-5310ac59ac33', 'OGS-017', 'Rare', 'normal', FALSE, 'foil', 'Six More Vodka', 'OGS-017/024', 'At the end of your turn, ready 2 runes.', NULL, NULL, NULL, '019d02a7-1639-7700-a279-2e6f4f6dc91c', 'EN', NULL),
  ('019cfc3b-03d6-7600-9bd2-f43441e40ace', '019cfc3b-038a-7e54-90c3-34a262a17bea', '019cfc3b-0369-76e1-8643-5310ac59ac33', 'OGS-017', 'Rare', 'normal', FALSE, 'normal', 'Six More Vodka', 'OGS-017/024', 'At the end of your turn, ready 2 runes.', NULL, NULL, NULL, NULL, 'EN', NULL),
  ('019d1c0b-64ab-7160-8bd6-36dfdffb1210', '019cfc3b-038a-7aef-b46a-dc08a7a17008', '019cfc3b-0369-76e1-8643-5310ac59ac33', 'OGS-018', 'Epic', 'normal', FALSE, 'foil', 'Polar Engine Studio', 'OGS-018/024', 'When you play me, deal 3 to all units at battlefields.', NULL, '“Bear hug!”
—Annie', NULL, '019d02a7-1639-7700-a279-2e6f4f6dc91c', 'EN', NULL),
  ('019cfc3b-03d8-7309-9eae-0ba9ba5967f3', '019cfc3b-038a-7aef-b46a-dc08a7a17008', '019cfc3b-0369-76e1-8643-5310ac59ac33', 'OGS-018', 'Epic', 'normal', FALSE, 'normal', 'Polar Engine Studio', 'OGS-018/024', 'When you play me, deal 3 to all units at battlefields.', NULL, '“Bear hug!”
—Annie', NULL, NULL, 'EN', NULL),
  ('019cfc3b-03d8-731c-8957-4f2dc4f8464f', '019cfc3b-038a-7c85-87b3-452bea9999fb', '019cfc3b-0369-76e1-8643-5310ac59ac33', 'OGS-019', 'Rare', 'normal', FALSE, 'normal', 'Grafit Studio/Quy Ho', 'OGS-019/024', 'While a friendly unit defends alone, it gets +2 :rb_might:.', NULL, NULL, NULL, NULL, 'EN', NULL),
  ('019d1c0e-5395-709b-a44a-b9b9bc85907b', '019cfc3b-038a-7c85-87b3-452bea9999fb', '019cfc3b-0369-76e1-8643-5310ac59ac33', 'OGS-019', 'Rare', 'normal', FALSE, 'foil', 'Grafit Studio/Quy Ho', 'OGS-019/024', 'While a friendly unit defends alone, it gets +2 :rb_might:.', NULL, NULL, NULL, '019d02a7-1639-7700-a279-2e6f4f6dc91c', 'EN', NULL),
  ('019cfc3b-03d8-732e-9d55-1e74ebff11dd', '019cfc3b-038a-7e66-ae6d-5c57a250af7e', '019cfc3b-0369-76e1-8643-5310ac59ac33', 'OGS-020', 'Epic', 'normal', FALSE, 'normal', 'Kudos Productions', 'OGS-020/024', '[Reaction] _(Play any time, even before spells and abilities resolve.)_
Choose a friendly unit. The next time it dies this turn, recall it exhausted instead. _(Send it to base. This isn’t a move.)_', NULL, NULL, NULL, NULL, 'EN', NULL),
  ('019d1c11-4999-78e3-9980-2298b44d436d', '019cfc3b-038a-7e66-ae6d-5c57a250af7e', '019cfc3b-0369-76e1-8643-5310ac59ac33', 'OGS-020', 'Epic', 'normal', FALSE, 'foil', 'Kudos Productions', 'OGS-020/024', '[Reaction] _(Play any time, even before spells and abilities resolve.)_
Choose a friendly unit. The next time it dies this turn, recall it exhausted instead. _(Send it to base. This isn’t a move.)_', NULL, NULL, NULL, '019d02a7-1639-7700-a279-2e6f4f6dc91c', 'EN', NULL),
  ('019cfc3b-03d8-7340-8664-d8b5b646ef84', '019cfc3b-038a-7aff-9f64-d915ada7e046', '019cfc3b-0369-76e1-8643-5310ac59ac33', 'OGS-021', 'Rare', 'normal', FALSE, 'normal', 'Grafit Studio/Maki Planas Mata', 'OGS-021/024', 'When you play a spell that costs :rb_energy_5: or more, draw 1.', NULL, NULL, NULL, NULL, 'EN', NULL),
  ('019cfc3b-03d8-7350-b433-2aee587b1912', '019cfc3b-038a-7c96-a595-49eecd42e4bf', '019cfc3b-0369-76e1-8643-5310ac59ac33', 'OGS-022', 'Epic', 'normal', FALSE, 'normal', 'Kudos Productions', 'OGS-022/024', '[Action] _(Play on your turn or in showdowns.)_
Deal 8 to a unit.', NULL, NULL, NULL, NULL, 'EN', NULL),
  ('019cfc3b-03d8-7361-9a9a-915783d54e1c', '019cfc3b-038a-7e76-9ea8-f1feb5c9d837', '019cfc3b-0369-76e1-8643-5310ac59ac33', 'OGS-023', 'Rare', 'normal', FALSE, 'normal', 'Six More Vodka', 'OGS-023/024', 'When you conquer, if you have 4+ units at that battlefield, draw 2.', NULL, NULL, NULL, NULL, 'EN', NULL),
  ('019cfc3b-03d8-7371-9e2d-f3aa5ad324a9', '019cfc3b-038b-7140-a819-397e9b1eb94e', '019cfc3b-0369-76e1-8643-5310ac59ac33', 'OGS-024', 'Epic', 'normal', FALSE, 'normal', 'Kudos Productions', 'OGS-024/024', '[Action] _(Play on your turn or in showdowns.)_
Give friendly units +2 :rb_might: this turn.', NULL, NULL, NULL, NULL, 'EN', NULL);

INSERT INTO marketplace_groups (id, marketplace, group_id, name, abbreviation) VALUES
  ('019cfc3a-e5d3-7e7e-9497-23ee0c612850', 'cardmarket', 6286, 'Origins', NULL),
  ('019cfc3a-e5d3-7e90-b462-c8bed1bf05f2', 'cardmarket', 6289, 'Proving Grounds', NULL),
  ('019cfc3a-e5d3-7ea2-a7ed-d1d82f6cdea5', 'cardmarket', 6322, 'Origins: Promos', NULL),
  ('019cfc3a-e5d3-7eb3-abad-5fdffa803665', 'cardmarket', 6399, 'Spiritforged', NULL),
  ('019cfc3a-e5d3-7ec3-9543-f9f44e5915aa', 'cardmarket', 6480, 'Project K Promos', NULL),
  ('019cfc3a-e5d3-7ed4-8999-3cd4b463f244', 'cardmarket', 6483, 'Spiritforged: Promos', NULL),
  ('019d1c29-9066-737b-8946-b9e3101587c1', 'cardtrader', 4166, 'Origins', 'ogn'),
  ('019d1c29-9068-7cbc-882a-e1bcbf146596', 'cardtrader', 4167, 'Promos', 'promo-rift'),
  ('019d1c29-9069-7097-8252-8f3be7d4ade1', 'cardtrader', 4275, 'Origins Proving Grounds', 'ogs'),
  ('019d1c29-9069-7229-ad09-cb5eb07466c1', 'cardtrader', 4287, 'Organized Play', 'op'),
  ('019d1c29-9069-747a-beab-1570e3ab757b', 'cardtrader', 4288, 'Judge Promos', 'jdg'),
  ('019d1c29-9069-764c-b786-082f8c1a9840', 'cardtrader', 4289, 'Arcane', 'arc'),
  ('019d1c29-9069-77ae-83a8-bd64449d8a9b', 'cardtrader', 4299, 'Spiritforged', 'sfd'),
  ('019d1c29-9069-7912-abde-0f84f7a0fea8', 'cardtrader', 4347, 'Championship Promo', 'rift-champ'),
  ('019d1c29-9069-7a79-be25-ad6ad9d2d51d', 'cardtrader', 4348, 'Nexus Night Promos', 'nnp'),
  ('019d1c29-9069-7c84-b27c-5a9bbc8498aa', 'cardtrader', 4349, 'Release Event Promos', 'rep-riftbound'),
  ('019d1c29-906a-704f-8628-feed96f41172', 'cardtrader', 4425, 'Unleashed', 'unl'),
  ('019d1c29-906a-726f-a12f-f13b745fd5fc', 'cardtrader', 4521, 'Vendetta', 'ven'),
  ('019d1c29-906a-74ea-b28f-1c2b80c38ccb', 'cardtrader', 4522, 'Radiance', 'rad'),
  ('019cfc3a-e5d3-7e5b-8dd3-6cd925320b27', 'tcgplayer', 24343, 'Riftbound Promotional Cards', 'PR'),
  ('019cfc3a-e5d3-7e27-a1bc-c57dea97644a', 'tcgplayer', 24344, 'Origins', 'OGN'),
  ('019cfc3a-e5d3-7e38-8af3-07d1e517947c', 'tcgplayer', 24439, 'Origins: Proving Grounds', 'OGS'),
  ('019cfc3a-e5d3-7e6d-ad96-f51fdb4d70ba', 'tcgplayer', 24502, 'Riftbound Worlds Bundle 2025', 'RWB'),
  ('019cfc3a-e5d3-7df3-838e-550f1a2fd90a', 'tcgplayer', 24519, 'Spiritforged', 'SFD'),
  ('019cfc3a-e5d3-7e4a-bc91-dd70fab6d75c', 'tcgplayer', 24528, 'Riftbound Organized Play Promotional Cards', 'OPP'),
  ('019cfc3a-e5d3-7e15-8287-881760ec56ed', 'tcgplayer', 24552, 'Riftbound Judge Promotional Cards', 'JDG'),
  ('019cfc3a-e5d3-7c3d-96c9-dc5f89f12fba', 'tcgplayer', 24560, 'Unleashed', 'UNL');

INSERT INTO marketplace_products (id, marketplace, group_id, external_id, product_name, printing_id, language) VALUES
  ('019cfc3a-e6ae-746b-bc85-a83b3dc99f6c', 'cardmarket', 6289, 847523, 'Annie, Fiery', '019cfc3b-03d6-74cf-adec-1dce41f631eb', 'EN'),
  ('019cfc3a-e6ae-749f-a1a7-5cb64e718b12', 'cardmarket', 6289, 847524, 'Firestorm', '019cfc3b-03d5-768e-91cf-8ac59b20fb0e', 'EN'),
  ('019cfc3a-e6ae-74b0-952e-22178e4a7e87', 'cardmarket', 6289, 847525, 'Incinerate', '019cfc3b-03d6-74e0-bdbe-4aca898a0bbd', 'EN'),
  ('019cfc3a-e6ae-74e2-92f3-369504d1fe1c', 'cardmarket', 6289, 847526, 'Master Yi, Meditative', '019cfc3b-03d6-74f2-bcff-7bd89d0061f5', 'EN'),
  ('019cfc3a-e6ae-7513-9d72-f8e437d02fdd', 'cardmarket', 6289, 847527, 'Zephyr Sage', '019cfc3b-03d6-7502-b5c1-a9e422f91ac7', 'EN'),
  ('019cfc3a-e6ae-7417-a3cc-375b29f33e47', 'cardmarket', 6289, 847528, 'Lux, Illuminated', '019cfc3b-03d6-7514-9347-be4597ff1eee', 'EN'),
  ('019cfc3a-e6ae-7428-9974-e89da999730a', 'cardmarket', 6289, 847529, 'Garen, Rugged', '019cfc3b-03d6-752a-adc5-19033009d65d', 'EN'),
  ('019cfc3a-e6ae-747b-aa9c-edfbd4aff009', 'cardmarket', 6289, 847530, 'Gentlemen''s Duel', '019cfc3b-03d6-753c-9ec3-7cf48219b1e8', 'EN'),
  ('019cfc3a-e6ae-74c0-b143-468d5f35c616', 'cardmarket', 6289, 847531, 'Master Yi, Honed', '019cfc3b-03d6-754e-a4de-ca223b302965', 'EN'),
  ('019cfc3a-e6ae-74f3-a054-e6db5ea815af', 'cardmarket', 6289, 847532, 'Annie, Stubborn', '019cfc3b-03d6-755e-8d42-32464c0bf236', 'EN'),
  ('019cfc3a-e6ae-7523-82c1-0346b092dcd7', 'cardmarket', 6289, 847533, 'Flash', '019cfc3b-03d6-7570-ac57-ad240fe24183', 'EN'),
  ('019cfc3a-e6ae-7439-8cde-ba5aa311dccd', 'cardmarket', 6289, 847534, 'Blast of Power', '019cfc3b-03d6-7581-bf1d-f627860d73b0', 'EN'),
  ('019cfc3a-e6ae-7449-8b88-2301b4dc58ff', 'cardmarket', 6289, 847535, 'Garen, Commander', '019cfc3b-03d6-7592-be7d-af8b5a85a818', 'EN'),
  ('019cfc3a-e6ae-748e-ae8b-11af7f4778fb', 'cardmarket', 6289, 847536, 'Lux, Crownguard', '019cfc3b-03d6-75a3-90b8-c82d7afdc00a', 'EN'),
  ('019cfc3a-e6ae-74d1-9529-ea93b174de93', 'cardmarket', 6289, 847537, 'Recruit the Vanguard', '019cfc3b-03d6-75d8-a0f7-c6fd8a35c6f9', 'EN'),
  ('019cfc3a-e6ae-7503-aeb8-0c509cda7ca4', 'cardmarket', 6289, 847538, 'Vanguard Attendant', '019cfc3b-03d6-75ee-922c-1e736369b5d4', 'EN'),
  ('019cfc3a-e6ae-7534-9bea-83da6ddad87d', 'cardmarket', 6289, 847539, 'Annie, Dark Child', '019cfc3b-03d6-7600-9bd2-f43441e40ace', 'EN'),
  ('019cfc3a-e6ae-745a-b91b-223257fac59a', 'cardmarket', 6289, 847540, 'Tibbers', '019cfc3b-03d8-7309-9eae-0ba9ba5967f3', 'EN'),
  ('019cfc3a-e6ae-7544-adb0-c3fb6505c601', 'cardmarket', 6289, 847541, 'Master Yi, Wuju Bladesman', '019cfc3b-03d8-731c-8957-4f2dc4f8464f', 'EN'),
  ('019cfc3a-e6ae-7555-8d31-5008539d17ab', 'cardmarket', 6289, 847542, 'Highlander', '019cfc3b-03d8-732e-9d55-1e74ebff11dd', 'EN'),
  ('019cfc3a-e6ae-7566-b871-b95b5aeebb1a', 'cardmarket', 6289, 847543, 'Lux, Lady of Luminosity', '019cfc3b-03d8-7340-8664-d8b5b646ef84', 'EN'),
  ('019cfc3a-e6ae-7577-a525-ed370f8863f1', 'cardmarket', 6289, 847544, 'Final Spark', '019cfc3b-03d8-7350-b433-2aee587b1912', 'EN'),
  ('019cfc3a-e6ae-7587-834d-13e53c2c90e0', 'cardmarket', 6289, 847545, 'Garen, Might of Demacia', '019cfc3b-03d8-7361-9a9a-915783d54e1c', 'EN'),
  ('019cfc3a-e6ae-7597-bb5d-19ca4dda8646', 'cardmarket', 6289, 847546, 'Decisive Strike', '019cfc3b-03d8-7371-9e2d-f3aa5ad324a9', 'EN'),
  ('019d1bfd-bc5a-7c69-aa96-3572e31fc28c', 'cardmarket', 6322, 874121, 'Annie, Fiery', '019d17a1-2723-733a-a21e-4630e4370046', 'EN'),
  ('019d36db-d6d1-7187-8fff-de9550790327', 'cardmarket', 6322, 874122, 'Master Yi, Meditative', '019d17a6-13f6-74f3-bcaa-6974580b57db', 'EN'),
  ('019d39d5-4b44-7998-8b2c-b6ab6f67ace9', 'cardmarket', 6322, 874123, 'Lux, Illuminated', '019d1be8-3681-73b5-bf13-078b7e3c9096', 'EN'),
  ('019d409c-e79b-73da-8bf0-a92c7813c6aa', 'cardmarket', 6322, 874124, 'Garen, Rugged', '019d1bee-0857-793a-b76b-50b6ead8ddbb', 'EN'),
  ('019d409d-809a-7cc7-9da8-890c704bdcc6', 'cardmarket', 6322, 874125, 'Master Yi, Honed', '019d17ac-724a-732c-b83a-23cd257a74e5', 'EN'),
  ('019d1bfe-f678-7062-91da-fa2b9c2ddbe6', 'cardmarket', 6322, 874126, 'Annie, Stubborn', '019d1bf8-97d5-79ac-929e-286838af5508', 'EN'),
  ('019d409c-257e-7837-acd8-a7247a352263', 'cardmarket', 6322, 874127, 'Garen, Commander', '019d1bfd-da4c-73d9-b2c9-a6c628b23bdd', 'EN'),
  ('019d409a-bd07-7d46-a76c-2e12f44eb3fb', 'cardmarket', 6322, 874128, 'Lux, Crownguard', '019d1c00-e58f-73c9-a402-a822d45df1f9', 'EN'),
  ('019d271d-3bc8-7b9b-900b-4a070ee1c013', 'cardmarket', 6322, 874130, 'Tibbers', '019d1c0b-64ab-7160-8bd6-36dfdffb1210', 'EN'),
  ('019d271d-892d-7aad-a425-802f4111cba4', 'cardmarket', 6322, 874131, 'Master Yi, Wuju Bladesman', '019d1c0e-5395-709b-a44a-b9b9bc85907b', 'EN'),
  ('019d271d-ef38-78cb-88c0-8c5acf45b70f', 'cardmarket', 6322, 874132, 'Highlander', '019d1c11-4999-78e3-9980-2298b44d436d', 'EN'),
  ('019d1d0d-2a12-77fd-95cd-d45001e9cea1', 'cardtrader', 4275, 344328, 'Annie - Fiery', '019cfc3b-03d6-74cf-adec-1dce41f631eb', 'EN'),
  ('019d1d0d-2a12-78fd-af18-feca7f775db6', 'cardtrader', 4275, 344329, 'Firestorm', '019cfc3b-03d5-768e-91cf-8ac59b20fb0e', 'EN'),
  ('019d1d0d-2a12-7a5e-8494-300c8e8979b0', 'cardtrader', 4275, 344330, 'Incinerate', '019cfc3b-03d6-74e0-bdbe-4aca898a0bbd', 'EN'),
  ('019d1d0d-2a12-7b45-a304-272c5131be99', 'cardtrader', 4275, 344331, 'Master Yi - Medative', '019cfc3b-03d6-74f2-bcff-7bd89d0061f5', 'EN'),
  ('019d1d0d-2a12-7c29-b2d4-d8116beb889c', 'cardtrader', 4275, 344332, 'Zephyr Sage', '019cfc3b-03d6-7502-b5c1-a9e422f91ac7', 'EN'),
  ('019d39d5-5fdb-7865-9a18-f35ef763d762', 'cardtrader', 4275, 344333, 'Lux - Illuminated', '019d1be8-3681-73b5-bf13-078b7e3c9096', 'EN'),
  ('019d1d0d-2a12-7d05-aa0d-3e757c90def6', 'cardtrader', 4275, 344333, 'Lux - Illuminated', '019cfc3b-03d6-7514-9347-be4597ff1eee', 'EN'),
  ('019d1d0d-2a12-7eea-8534-4738787b8ee3', 'cardtrader', 4275, 344334, 'Garen - Rugged', '019cfc3b-03d6-752a-adc5-19033009d65d', 'EN'),
  ('019d1d0d-2a12-7fca-b18d-20870e5070f6', 'cardtrader', 4275, 344335, 'Gentlemen''s Duel', '019cfc3b-03d6-753c-9ec3-7cf48219b1e8', 'EN'),
  ('019d1d0d-2a13-7187-bb9a-3d240d181f63', 'cardtrader', 4275, 344336, 'Master Yi - Honed', '019cfc3b-03d6-754e-a4de-ca223b302965', 'EN'),
  ('019d1d0d-2a13-725e-bf19-d750818f5e29', 'cardtrader', 4275, 344337, 'Annie - Stubborn', '019cfc3b-03d6-755e-8d42-32464c0bf236', 'EN'),
  ('019d1d0d-2a13-732c-b0f5-67b22f750e16', 'cardtrader', 4275, 344338, 'Flash', '019cfc3b-03d6-7570-ac57-ad240fe24183', 'EN'),
  ('019d1d0d-2a13-73fa-a275-c4328e51fc99', 'cardtrader', 4275, 344340, 'Blast of Power', '019cfc3b-03d6-7581-bf1d-f627860d73b0', 'EN'),
  ('019d1d0d-2a13-74fa-885f-59cf33778864', 'cardtrader', 4275, 344341, 'Garen - Commander', '019cfc3b-03d6-7592-be7d-af8b5a85a818', 'EN'),
  ('019d1d0d-2a13-7608-a7ea-8df61acf411f', 'cardtrader', 4275, 344342, 'Lux - Crownguard', '019cfc3b-03d6-75a3-90b8-c82d7afdc00a', 'EN'),
  ('019d1d0d-2a13-76de-a67e-0806fa6f4239', 'cardtrader', 4275, 344343, 'Recruit the Vanguard', '019cfc3b-03d6-75d8-a0f7-c6fd8a35c6f9', 'EN'),
  ('019d1d0d-2a13-77ad-8d8a-9b52e88749c8', 'cardtrader', 4275, 344344, 'Vanguard Attendant', '019cfc3b-03d6-75ee-922c-1e736369b5d4', 'EN'),
  ('019d1d0d-2a13-787a-b3cb-e673420bae1f', 'cardtrader', 4275, 344430, 'Annie - Dark Child', '019cfc3b-03d6-7600-9bd2-f43441e40ace', 'EN'),
  ('019d1d0d-2a13-7948-9867-57ec1faaf50c', 'cardtrader', 4275, 344431, 'Tibbers', '019cfc3b-03d8-7309-9eae-0ba9ba5967f3', 'EN'),
  ('019d1d0d-2a13-7a28-ae18-018b7cb0a03b', 'cardtrader', 4275, 344432, 'Master Yi - Wuju Bladesman', '019cfc3b-03d8-731c-8957-4f2dc4f8464f', 'EN'),
  ('019d1d0d-2a13-7b09-a64e-99353acec162', 'cardtrader', 4275, 344433, 'Highlander', '019cfc3b-03d8-732e-9d55-1e74ebff11dd', 'EN'),
  ('019d1d0d-2a13-7be0-a676-a11bf15d0ffd', 'cardtrader', 4275, 344434, 'Lux - Lady of Luminosity', '019cfc3b-03d8-7340-8664-d8b5b646ef84', 'EN'),
  ('019d1d0d-2a13-7ce6-9913-9c01116eaf2a', 'cardtrader', 4275, 344435, 'Final Spark', '019cfc3b-03d8-7350-b433-2aee587b1912', 'EN'),
  ('019d1d0d-2a13-7e04-8b8c-a1095cd91add', 'cardtrader', 4275, 344436, 'Garen - Might of Demacia', '019cfc3b-03d8-7361-9a9a-915783d54e1c', 'EN'),
  ('019d1d0d-2a13-7edd-9611-9407c5b8fef1', 'cardtrader', 4275, 344437, 'Decisive Strike', '019cfc3b-03d8-7371-9e2d-f3aa5ad324a9', 'EN'),
  ('019d1d0d-2a68-7374-9c22-12476c20a361', 'cardtrader', 4348, 375019, 'Annie - Fiery', '019d17a1-2723-733a-a21e-4630e4370046', 'EN'),
  ('019d1d0d-2a68-746b-b5d0-cfa838348e4a', 'cardtrader', 4348, 375020, 'Annie - Stubborn', '019d1bf8-97d5-79ac-929e-286838af5508', 'EN'),
  ('019d271d-3bc8-7dd0-ae1e-8a1580674560', 'cardtrader', 4348, 375022, 'Tibbers', '019d1c0b-64ab-7160-8bd6-36dfdffb1210', 'EN'),
  ('019d271d-9f3d-7ce9-87f2-582b0e12d488', 'cardtrader', 4348, 375023, 'Master Yi - Wuju Bladesman', '019d1c0e-5395-709b-a44a-b9b9bc85907b', 'EN'),
  ('019d271e-df84-79cb-8252-b6b4167e1b84', 'cardtrader', 4348, 375024, 'Highlander', '019d1c11-4999-78e3-9980-2298b44d436d', 'EN'),
  ('019d36dc-046c-7b55-8fe3-462863b2eaee', 'cardtrader', 4348, 375034, 'Master Yi - Medative', '019d17a6-13f6-74f3-bcaa-6974580b57db', 'EN'),
  ('019d409d-08e1-70e7-89b1-047ee4d16255', 'cardtrader', 4348, 375040, 'Garen - Rugged', '019d1bee-0857-793a-b76b-50b6ead8ddbb', 'EN'),
  ('019d409d-4b20-7525-ba78-33b069b9680c', 'cardtrader', 4348, 375042, 'Master Yi - Honed', '019d17ac-724a-732c-b83a-23cd257a74e5', 'EN'),
  ('019d409b-dd75-7be6-90ec-d14b3fbab031', 'cardtrader', 4348, 375050, 'Lux - Crownguard', '019d1c00-e58f-73c9-a402-a822d45df1f9', 'EN'),
  ('019d409c-4990-7567-9446-713149a13449', 'cardtrader', 4348, 375051, 'Garen - Commander', '019d1bfd-da4c-73d9-b2c9-a6c628b23bdd', 'EN'),
  ('019cfc3a-e6a8-71f5-b5d9-80b0a04a1fd0', 'tcgplayer', 24439, 653136, 'Annie Fiery', '019cfc3b-03d6-74cf-adec-1dce41f631eb', 'EN'),
  ('019cfc3a-e6a8-7257-8dab-d9ae87986048', 'tcgplayer', 24439, 653137, 'Firestorm', '019cfc3b-03d5-768e-91cf-8ac59b20fb0e', 'EN'),
  ('019cfc3a-e6a8-7265-b40f-501dff21daeb', 'tcgplayer', 24439, 653138, 'Incinerate', '019cfc3b-03d6-74e0-bdbe-4aca898a0bbd', 'EN'),
  ('019cfc3a-e6aa-709e-b5a2-845a1d93b36d', 'tcgplayer', 24439, 653139, 'Master Yi Meditative', '019cfc3b-03d6-74f2-bcff-7bd89d0061f5', 'EN'),
  ('019cfc3a-e6a8-726f-bc07-24be5ea16d8f', 'tcgplayer', 24439, 653140, 'Zephyr Sage', '019cfc3b-03d6-7502-b5c1-a9e422f91ac7', 'EN'),
  ('019cfc3a-e6a8-727a-b219-b887318ae5b5', 'tcgplayer', 24439, 653141, 'Lux Illuminated', '019cfc3b-03d6-7514-9347-be4597ff1eee', 'EN'),
  ('019cfc3a-e6a8-7285-b3e5-488a2dbdea7d', 'tcgplayer', 24439, 653142, 'Garen Rugged', '019cfc3b-03d6-752a-adc5-19033009d65d', 'EN'),
  ('019cfc3a-e6aa-7071-b259-94bb4f849c3f', 'tcgplayer', 24439, 653143, 'Gentlemens Duel', '019cfc3b-03d6-753c-9ec3-7cf48219b1e8', 'EN'),
  ('019cfc3a-e6ab-7ec3-8690-caded282a194', 'tcgplayer', 24439, 653144, 'Master Yi Honed', '019cfc3b-03d6-754e-a4de-ca223b302965', 'EN'),
  ('019cfc3a-e6a8-728f-ae7c-bac19061fe18', 'tcgplayer', 24439, 653145, 'Annie Stubborn', '019cfc3b-03d6-755e-8d42-32464c0bf236', 'EN'),
  ('019cfc3a-e6a8-7299-9f2d-55db1c8ef1bc', 'tcgplayer', 24439, 653146, 'Flash', '019cfc3b-03d6-7570-ac57-ad240fe24183', 'EN'),
  ('019cfc3a-e6a8-72a3-8da4-a235300c7c58', 'tcgplayer', 24439, 653147, 'Blast of Power', '019cfc3b-03d6-7581-bf1d-f627860d73b0', 'EN'),
  ('019cfc3a-e6a8-72ad-a3a3-f547137cc52d', 'tcgplayer', 24439, 653148, 'Garen Commander', '019cfc3b-03d6-7592-be7d-af8b5a85a818', 'EN'),
  ('019cfc3a-e6a8-72cc-9c70-4f809d2600b6', 'tcgplayer', 24439, 653149, 'Lux Crownguard', '019cfc3b-03d6-75a3-90b8-c82d7afdc00a', 'EN'),
  ('019cfc3a-e6a8-72d7-a5f0-2ab7097bce41', 'tcgplayer', 24439, 653150, 'Recruit the Vanguard', '019cfc3b-03d6-75d8-a0f7-c6fd8a35c6f9', 'EN'),
  ('019cfc3a-e6a8-72e2-94d6-3dc1299e526f', 'tcgplayer', 24439, 653151, 'Vanguard Attendant', '019cfc3b-03d6-75ee-922c-1e736369b5d4', 'EN'),
  ('019cfc3a-e6ab-7ed4-9f9c-52aadb63fbd5', 'tcgplayer', 24439, 653152, 'Annie Dark Child Starter', '019cfc3b-03d6-7600-9bd2-f43441e40ace', 'EN'),
  ('019cfc3a-e6a8-72ec-a92b-a874aa5b09aa', 'tcgplayer', 24439, 653153, 'Tibbers', '019cfc3b-03d8-7309-9eae-0ba9ba5967f3', 'EN'),
  ('019cfc3a-e6ab-7ee2-9376-a79c13377511', 'tcgplayer', 24439, 653154, 'Master Yi Wuju Bladesman Starter', '019cfc3b-03d8-731c-8957-4f2dc4f8464f', 'EN'),
  ('019cfc3a-e6a8-72f7-8be8-a360f69d985e', 'tcgplayer', 24439, 653155, 'Highlander', '019cfc3b-03d8-732e-9d55-1e74ebff11dd', 'EN'),
  ('019cfc3a-e6ab-7ef2-898a-7eccb5b0aa72', 'tcgplayer', 24439, 653156, 'Lux Lady of Luminosity Starter', '019cfc3b-03d8-7340-8664-d8b5b646ef84', 'EN'),
  ('019cfc3a-e6aa-7080-a814-eb7bec8d81cc', 'tcgplayer', 24439, 653157, 'Final Spark', '019cfc3b-03d8-7350-b433-2aee587b1912', 'EN'),
  ('019cfc3a-e6ab-7f00-a2f0-aedeb1604fd2', 'tcgplayer', 24439, 653158, 'Garen Might of Demacia Starter', '019cfc3b-03d8-7361-9a9a-915783d54e1c', 'EN'),
  ('019cfc3a-e6aa-708f-bb8b-9665f0c1c436', 'tcgplayer', 24439, 653159, 'Decisive Strike', '019cfc3b-03d8-7371-9e2d-f3aa5ad324a9', 'EN'),
  ('019d271d-3bc8-715b-a631-c098461c9605', 'tcgplayer', 24528, 680254, 'Tibbers', '019d1c0b-64ab-7160-8bd6-36dfdffb1210', 'EN'),
  ('019d271d-71ad-74f6-a38d-54b605523b7a', 'tcgplayer', 24528, 680257, 'Master Yi Wuju Bladesman', '019d1c0e-5395-709b-a44a-b9b9bc85907b', 'EN'),
  ('019d271d-d6ff-7448-820a-e599e9fda7be', 'tcgplayer', 24528, 680260, 'Highlander', '019d1c11-4999-78e3-9980-2298b44d436d', 'EN'),
  ('019d1bfd-b2ca-73a3-a04c-d048f205a2cf', 'tcgplayer', 24528, 680296, 'Annie Fiery', '019d17a1-2723-733a-a21e-4630e4370046', 'EN'),
  ('019d36db-b14b-73b7-a66a-d9de0f66dd33', 'tcgplayer', 24528, 680323, 'Master Yi Meditative', '019d17a6-13f6-74f3-bcaa-6974580b57db', 'EN'),
  ('019d39d5-3cb0-768f-b6ab-e207ec9d4b82', 'tcgplayer', 24528, 680339, 'Lux Illuminated', '019d1be8-3681-73b5-bf13-078b7e3c9096', 'EN'),
  ('019d409c-d90e-71a9-af57-66e5972fcac1', 'tcgplayer', 24528, 680360, 'Garen Rugged', '019d1bee-0857-793a-b76b-50b6ead8ddbb', 'EN'),
  ('019d409d-71c9-72c1-852e-c4cd636fcaae', 'tcgplayer', 24528, 680376, 'Master Yi Honed', '019d17ac-724a-732c-b83a-23cd257a74e5', 'EN'),
  ('019d1bfe-e71d-79d0-af05-2c26f2bc5be7', 'tcgplayer', 24528, 680416, 'Annie Stubborn', '019d1bf8-97d5-79ac-929e-286838af5508', 'EN'),
  ('019d409a-acc8-72be-bbea-7495802c2f6d', 'tcgplayer', 24528, 680439, 'Lux Crownguard', '019d1c00-e58f-73c9-a402-a822d45df1f9', 'EN'),
  ('019d409c-1555-7f70-8f25-e86f84b0cd98', 'tcgplayer', 24528, 680441, 'Garen Commander', '019d1bfd-da4c-73d9-b2c9-a6c628b23bdd', 'EN');

INSERT INTO card_name_aliases (card_id, norm_name) VALUES
  ('019cfc3b-0389-7de9-8860-226f4c8947d8', 'incinerate'),
  ('019cfc3b-038a-7aab-b290-3ac99454fe0e', 'luxilluminated'),
  ('019cfc3b-038a-7aab-b290-3ac99454fe0e', 'luxilluminatedspiritforgednexusnightpromo'),
  ('019cfc3b-038a-7abc-b43e-79b55463b059', 'masteryihoned'),
  ('019cfc3b-038a-7abc-b43e-79b55463b059', 'masteryihonedspiritforgednexusnightpromo'),
  ('019cfc3b-038a-7abc-b43e-79b55463b059', 'yihoned'),
  ('019cfc3b-038a-7acd-8d1e-ff0cd42a7878', 'blastofpower'),
  ('019cfc3b-038a-7add-b48d-e16b7614dfda', 'recruitthevanguard'),
  ('019cfc3b-038a-7aef-b46a-dc08a7a17008', 'tibbers'),
  ('019cfc3b-038a-7aef-b46a-dc08a7a17008', 'tibbersspiritforgednexusnightpromo'),
  ('019cfc3b-038a-7aff-9f64-d915ada7e046', 'ladyofluminosity'),
  ('019cfc3b-038a-7aff-9f64-d915ada7e046', 'ladyofluminositystarter'),
  ('019cfc3b-038a-7aff-9f64-d915ada7e046', 'luxladyofluminosity'),
  ('019cfc3b-038a-7aff-9f64-d915ada7e046', 'luxladyofluminositymetal'),
  ('019cfc3b-038a-7aff-9f64-d915ada7e046', 'luxladyofluminositystarter'),
  ('019cfc3b-038a-7aff-9f64-d915ada7e046', 'luxladyofluminositystarterspiritforgednexusnightpromo'),
  ('019cfc3b-038a-7c0c-a76c-e0a5e2f46b18', 'anniefiery'),
  ('019cfc3b-038a-7c0c-a76c-e0a5e2f46b18', 'anniefieryspiritforgednexusnightpromo'),
  ('019cfc3b-038a-7c1e-a8eb-57c9b27608ca', 'masteryimedative'),
  ('019cfc3b-038a-7c1e-a8eb-57c9b27608ca', 'masteryimeditative'),
  ('019cfc3b-038a-7c1e-a8eb-57c9b27608ca', 'masteryimeditativespiritforgednexusnightpromo'),
  ('019cfc3b-038a-7c1e-a8eb-57c9b27608ca', 'yimeditative'),
  ('019cfc3b-038a-7c30-8616-613222ef6b01', 'garenrugged'),
  ('019cfc3b-038a-7c30-8616-613222ef6b01', 'garenruggedspiritforgednexusnightpromo'),
  ('019cfc3b-038a-7c41-b170-c9f989adc4a8', 'anniestubborn'),
  ('019cfc3b-038a-7c41-b170-c9f989adc4a8', 'anniestubbornspiritforgednexusnightpromo'),
  ('019cfc3b-038a-7c52-b7f5-683161fa2c98', 'garencommander'),
  ('019cfc3b-038a-7c52-b7f5-683161fa2c98', 'garencommanderspiritforgednexusnightpromo'),
  ('019cfc3b-038a-7c63-a32a-d4ca63b2bee9', 'vanguardattendant'),
  ('019cfc3b-038a-7c85-87b3-452bea9999fb', 'masteryiwujubladesman'),
  ('019cfc3b-038a-7c85-87b3-452bea9999fb', 'masteryiwujubladesmanmetal'),
  ('019cfc3b-038a-7c85-87b3-452bea9999fb', 'masteryiwujubladesmanstarter'),
  ('019cfc3b-038a-7c85-87b3-452bea9999fb', 'masteryiwujubladesmanstarterspiritforgednexusnightpromo'),
  ('019cfc3b-038a-7c85-87b3-452bea9999fb', 'wujubladesman'),
  ('019cfc3b-038a-7c85-87b3-452bea9999fb', 'wujubladesmanstarter'),
  ('019cfc3b-038a-7c96-a595-49eecd42e4bf', 'finalspark'),
  ('019cfc3b-038a-7c96-a595-49eecd42e4bf', 'finalsparkspiritforgednexusnightpromo'),
  ('019cfc3b-038a-7e00-b828-03d838e5edab', 'firestorm'),
  ('019cfc3b-038a-7e10-b8d4-6e8b9646a975', 'zephyrsage'),
  ('019cfc3b-038a-7e20-b240-25edfa53cbca', 'gentlemensduel'),
  ('019cfc3b-038a-7e2f-a482-917692bfd498', 'flash'),
  ('019cfc3b-038a-7e42-8b17-0f904fc6a78c', 'luxcrownguard'),
  ('019cfc3b-038a-7e42-8b17-0f904fc6a78c', 'luxcrownguardspiritforgednexusnightpromo'),
  ('019cfc3b-038a-7e54-90c3-34a262a17bea', 'anniedarkchild'),
  ('019cfc3b-038a-7e54-90c3-34a262a17bea', 'anniedarkchildmetal'),
  ('019cfc3b-038a-7e54-90c3-34a262a17bea', 'anniedarkchildstarter'),
  ('019cfc3b-038a-7e54-90c3-34a262a17bea', 'anniedarkchildstarterspiritforgednexusnightpromo'),
  ('019cfc3b-038a-7e54-90c3-34a262a17bea', 'darkchild'),
  ('019cfc3b-038a-7e54-90c3-34a262a17bea', 'darkchildstarter'),
  ('019cfc3b-038a-7e66-ae6d-5c57a250af7e', 'highlander'),
  ('019cfc3b-038a-7e66-ae6d-5c57a250af7e', 'highlanderspiritforgednexusnightpromo'),
  ('019cfc3b-038a-7e76-9ea8-f1feb5c9d837', 'garenmightofdemacia'),
  ('019cfc3b-038a-7e76-9ea8-f1feb5c9d837', 'garenmightofdemaciametal'),
  ('019cfc3b-038a-7e76-9ea8-f1feb5c9d837', 'garenmightofdemaciastarter'),
  ('019cfc3b-038a-7e76-9ea8-f1feb5c9d837', 'garenmightofdemaciastarterspiritforgednexusnightpromo'),
  ('019cfc3b-038a-7e76-9ea8-f1feb5c9d837', 'mightofdemacia'),
  ('019cfc3b-038a-7e76-9ea8-f1feb5c9d837', 'mightofdemaciastarter'),
  ('019cfc3b-038b-7140-a819-397e9b1eb94e', 'decisivestrike'),
  ('019cfc3b-038b-7140-a819-397e9b1eb94e', 'decisivestrikespiritforgednexusnightpromo');
