-- Auto-generated by generate-seed.ts — do not edit manually.
-- Source: local DB, set OGS (Proving Grounds) + extra cards: fury-rune
-- Generated: 2026-04-25T18:14:56.245Z

-- Reference / lookup tables (upsert to merge with migration-seeded rows)
INSERT INTO domains (slug, label, sort_order, is_well_known, color) VALUES
  ('Fury', 'Fury', 0, FALSE, '#CB212D'),
  ('Calm', 'Calm', 1, FALSE, '#16AA71'),
  ('Mind', 'Mind', 2, FALSE, '#227799'),
  ('Body', 'Body', 3, FALSE, '#E2710C'),
  ('Chaos', 'Chaos', 4, FALSE, '#6B4891'),
  ('Order', 'Order', 5, FALSE, '#CDA902'),
  ('Colorless', 'Colorless', 6, TRUE, '#737373')
  ON CONFLICT (slug) DO UPDATE SET label = EXCLUDED.label, sort_order = EXCLUDED.sort_order, is_well_known = EXCLUDED.is_well_known, color = EXCLUDED.color;

INSERT INTO rarities (slug, label, sort_order, is_well_known, color) VALUES
  ('Common', 'Common', 0, TRUE, '#A6A6A6'),
  ('Uncommon', 'Uncommon', 1, TRUE, '#47D1D1'),
  ('Rare', 'Rare', 2, TRUE, '#E052B1'),
  ('Epic', 'Epic', 3, TRUE, '#FA8938'),
  ('Showcase', 'Showcase', 4, TRUE, '#FFCC00')
  ON CONFLICT (slug) DO UPDATE SET label = EXCLUDED.label, sort_order = EXCLUDED.sort_order, is_well_known = EXCLUDED.is_well_known, color = EXCLUDED.color;

INSERT INTO card_types (slug, label, sort_order, is_well_known) VALUES
  ('Legend', 'Legend', 0, TRUE),
  ('Unit', 'Unit', 1, TRUE),
  ('Rune', 'Rune', 2, TRUE),
  ('Spell', 'Spell', 3, FALSE),
  ('Gear', 'Gear', 4, FALSE),
  ('Battlefield', 'Battlefield', 5, TRUE),
  ('Other', 'Other', 6, FALSE)
  ON CONFLICT (slug) DO UPDATE SET label = EXCLUDED.label, sort_order = EXCLUDED.sort_order, is_well_known = EXCLUDED.is_well_known;

INSERT INTO super_types (slug, label, sort_order, is_well_known) VALUES
  ('Basic', 'Basic', 0, FALSE),
  ('Champion', 'Champion', 1, TRUE),
  ('Signature', 'Signature', 2, TRUE),
  ('Token', 'Token', 3, FALSE)
  ON CONFLICT (slug) DO UPDATE SET label = EXCLUDED.label, sort_order = EXCLUDED.sort_order, is_well_known = EXCLUDED.is_well_known;

INSERT INTO finishes (slug, label, sort_order, is_well_known) VALUES
  ('normal', 'Normal', 0, TRUE),
  ('foil', 'Foil', 1, TRUE),
  ('metal', 'Metal', 2, TRUE),
  ('metal-deluxe', 'Metal (Deluxe)', 3, TRUE)
  ON CONFLICT (slug) DO UPDATE SET label = EXCLUDED.label, sort_order = EXCLUDED.sort_order, is_well_known = EXCLUDED.is_well_known;

INSERT INTO art_variants (slug, label, sort_order, is_well_known) VALUES
  ('normal', 'Normal', 0, TRUE),
  ('altart', 'Alt Art', 1, TRUE),
  ('overnumbered', 'Overnumbered', 2, TRUE),
  ('ultimate', 'Ultimate', 3, TRUE)
  ON CONFLICT (slug) DO UPDATE SET label = EXCLUDED.label, sort_order = EXCLUDED.sort_order, is_well_known = EXCLUDED.is_well_known;

INSERT INTO languages (code, name, sort_order) VALUES
  ('EN', 'English', 1),
  ('ZH', 'Chinese', 2),
  ('FR', 'French', 3)
  ON CONFLICT (code) DO UPDATE SET name = EXCLUDED.name, sort_order = EXCLUDED.sort_order;

INSERT INTO formats (id, name) VALUES
  ('freeform', 'Freeform'),
  ('standard', 'Standard')
  ON CONFLICT (id) DO UPDATE SET name = EXCLUDED.name;

INSERT INTO deck_formats (slug, label, sort_order, is_well_known) VALUES
  ('constructed', 'Constructed', 0, TRUE),
  ('freeform', 'Freeform', 1, TRUE)
  ON CONFLICT (slug) DO UPDATE SET label = EXCLUDED.label, sort_order = EXCLUDED.sort_order, is_well_known = EXCLUDED.is_well_known;

INSERT INTO deck_zones (slug, label, sort_order, is_well_known) VALUES
  ('legend', 'Legend', 0, TRUE),
  ('champion', 'Champion', 1, TRUE),
  ('main', 'Main', 2, TRUE),
  ('battlefield', 'Battlefield', 3, TRUE),
  ('runes', 'Runes', 4, TRUE),
  ('sideboard', 'Sideboard', 5, TRUE),
  ('overflow', 'Overflow', 6, TRUE)
  ON CONFLICT (slug) DO UPDATE SET label = EXCLUDED.label, sort_order = EXCLUDED.sort_order, is_well_known = EXCLUDED.is_well_known;

INSERT INTO keyword_styles (name, color, dark_text) VALUES
  ('Accelerate', '#24705f', FALSE),
  ('Action', '#24705f', FALSE),
  ('Add', '#707070', FALSE),
  ('Ambush', '#24705f', FALSE),
  ('Assault', '#cd346f', FALSE),
  ('Backline', '#cd346f', FALSE),
  ('Buff', '#707070', FALSE),
  ('Deathknell', '#95b229', TRUE),
  ('Deflect', '#95b229', TRUE),
  ('Equip', '#707070', FALSE),
  ('Ganking', '#95b229', TRUE),
  ('Hidden', '#24705f', FALSE),
  ('Hunt', '#95b229', TRUE),
  ('Legion', '#24705f', FALSE),
  ('Level', '#95b229', TRUE),
  ('Mighty', '#707070', FALSE),
  ('Predict', '#707070', FALSE),
  ('Quick-Draw', '#24705f', FALSE),
  ('Reaction', '#24705f', FALSE),
  ('Repeat', '#24705f', FALSE),
  ('Shield', '#cd346f', FALSE),
  ('Stun', '#707070', FALSE),
  ('Tank', '#cd346f', FALSE),
  ('Temporary', '#95b229', TRUE),
  ('Unique', '#707070', FALSE),
  ('Vision', '#707070', FALSE),
  ('Weaponmaster', '#707070', FALSE)
  ON CONFLICT (name) DO UPDATE SET color = EXCLUDED.color, dark_text = EXCLUDED.dark_text;

INSERT INTO keyword_translations (keyword_name, language, label) VALUES
  ('Accelerate', 'ZH', '急速'),
  ('Action', 'ZH', '迅捷'),
  ('Add', 'ZH', '获得'),
  ('Ambush', 'ZH', '伏击'),
  ('Assault', 'ZH', '强攻'),
  ('Backline', 'ZH', '后排'),
  ('Buff', 'ZH', '增益'),
  ('Deathknell', 'ZH', '绝念'),
  ('Deflect', 'ZH', '法盾'),
  ('Equip', 'ZH', '装配'),
  ('Ganking', 'ZH', '游走'),
  ('Hidden', 'ZH', '待命'),
  ('Hunt', 'ZH', '狩猎'),
  ('Legion', 'ZH', '鼓舞'),
  ('Level', 'ZH', '等级'),
  ('Mighty', 'ZH', '强力'),
  ('Predict', 'ZH', '洞察'),
  ('Quick-Draw', 'ZH', '灵便'),
  ('Reaction', 'ZH', '反应'),
  ('Repeat', 'ZH', '回响'),
  ('Shield', 'ZH', '坚守'),
  ('Stun', 'ZH', '眩晕'),
  ('Tank', 'ZH', '壁垒'),
  ('Temporary', 'ZH', '瞬息'),
  ('Unique', 'ZH', '唯我'),
  ('Vision', 'ZH', '预知'),
  ('Weaponmaster', 'ZH', '百炼')
  ON CONFLICT (keyword_name, language) DO UPDATE SET label = EXCLUDED.label;


-- Sets and cards
INSERT INTO sets (id, slug, name, set_type, printed_total, sort_order, released_at) VALUES
  ('019cfc3b-0369-7890-a450-7859471cc3f6', 'OGN', 'Origins', 'main', 298, 1, '2025-08-01T00:00:00.000Z'),
  ('019cfc3b-0369-76e1-8643-5310ac59ac33', 'OGS', 'Proving Grounds', 'supplemental', 24, 2, '2025-08-01T00:00:00.000Z'),
  ('019cfc3b-0369-78be-bd85-75cb9e46ad0c', 'SFD', 'Spiritforged', 'main', 221, 5, '2026-02-28T00:00:00.000Z'),
  ('019cfd6f-067b-768c-a586-b8f9547ad455', 'UNL', 'Unleashed', 'main', 219, 6, '2026-05-08T00:00:00.000Z');

INSERT INTO cards (id, slug, name, type, might, energy, power, might_bonus, keywords, tags, norm_name) VALUES
  ('019cfc3b-038a-7c0c-a76c-e0a5e2f46b18', 'annie-fiery', 'Annie, Fiery', 'Unit', 4, 5, 1, NULL, '{}', '{"Annie","Noxus"}', 'anniefiery'),
  ('019cfc3b-038a-7c41-b170-c9f989adc4a8', 'annie-stubborn', 'Annie, Stubborn', 'Unit', 3, 4, 1, NULL, '{}', '{"Annie","Noxus"}', 'anniestubborn'),
  ('019cfc3b-038a-7acd-8d1e-ff0cd42a7878', 'blast-of-power', 'Blast of Power', 'Spell', NULL, 6, 1, NULL, '{"Action"}', '{}', 'blastofpower'),
  ('019cfc3b-038a-7e54-90c3-34a262a17bea', 'dark-child-starter', 'Dark Child, Starter', 'Legend', NULL, NULL, NULL, NULL, '{}', '{"Annie"}', 'darkchildstarter'),
  ('019cfc3b-038b-7140-a819-397e9b1eb94e', 'decisive-strike', 'Decisive Strike', 'Spell', NULL, 5, 1, NULL, '{"Action"}', '{"Garen"}', 'decisivestrike'),
  ('019cfc3b-038a-7c96-a595-49eecd42e4bf', 'final-spark', 'Final Spark', 'Spell', NULL, 8, NULL, NULL, '{"Action"}', '{"Lux"}', 'finalspark'),
  ('019cfc3b-038a-7e00-b828-03d838e5edab', 'firestorm', 'Firestorm', 'Spell', NULL, 6, 1, NULL, '{}', '{}', 'firestorm'),
  ('019cfc3b-038a-7e2f-a482-917692bfd498', 'flash', 'Flash', 'Spell', NULL, 2, NULL, NULL, '{"Reaction"}', '{}', 'flash'),
  ('019cfc3b-0387-7b61-be7a-edfadddd1879', 'fury-rune', 'Fury Rune', 'Rune', NULL, NULL, NULL, NULL, '{}', '{}', 'furyrune'),
  ('019cfc3b-038a-7c52-b7f5-683161fa2c98', 'garen-commander', 'Garen, Commander', 'Unit', 5, 6, 1, NULL, '{}', '{"Elite","Garen","Demacia"}', 'garencommander'),
  ('019cfc3b-038a-7c30-8616-613222ef6b01', 'garen-rugged', 'Garen, Rugged', 'Unit', 5, 6, 1, NULL, '{"Assault","Shield"}', '{"Elite","Garen","Demacia"}', 'garenrugged'),
  ('019cfc3b-038a-7e20-b240-25edfa53cbca', 'gentlemen-s-duel', 'Gentlemen''s Duel', 'Spell', NULL, 6, 1, NULL, '{"Action"}', '{}', 'gentlemensduel'),
  ('019cfc3b-038a-7e66-ae6d-5c57a250af7e', 'highlander', 'Highlander', 'Spell', NULL, 4, NULL, NULL, '{"Reaction"}', '{"Master Yi"}', 'highlander'),
  ('019cfc3b-0389-7de9-8860-226f4c8947d8', 'incinerate', 'Incinerate', 'Spell', NULL, 2, NULL, NULL, '{"Action"}', '{}', 'incinerate'),
  ('019cfc3b-038a-7aff-9f64-d915ada7e046', 'lady-of-luminosity-starter', 'Lady of Luminosity, Starter', 'Legend', NULL, NULL, NULL, NULL, '{}', '{"Lux"}', 'ladyofluminositystarter'),
  ('019cfc3b-038a-7e42-8b17-0f904fc6a78c', 'lux-crownguard', 'Lux, Crownguard', 'Unit', 2, 4, NULL, NULL, '{"Reaction","Add"}', '{"Lux","Demacia"}', 'luxcrownguard'),
  ('019cfc3b-038a-7aab-b290-3ac99454fe0e', 'lux-illuminated', 'Lux, Illuminated', 'Unit', 5, 6, 1, NULL, '{}', '{"Lux","Demacia"}', 'luxilluminated'),
  ('019cfc3b-038a-7abc-b43e-79b55463b059', 'master-yi-honed', 'Master Yi, Honed', 'Unit', 6, 7, 1, NULL, '{"Ganking"}', '{"Master Yi","Ionia"}', 'masteryihoned'),
  ('019cfc3b-038a-7c1e-a8eb-57c9b27608ca', 'master-yi-meditative', 'Master Yi, Meditative', 'Unit', 4, 5, 1, NULL, '{}', '{"Master Yi","Ionia"}', 'masteryimeditative'),
  ('019cfc3b-038a-7e76-9ea8-f1feb5c9d837', 'might-of-demacia-starter', 'Might of Demacia, Starter', 'Legend', NULL, NULL, NULL, NULL, '{}', '{"Garen"}', 'mightofdemaciastarter'),
  ('019cfc3b-038a-7add-b48d-e16b7614dfda', 'recruit-the-vanguard', 'Recruit the Vanguard', 'Spell', NULL, 6, NULL, NULL, '{"Action"}', '{}', 'recruitthevanguard'),
  ('019cfc3b-038a-7aef-b46a-dc08a7a17008', 'tibbers', 'Tibbers', 'Unit', 7, 8, 2, NULL, '{}', '{"Annie"}', 'tibbers'),
  ('019cfc3b-038a-7c63-a32a-d4ca63b2bee9', 'vanguard-attendant', 'Vanguard Attendant', 'Unit', 5, 6, 1, NULL, '{}', '{"Elite","Demacia"}', 'vanguardattendant'),
  ('019cfc3b-038a-7c85-87b3-452bea9999fb', 'wuju-bladesman-starter', 'Wuju Bladesman, Starter', 'Legend', NULL, NULL, NULL, NULL, '{}', '{"Master Yi"}', 'wujubladesmanstarter'),
  ('019cfc3b-038a-7e10-b8d4-6e8b9646a975', 'zephyr-sage', 'Zephyr Sage', 'Unit', 6, 6, 1, NULL, '{"Shield"}', '{"Ionia","Bird"}', 'zephyrsage');

INSERT INTO card_super_types (card_id, super_type_slug) VALUES
  ('019cfc3b-0387-7b61-be7a-edfadddd1879', 'Basic'),
  ('019cfc3b-038a-7aab-b290-3ac99454fe0e', 'Champion'),
  ('019cfc3b-038a-7abc-b43e-79b55463b059', 'Champion'),
  ('019cfc3b-038a-7aef-b46a-dc08a7a17008', 'Signature'),
  ('019cfc3b-038a-7aff-9f64-d915ada7e046', 'Champion'),
  ('019cfc3b-038a-7c0c-a76c-e0a5e2f46b18', 'Champion'),
  ('019cfc3b-038a-7c1e-a8eb-57c9b27608ca', 'Champion'),
  ('019cfc3b-038a-7c30-8616-613222ef6b01', 'Champion'),
  ('019cfc3b-038a-7c41-b170-c9f989adc4a8', 'Champion'),
  ('019cfc3b-038a-7c52-b7f5-683161fa2c98', 'Champion'),
  ('019cfc3b-038a-7c85-87b3-452bea9999fb', 'Champion'),
  ('019cfc3b-038a-7c96-a595-49eecd42e4bf', 'Signature'),
  ('019cfc3b-038a-7e42-8b17-0f904fc6a78c', 'Champion'),
  ('019cfc3b-038a-7e54-90c3-34a262a17bea', 'Champion'),
  ('019cfc3b-038a-7e66-ae6d-5c57a250af7e', 'Signature'),
  ('019cfc3b-038a-7e76-9ea8-f1feb5c9d837', 'Champion'),
  ('019cfc3b-038b-7140-a819-397e9b1eb94e', 'Signature');

INSERT INTO card_domains (card_id, domain_slug, ordinal) VALUES
  ('019cfc3b-0387-7b61-be7a-edfadddd1879', 'Fury', 0),
  ('019cfc3b-0389-7de9-8860-226f4c8947d8', 'Fury', 0),
  ('019cfc3b-038a-7aab-b290-3ac99454fe0e', 'Mind', 0),
  ('019cfc3b-038a-7abc-b43e-79b55463b059', 'Body', 0),
  ('019cfc3b-038a-7acd-8d1e-ff0cd42a7878', 'Order', 0),
  ('019cfc3b-038a-7add-b48d-e16b7614dfda', 'Order', 0),
  ('019cfc3b-038a-7aef-b46a-dc08a7a17008', 'Fury', 0),
  ('019cfc3b-038a-7aef-b46a-dc08a7a17008', 'Chaos', 1),
  ('019cfc3b-038a-7aff-9f64-d915ada7e046', 'Mind', 0),
  ('019cfc3b-038a-7aff-9f64-d915ada7e046', 'Order', 1),
  ('019cfc3b-038a-7c0c-a76c-e0a5e2f46b18', 'Fury', 0),
  ('019cfc3b-038a-7c1e-a8eb-57c9b27608ca', 'Calm', 0),
  ('019cfc3b-038a-7c30-8616-613222ef6b01', 'Body', 0),
  ('019cfc3b-038a-7c41-b170-c9f989adc4a8', 'Chaos', 0),
  ('019cfc3b-038a-7c52-b7f5-683161fa2c98', 'Order', 0),
  ('019cfc3b-038a-7c63-a32a-d4ca63b2bee9', 'Order', 0),
  ('019cfc3b-038a-7c85-87b3-452bea9999fb', 'Calm', 0),
  ('019cfc3b-038a-7c85-87b3-452bea9999fb', 'Body', 1),
  ('019cfc3b-038a-7c96-a595-49eecd42e4bf', 'Mind', 0),
  ('019cfc3b-038a-7c96-a595-49eecd42e4bf', 'Order', 1),
  ('019cfc3b-038a-7e00-b828-03d838e5edab', 'Fury', 0),
  ('019cfc3b-038a-7e10-b8d4-6e8b9646a975', 'Calm', 0),
  ('019cfc3b-038a-7e20-b240-25edfa53cbca', 'Body', 0),
  ('019cfc3b-038a-7e2f-a482-917692bfd498', 'Chaos', 0),
  ('019cfc3b-038a-7e42-8b17-0f904fc6a78c', 'Order', 0),
  ('019cfc3b-038a-7e54-90c3-34a262a17bea', 'Fury', 0),
  ('019cfc3b-038a-7e54-90c3-34a262a17bea', 'Chaos', 1),
  ('019cfc3b-038a-7e66-ae6d-5c57a250af7e', 'Calm', 0),
  ('019cfc3b-038a-7e66-ae6d-5c57a250af7e', 'Body', 1),
  ('019cfc3b-038a-7e76-9ea8-f1feb5c9d837', 'Body', 0),
  ('019cfc3b-038a-7e76-9ea8-f1feb5c9d837', 'Order', 1),
  ('019cfc3b-038b-7140-a819-397e9b1eb94e', 'Body', 0),
  ('019cfc3b-038b-7140-a819-397e9b1eb94e', 'Order', 1);

INSERT INTO card_name_aliases (card_id, norm_name) VALUES
  ('019cfc3b-0387-7b61-be7a-edfadddd1879', 'furyrune'),
  ('019cfc3b-0387-7b61-be7a-edfadddd1879', 'furyrunealternateart'),
  ('019cfc3b-0387-7b61-be7a-edfadddd1879', 'furyruneoriginsnexusnightpromo'),
  ('019cfc3b-0387-7b61-be7a-edfadddd1879', 'furyruner01b'),
  ('019cfc3b-0387-7b61-be7a-edfadddd1879', 'furyrunespiritforgednexusnightpromo'),
  ('019cfc3b-0389-7de9-8860-226f4c8947d8', 'incinerate'),
  ('019cfc3b-038a-7aab-b290-3ac99454fe0e', 'luxilluminated'),
  ('019cfc3b-038a-7aab-b290-3ac99454fe0e', 'luxilluminatedspiritforgednexusnightpromo'),
  ('019cfc3b-038a-7abc-b43e-79b55463b059', 'masteryihoned'),
  ('019cfc3b-038a-7abc-b43e-79b55463b059', 'masteryihonedspiritforgednexusnightpromo'),
  ('019cfc3b-038a-7abc-b43e-79b55463b059', 'yihoned'),
  ('019cfc3b-038a-7acd-8d1e-ff0cd42a7878', 'blastofpower'),
  ('019cfc3b-038a-7add-b48d-e16b7614dfda', 'recruitthevanguard'),
  ('019cfc3b-038a-7aef-b46a-dc08a7a17008', 'tibbers'),
  ('019cfc3b-038a-7aef-b46a-dc08a7a17008', 'tibbersspiritforgednexusnightpromo'),
  ('019cfc3b-038a-7aff-9f64-d915ada7e046', 'ladyofluminosity'),
  ('019cfc3b-038a-7aff-9f64-d915ada7e046', 'ladyofluminositystarter'),
  ('019cfc3b-038a-7aff-9f64-d915ada7e046', 'luxladyofluminosity'),
  ('019cfc3b-038a-7aff-9f64-d915ada7e046', 'luxladyofluminositymetal'),
  ('019cfc3b-038a-7aff-9f64-d915ada7e046', 'luxladyofluminositystarter'),
  ('019cfc3b-038a-7aff-9f64-d915ada7e046', 'luxladyofluminositystarterspiritforgednexusnightpromo'),
  ('019cfc3b-038a-7c0c-a76c-e0a5e2f46b18', 'anniefiery'),
  ('019cfc3b-038a-7c0c-a76c-e0a5e2f46b18', 'anniefieryspiritforgednexusnightpromo'),
  ('019cfc3b-038a-7c1e-a8eb-57c9b27608ca', 'masteryimedative'),
  ('019cfc3b-038a-7c1e-a8eb-57c9b27608ca', 'masteryimeditative'),
  ('019cfc3b-038a-7c1e-a8eb-57c9b27608ca', 'masteryimeditativespiritforgednexusnightpromo'),
  ('019cfc3b-038a-7c1e-a8eb-57c9b27608ca', 'yimeditative'),
  ('019cfc3b-038a-7c30-8616-613222ef6b01', 'garenrugged'),
  ('019cfc3b-038a-7c30-8616-613222ef6b01', 'garenruggedspiritforgednexusnightpromo'),
  ('019cfc3b-038a-7c41-b170-c9f989adc4a8', 'anniestubborn'),
  ('019cfc3b-038a-7c41-b170-c9f989adc4a8', 'anniestubbornspiritforgednexusnightpromo'),
  ('019cfc3b-038a-7c52-b7f5-683161fa2c98', 'garencommander'),
  ('019cfc3b-038a-7c52-b7f5-683161fa2c98', 'garencommanderspiritforgednexusnightpromo'),
  ('019cfc3b-038a-7c63-a32a-d4ca63b2bee9', 'vanguardattendant'),
  ('019cfc3b-038a-7c85-87b3-452bea9999fb', 'masteryiwujubladesman'),
  ('019cfc3b-038a-7c85-87b3-452bea9999fb', 'masteryiwujubladesmanmetal'),
  ('019cfc3b-038a-7c85-87b3-452bea9999fb', 'masteryiwujubladesmanstarter'),
  ('019cfc3b-038a-7c85-87b3-452bea9999fb', 'masteryiwujubladesmanstarterspiritforgednexusnightpromo'),
  ('019cfc3b-038a-7c85-87b3-452bea9999fb', 'wujubladesman'),
  ('019cfc3b-038a-7c85-87b3-452bea9999fb', 'wujubladesmanstarter'),
  ('019cfc3b-038a-7c96-a595-49eecd42e4bf', 'finalspark'),
  ('019cfc3b-038a-7c96-a595-49eecd42e4bf', 'finalsparkspiritforgednexusnightpromo'),
  ('019cfc3b-038a-7e00-b828-03d838e5edab', 'firestorm'),
  ('019cfc3b-038a-7e10-b8d4-6e8b9646a975', 'zephyrsage'),
  ('019cfc3b-038a-7e20-b240-25edfa53cbca', 'gentlemensduel'),
  ('019cfc3b-038a-7e2f-a482-917692bfd498', 'flash'),
  ('019cfc3b-038a-7e42-8b17-0f904fc6a78c', 'luxcrownguard'),
  ('019cfc3b-038a-7e42-8b17-0f904fc6a78c', 'luxcrownguardspiritforgednexusnightpromo'),
  ('019cfc3b-038a-7e54-90c3-34a262a17bea', 'anniedarkchild'),
  ('019cfc3b-038a-7e54-90c3-34a262a17bea', 'anniedarkchildmetal'),
  ('019cfc3b-038a-7e54-90c3-34a262a17bea', 'anniedarkchildstarter'),
  ('019cfc3b-038a-7e54-90c3-34a262a17bea', 'anniedarkchildstarterspiritforgednexusnightpromo'),
  ('019cfc3b-038a-7e54-90c3-34a262a17bea', 'darkchild'),
  ('019cfc3b-038a-7e54-90c3-34a262a17bea', 'darkchildstarter'),
  ('019cfc3b-038a-7e66-ae6d-5c57a250af7e', 'highlander'),
  ('019cfc3b-038a-7e66-ae6d-5c57a250af7e', 'highlanderspiritforgednexusnightpromo'),
  ('019cfc3b-038a-7e76-9ea8-f1feb5c9d837', 'garenmightofdemacia'),
  ('019cfc3b-038a-7e76-9ea8-f1feb5c9d837', 'garenmightofdemaciametal'),
  ('019cfc3b-038a-7e76-9ea8-f1feb5c9d837', 'garenmightofdemaciastarter'),
  ('019cfc3b-038a-7e76-9ea8-f1feb5c9d837', 'garenmightofdemaciastarterspiritforgednexusnightpromo'),
  ('019cfc3b-038a-7e76-9ea8-f1feb5c9d837', 'mightofdemacia'),
  ('019cfc3b-038a-7e76-9ea8-f1feb5c9d837', 'mightofdemaciastarter'),
  ('019cfc3b-038b-7140-a819-397e9b1eb94e', 'decisivestrike'),
  ('019cfc3b-038b-7140-a819-397e9b1eb94e', 'decisivestrikespiritforgednexusnightpromo');

INSERT INTO card_errata (id, card_id, corrected_rules_text, corrected_effect_text, source, source_url, effective_date) VALUES
  ('019713f0-0000-7000-8000-000000000001', '019cfc3b-038a-7c0c-a76c-e0a5e2f46b18', 'Deal 3 damage to target unit. (Corrected from 2)', NULL, 'official-errata', NULL, '2025-01-15'),
  ('019713f0-0000-7000-8000-000000000002', '019cfc3b-038a-7c41-b170-c9f989adc4a8', 'When you play me, return a spell from your trash to your hand. (Must target a spell with cost 3 or less.)', NULL, 'official-errata', 'https://example.com/errata', '2025-03-01');


-- Printings and images
INSERT INTO distribution_channels (id, slug, label, kind) VALUES
  ('019d92c3-399c-73d6-b4fe-6a11ed1f0a15', 'nexus-ogn', 'Origins', 'event'),
  ('019d8fd4-621c-737b-8228-dc1f963e6ac7', 'nexus-sfd', 'Spiritforged', 'event'),
  ('019d92c3-e96f-7306-a173-f660bb0861da', 'nexus-unl', 'Unleashed', 'event'),
  ('019d9b87-dfea-7e56-afd0-12afc7949408', 'prerift-sfd', 'Spiritforged', 'event'),
  ('019da5ae-3562-78c9-8d2f-1612065152e0', 'regional-ogn-best-of', 'Best Of', 'event'),
  ('019da5a7-5b8b-7753-937c-1bfbd131f7b4', 'regional-ogn-prize-wall', 'Prize Wall', 'event'),
  ('019da5ae-6558-7f61-9798-f349c725fbca', 'regional-sfd-best-of', 'Best Of', 'event'),
  ('019da5a7-cf52-726f-961c-8325a9a9c4db', 'regional-sfd-prize-wall', 'Prize Wall', 'event')
  ON CONFLICT (slug) DO UPDATE SET id = EXCLUDED.id, label = EXCLUDED.label, kind = EXCLUDED.kind;

INSERT INTO markers (id, slug, label, description, sort_order) VALUES
  ('019d9291-2e4f-7c89-8453-6698bf27c415', 'promo', 'Promo', 'Promo stamp around the rarity symbol', 0)
  ON CONFLICT (slug) DO UPDATE SET id = EXCLUDED.id, label = EXCLUDED.label, description = EXCLUDED.description, sort_order = EXCLUDED.sort_order;

INSERT INTO printings (id, card_id, set_id, short_code, rarity, art_variant, is_signed, finish, artist, public_code, printed_rules_text, printed_effect_text, flavor_text, comment, marker_slugs, language, printed_name) VALUES
  ('019d69a5-28fa-70a2-92ea-73d8f2a27d3f', '019cfc3b-0387-7b61-be7a-edfadddd1879', '019cfc3b-0369-7890-a450-7859471cc3f6', 'OGN-007', 'Common', 'normal', FALSE, 'normal', 'Greg Ghielmetti&Leah Chen', 'OGN-007/298', NULL, NULL, NULL, NULL, '{}', 'ZH', '炽烈符文'),
  ('019cfc3b-03d2-75a9-b281-305c0ec46c9c', '019cfc3b-0387-7b61-be7a-edfadddd1879', '019cfc3b-0369-7890-a450-7859471cc3f6', 'OGN-007', 'Common', 'normal', FALSE, 'normal', 'Greg Ghielmetti & Leah Chen', 'OGN-007/298', NULL, NULL, NULL, NULL, '{}', 'EN', 'Fury Rune'),
  ('019cfc3b-03d1-7eb9-b5d5-588deb7bd4a7', '019cfc3b-0387-7b61-be7a-edfadddd1879', '019cfc3b-0369-7890-a450-7859471cc3f6', 'OGN-007a', 'Showcase', 'altart', FALSE, 'foil', 'Fairfoul', 'OGN-007a/298', NULL, NULL, NULL, NULL, '{}', 'EN', 'Fury Rune'),
  ('019d69a4-8117-73d6-9aec-69530d59d8da', '019cfc3b-0387-7b61-be7a-edfadddd1879', '019cfc3b-0369-7890-a450-7859471cc3f6', 'OGN-007a', 'Showcase', 'altart', FALSE, 'foil', 'Fairfoul', 'OGN-007a/298', NULL, NULL, NULL, NULL, '{}', 'ZH', '炽烈符文'),
  ('019cfde8-86d5-734d-add4-3f4fc05c1173', '019cfc3b-0387-7b61-be7a-edfadddd1879', '019cfc3b-0369-7890-a450-7859471cc3f6', 'OGN-007b', 'Showcase', 'altart', FALSE, 'foil', 'Greg Ghielmetti & Leah Chen', 'OGN-007b/298', NULL, NULL, NULL, 'Better foiling than the non-promo version (parallax).', '{"promo"}', 'EN', 'Fury Rune'),
  ('019d69a4-f7b9-7222-bb93-cb745d47be9f', '019cfc3b-0387-7b61-be7a-edfadddd1879', '019cfc3b-0369-7890-a450-7859471cc3f6', 'OGN-007b', 'Showcase', 'altart', FALSE, 'foil', 'Greg Ghielmetti & Leah Chen', 'OGN-007b/298', NULL, NULL, NULL, 'Better foiling than the non-promo version (parallax).', '{"promo"}', 'ZH', '炽烈符文'),
  ('019cfc3b-03d6-74cf-adec-1dce41f631eb', '019cfc3b-038a-7c0c-a76c-e0a5e2f46b18', '019cfc3b-0369-76e1-8643-5310ac59ac33', 'OGS-001', 'Epic', 'normal', FALSE, 'normal', 'Polar Engine Studio', 'OGS-001/024', 'Your spells and abilities deal 1 Bonus Damage. _(Each instance of damage they deal is increased by 1.)_', NULL, '“I never play with matches.”', NULL, '{}', 'EN', 'Annie, Fiery'),
  ('019d17a1-2723-733a-a21e-4630e4370046', '019cfc3b-038a-7c0c-a76c-e0a5e2f46b18', '019cfc3b-0369-76e1-8643-5310ac59ac33', 'OGS-001', 'Epic', 'normal', FALSE, 'foil', 'Polar Engine Studio', 'OGS-001/024', 'Your spells and abilities deal 1 Bonus Damage. _(Each instance of damage they deal is increased by 1.)_', NULL, '“I never play with matches.”', NULL, '{"promo"}', 'EN', 'Annie, Fiery'),
  ('019d6d05-930d-7af7-9eb5-1bbefadba3a4', '019cfc3b-038a-7c0c-a76c-e0a5e2f46b18', '019cfc3b-0369-76e1-8643-5310ac59ac33', 'OGS-001', 'Epic', 'normal', FALSE, 'normal', 'Polar Engine Studio', 'OGS-001/024', '你的法术和技能造成的伤害+1（每段伤害都+1）。', NULL, '“我从来不玩火柴。”', NULL, '{}', 'ZH', '安妮, 汹涌烈焰'),
  ('019d6d05-9935-76e8-a805-ea6541cb99dd', '019cfc3b-038a-7e00-b828-03d838e5edab', '019cfc3b-0369-76e1-8643-5310ac59ac33', 'OGS-002', 'Uncommon', 'normal', FALSE, 'normal', 'Kudos Productions', 'OGS-002/024', '对一处战场的所有敌方单位各造成3点伤害。', NULL, '“小妞妞，放火球！”
——安妮', NULL, '{}', 'ZH', '烈火风暴'),
  ('019cfc3b-03d5-768e-91cf-8ac59b20fb0e', '019cfc3b-038a-7e00-b828-03d838e5edab', '019cfc3b-0369-76e1-8643-5310ac59ac33', 'OGS-002', 'Uncommon', 'normal', FALSE, 'normal', 'Kudos Productions', 'OGS-002/024', 'Deal 3 to all enemy units at a battlefield.', NULL, '“Eeny, meeny, miny, burn!”
—Annie', NULL, '{}', 'EN', 'Firestorm'),
  ('019d6d05-9a7a-7234-aa16-3d519c8131c9', '019cfc3b-0389-7de9-8860-226f4c8947d8', '019cfc3b-0369-76e1-8643-5310ac59ac33', 'OGS-003', 'Common', 'normal', FALSE, 'normal', 'Kudos Productions', 'OGS-003/024', '[迅捷]（可在你的回合或法术对决中打出。）
对战场上的一名单位造成2点伤害。', NULL, '“你闻起来就像……烧焦了一样！”
——安妮', NULL, '{}', 'ZH', '焚烧'),
  ('019cfc3b-03d6-74e0-bdbe-4aca898a0bbd', '019cfc3b-0389-7de9-8860-226f4c8947d8', '019cfc3b-0369-76e1-8643-5310ac59ac33', 'OGS-003', 'Common', 'normal', FALSE, 'normal', 'Kudos Productions', 'OGS-003/024', '[Action] _(Play on your turn or in showdowns.)_
Deal 2 to a unit at a battlefield.', NULL, '“You smell like burning!”
—Annie', NULL, '{}', 'EN', 'Incinerate'),
  ('019d6d05-a758-7fce-aadd-aafcc11baebe', '019cfc3b-038a-7c1e-a8eb-57c9b27608ca', '019cfc3b-0369-76e1-8643-5310ac59ac33', 'OGS-004', 'Rare', 'normal', FALSE, 'normal', 'Kudos Productions', 'OGS-004/024', '如果你拥有不少于八枚符文，则我获得:rb_might:+4。', NULL, '“愤怒，带来冲动。”', NULL, '{}', 'ZH', '易, 禅心大道'),
  ('019d17a6-13f6-74f3-bcaa-6974580b57db', '019cfc3b-038a-7c1e-a8eb-57c9b27608ca', '019cfc3b-0369-76e1-8643-5310ac59ac33', 'OGS-004', 'Rare', 'normal', FALSE, 'foil', 'Kudos Productions', 'OGS-004/024', 'While you have 8+ runes, I have +4 :rb_might:.', NULL, '“Anger gives motivation without purpose.”', NULL, '{"promo"}', 'EN', 'Master Yi, Meditative'),
  ('019cfc3b-03d6-74f2-bcff-7bd89d0061f5', '019cfc3b-038a-7c1e-a8eb-57c9b27608ca', '019cfc3b-0369-76e1-8643-5310ac59ac33', 'OGS-004', 'Rare', 'normal', FALSE, 'normal', 'Kudos Productions', 'OGS-004/024', 'While you have 8+ runes, I have +4 :rb_might:.', NULL, '“Anger gives motivation without purpose.”', NULL, '{}', 'EN', 'Master Yi, Meditative'),
  ('019d6d05-aa97-77be-8913-cae20a56f25f', '019cfc3b-038a-7e10-b8d4-6e8b9646a975', '019cfc3b-0369-76e1-8643-5310ac59ac33', 'OGS-005', 'Uncommon', 'normal', FALSE, 'normal', 'Six More Vodka', 'OGS-005/024', '[坚守]（如果我是防守方，则:rb_might:+1。）', NULL, '“真正的大师，永远都怀着一颗学徒的心。”——易', NULL, '{}', 'ZH', '和风贤者'),
  ('019cfc3b-03d6-7502-b5c1-a9e422f91ac7', '019cfc3b-038a-7e10-b8d4-6e8b9646a975', '019cfc3b-0369-76e1-8643-5310ac59ac33', 'OGS-005', 'Uncommon', 'normal', FALSE, 'normal', 'Six More Vodka', 'OGS-005/024', '[Shield] _(+1 :rb_might: while I’m a defender.)_', NULL, '“A true master is an eternal student.”
—Master Yi', NULL, '{}', 'EN', 'Zephyr Sage'),
  ('019d1be8-3681-73b5-bf13-078b7e3c9096', '019cfc3b-038a-7aab-b290-3ac99454fe0e', '019cfc3b-0369-76e1-8643-5310ac59ac33', 'OGS-006', 'Rare', 'normal', FALSE, 'foil', 'Six More Vodka', 'OGS-006/024', 'When you play a spell that costs :rb_energy_5: or more, give me +3 :rb_might: this turn.', NULL, '“No more holding back!”', NULL, '{"promo"}', 'EN', 'Lux, Illuminated'),
  ('019d6d05-b0ac-79e3-8edc-0d6d436d148b', '019cfc3b-038a-7aab-b290-3ac99454fe0e', '019cfc3b-0369-76e1-8643-5310ac59ac33', 'OGS-006', 'Rare', 'normal', FALSE, 'normal', 'Six More Vodka', 'OGS-006/024', '每当你打出费用不低于:rb_energy_5:的法术时，让我本回合内:rb_might:+3。', NULL, '“毫无保留！”', NULL, '{}', 'ZH', '拉克丝, 明丽光华'),
  ('019cfc3b-03d6-7514-9347-be4597ff1eee', '019cfc3b-038a-7aab-b290-3ac99454fe0e', '019cfc3b-0369-76e1-8643-5310ac59ac33', 'OGS-006', 'Rare', 'normal', FALSE, 'normal', 'Six More Vodka', 'OGS-006/024', 'When you play a spell that costs :rb_energy_5: or more, give me +3 :rb_might: this turn.', NULL, '“No more holding back!”', NULL, '{}', 'EN', 'Lux, Illuminated'),
  ('019d6d05-b656-79e4-b3df-2c0c6414f64b', '019cfc3b-038a-7c30-8616-613222ef6b01', '019cfc3b-0369-76e1-8643-5310ac59ac33', 'OGS-007', 'Rare', 'normal', FALSE, 'normal', 'Six More Vodka', 'OGS-007/024', '[强攻2]（如果我是进攻方，则:rb_might:+2。）
[坚守2]（如果我是防守方，则:rb_might:+2。）', NULL, '“恐惧，是万敌之首。”', NULL, '{}', 'ZH', '盖伦, 身经百战'),
  ('019d1bee-0857-793a-b76b-50b6ead8ddbb', '019cfc3b-038a-7c30-8616-613222ef6b01', '019cfc3b-0369-76e1-8643-5310ac59ac33', 'OGS-007', 'Rare', 'normal', FALSE, 'foil', 'Six More Vodka', 'OGS-007/024', '[Assault 2], [Shield 2] _(+2 :rb_might: while I’m an attacker or defender.)_', NULL, '“Fear is the first of many foes.”', NULL, '{"promo"}', 'EN', 'Garen, Rugged'),
  ('019cfc3b-03d6-752a-adc5-19033009d65d', '019cfc3b-038a-7c30-8616-613222ef6b01', '019cfc3b-0369-76e1-8643-5310ac59ac33', 'OGS-007', 'Rare', 'normal', FALSE, 'normal', 'Six More Vodka', 'OGS-007/024', '[Assault 2], [Shield 2] _(+2 :rb_might: while I’m an attacker or defender.)_', NULL, '“Fear is the first of many foes.”', NULL, '{}', 'EN', 'Garen, Rugged'),
  ('019cfc3b-03d6-753c-9ec3-7cf48219b1e8', '019cfc3b-038a-7e20-b240-25edfa53cbca', '019cfc3b-0369-76e1-8643-5310ac59ac33', 'OGS-008', 'Common', 'normal', FALSE, 'normal', 'Kudos Productions', 'OGS-008/024', '[Action] _(Play on your turn or in showdowns.)_
Give a friendly unit +3 :rb_might: this turn. Then choose an enemy unit. They deal damage equal to their Mights to each other.', NULL, 'A proper and formal way to kill your enemies.', NULL, '{}', 'EN', 'Gentlemen''s Duel'),
  ('019d6d05-b99e-7e0e-96dd-e1c9da4bdae3', '019cfc3b-038a-7e20-b240-25edfa53cbca', '019cfc3b-0369-76e1-8643-5310ac59ac33', 'OGS-008', 'Common', 'normal', FALSE, 'normal', 'Kudos Productions', 'OGS-008/024', '[迅捷]（可在你的回合或法术对决中打出。）
让一名友方单位本回合内:rb_might:+3。随后，选择一名敌方单位，让这两名单位互相以自身战力给对方造成伤害。', NULL, '体面而正式地干掉你的敌人。', NULL, '{}', 'ZH', '绅士决斗'),
  ('019d6d05-c13a-799a-bda0-efd70a6a1b75', '019cfc3b-038a-7abc-b43e-79b55463b059', '019cfc3b-0369-76e1-8643-5310ac59ac33', 'OGS-009', 'Epic', 'normal', FALSE, 'normal', 'Kudos Productions', 'OGS-009/024', '[游走]（我可以向其他战场进行移动。）
我以活跃状态进场。', NULL, '“集中起来的意志，可以击穿顽石。”', NULL, '{}', 'ZH', '易, 锋芒毕现'),
  ('019d17ac-724a-732c-b83a-23cd257a74e5', '019cfc3b-038a-7abc-b43e-79b55463b059', '019cfc3b-0369-76e1-8643-5310ac59ac33', 'OGS-009', 'Epic', 'normal', FALSE, 'foil', 'Kudos Productions', 'OGS-009/024', '[Ganking] _(I can move from battlefield to battlefield.)_
I enter ready.', NULL, '“The focused mind can pierce through stone.”', NULL, '{"promo"}', 'EN', 'Master Yi, Honed'),
  ('019cfc3b-03d6-754e-a4de-ca223b302965', '019cfc3b-038a-7abc-b43e-79b55463b059', '019cfc3b-0369-76e1-8643-5310ac59ac33', 'OGS-009', 'Epic', 'normal', FALSE, 'normal', 'Kudos Productions', 'OGS-009/024', '[Ganking] _(I can move from battlefield to battlefield.)_
I enter ready.', NULL, '“The focused mind can pierce through stone.”', NULL, '{}', 'EN', 'Master Yi, Honed'),
  ('019cfc3b-03d6-755e-8d42-32464c0bf236', '019cfc3b-038a-7c41-b170-c9f989adc4a8', '019cfc3b-0369-76e1-8643-5310ac59ac33', 'OGS-010', 'Rare', 'normal', FALSE, 'normal', 'League Splash Team', 'OGS-010/024', 'When you play me, return a spell from your trash to your hand.', NULL, '“I want a turn!”', NULL, '{}', 'EN', 'Annie, Stubborn'),
  ('019d1bf8-97d5-79ac-929e-286838af5508', '019cfc3b-038a-7c41-b170-c9f989adc4a8', '019cfc3b-0369-76e1-8643-5310ac59ac33', 'OGS-010', 'Rare', 'normal', FALSE, 'foil', 'League Splash Team', 'OGS-010/024', 'When you play me, return a spell from your trash to your hand.', NULL, '“I want a turn!”', NULL, '{"promo"}', 'EN', 'Annie, Stubborn'),
  ('019d6d05-c823-7069-95b6-1cdf23f82a9a', '019cfc3b-038a-7c41-b170-c9f989adc4a8', '019cfc3b-0369-76e1-8643-5310ac59ac33', 'OGS-010', 'Rare', 'normal', FALSE, 'normal', 'League Splash Team', 'OGS-010/024', '当你打出我时，让一张法术牌从你的废牌堆返回你的手牌。', NULL, '“该我了！”', NULL, '{}', 'ZH', '安妮, 野火丛生'),
  ('019d6d05-d8e2-7e53-8fe6-54fd10424a8b', '019cfc3b-038a-7e2f-a482-917692bfd498', '019cfc3b-0369-76e1-8643-5310ac59ac33', 'OGS-011', 'Common', 'normal', FALSE, 'normal', 'Sugar Free', 'OGS-011/024', '[反应]（可在任意时机打出，甚至先于其他法术和技能的结算。）
将最多两名友方单位从战场上移动到基地。', NULL, '这不叫逃跑，这叫战术性转移。', NULL, '{}', 'ZH', '闪现'),
  ('019cfc3b-03d6-7570-ac57-ad240fe24183', '019cfc3b-038a-7e2f-a482-917692bfd498', '019cfc3b-0369-76e1-8643-5310ac59ac33', 'OGS-011', 'Common', 'normal', FALSE, 'normal', 'Sugar Free', 'OGS-011/024', '[Reaction] _(Play any time, even before spells and abilities resolve.)_
Move up to 2 friendly units to base.', NULL, '“It’s not running away. It’s strategic repositioning.”', NULL, '{}', 'EN', 'Flash'),
  ('019da2e8-4802-73ea-bf4a-08974766950d', '019cfc3b-038a-7e2f-a482-917692bfd498', '019cfc3b-0369-76e1-8643-5310ac59ac33', 'OGS-011', 'Common', 'normal', FALSE, 'foil', 'Sugar Free', 'OGS-011/024-P', '[Reaction] _(Play any time, even before spells and abilities resolve.)_
Move up to 2 friendly units to base.', NULL, '“It’s not running away. It’s strategic repositioning.”', NULL, '{"promo"}', 'EN', 'Flash'),
  ('019d6d05-d9e8-75ca-9545-64d46c8fb6cb', '019cfc3b-038a-7acd-8d1e-ff0cd42a7878', '019cfc3b-0369-76e1-8643-5310ac59ac33', 'OGS-012', 'Common', 'normal', FALSE, 'normal', 'Kudos Productions', 'OGS-012/024', '[迅捷]（可在你的回合或法术对决中打出。）
摧毁战场上的一名单位。', NULL, '“照亮所有敌人！”
——拉克丝', NULL, '{}', 'ZH', '爆能术'),
  ('019cfc3b-03d6-7581-bf1d-f627860d73b0', '019cfc3b-038a-7acd-8d1e-ff0cd42a7878', '019cfc3b-0369-76e1-8643-5310ac59ac33', 'OGS-012', 'Common', 'normal', FALSE, 'normal', 'Kudos Productions', 'OGS-012/024', '[Action] _(Play on your turn or in showdowns.)_
Kill a unit at a battlefield.', NULL, '“Illuminate the enemy!”
—Lux', NULL, '{}', 'EN', 'Blast of Power'),
  ('019d6d05-e5d5-7c5b-8b55-90aeb47adb3e', '019cfc3b-038a-7c52-b7f5-683161fa2c98', '019cfc3b-0369-76e1-8643-5310ac59ac33', 'OGS-013', 'Epic', 'normal', FALSE, 'normal', 'Six More Vodka', 'OGS-013/024', '此处的其他友方单位获得:rb_might:+1。', NULL, '“为了德玛西亚！”', NULL, '{}', 'ZH', '盖伦, 剑尉长'),
  ('019cfc3b-03d6-7592-be7d-af8b5a85a818', '019cfc3b-038a-7c52-b7f5-683161fa2c98', '019cfc3b-0369-76e1-8643-5310ac59ac33', 'OGS-013', 'Epic', 'normal', FALSE, 'normal', 'Six More Vodka', 'OGS-013/024', 'Other friendly units have +1 :rb_might: here.', NULL, '“For Demacia!”', NULL, '{}', 'EN', 'Garen, Commander'),
  ('019d1bfd-da4c-73d9-b2c9-a6c628b23bdd', '019cfc3b-038a-7c52-b7f5-683161fa2c98', '019cfc3b-0369-76e1-8643-5310ac59ac33', 'OGS-013', 'Epic', 'normal', FALSE, 'foil', 'Six More Vodka', 'OGS-013/024', 'Other friendly units have +1 :rb_might: here.', NULL, '“For Demacia!”', NULL, '{"promo"}', 'EN', 'Garen, Commander'),
  ('019d6d05-f9be-789f-b21f-bfe68b1572d8', '019cfc3b-038a-7e42-8b17-0f904fc6a78c', '019cfc3b-0369-76e1-8643-5310ac59ac33', 'OGS-014', 'Epic', 'normal', FALSE, 'normal', 'Envar Studio', 'OGS-014/024', ':rb_exhaust:：[反应]-[获得]:rb_energy_2:，但仅可用于打出法术。（获得费用资源的技能无法成为其他法术的反应目标。）', NULL, '“我已经压抑自己的光芒太久了。”', NULL, '{}', 'ZH', '拉克丝, 冕卫之光'),
  ('019d1c00-e58f-73c9-a402-a822d45df1f9', '019cfc3b-038a-7e42-8b17-0f904fc6a78c', '019cfc3b-0369-76e1-8643-5310ac59ac33', 'OGS-014', 'Epic', 'normal', FALSE, 'foil', 'Envar Studio', 'OGS-014/024', ':rb_exhaust:: [Reaction] — [Add] :rb_energy_2:. Use only to play spells. _(Abilities that add resources can’t be reacted to.)_', NULL, '“I’ve been hiding my light long enough.”', NULL, '{"promo"}', 'EN', 'Lux, Crownguard'),
  ('019cfc3b-03d6-75a3-90b8-c82d7afdc00a', '019cfc3b-038a-7e42-8b17-0f904fc6a78c', '019cfc3b-0369-76e1-8643-5310ac59ac33', 'OGS-014', 'Epic', 'normal', FALSE, 'normal', 'Envar Studio', 'OGS-014/024', ':rb_exhaust:: [Reaction] — [Add] :rb_energy_2:. Use only to play spells. _(Abilities that add resources can’t be reacted to.)_', NULL, '“I’ve been hiding my light long enough.”', NULL, '{}', 'EN', 'Lux, Crownguard'),
  ('019cfc3b-03d6-75d8-a0f7-c6fd8a35c6f9', '019cfc3b-038a-7add-b48d-e16b7614dfda', '019cfc3b-0369-76e1-8643-5310ac59ac33', 'OGS-015', 'Uncommon', 'normal', FALSE, 'normal', 'Kudos Productions', 'OGS-015/024', '[Action] _(Play on your turn or in showdowns.)_
Play four 1 :rb_might: Recruit unit tokens. _(They can be played to your base or to battlefields you control.)_', NULL, '“My heart and sword always for Demacia.”
—Garen', NULL, '{}', 'EN', 'Recruit the Vanguard'),
  ('019d6d05-fee6-7d60-b8f2-ea216d891c59', '019cfc3b-038a-7add-b48d-e16b7614dfda', '019cfc3b-0369-76e1-8643-5310ac59ac33', 'OGS-015', 'Uncommon', 'normal', FALSE, 'normal', 'Kudos Productions', 'OGS-015/024', '[迅捷]（可在你的回合或法术对决中打出。）
打出四名1:rb_might:的“随从”。（可以将其打出到你的基地或你已控制的战场。）', NULL, '“人在塔在！”
——盖伦', NULL, '{}', 'ZH', '共同献身'),
  ('019d6d06-0398-7088-8098-0484a6aa2fea', '019cfc3b-038a-7c63-a32a-d4ca63b2bee9', '019cfc3b-0369-76e1-8643-5310ac59ac33', 'OGS-016', 'Common', 'normal', FALSE, 'normal', 'Six More Vodka', 'OGS-016/024', '我以活跃状态进场。', NULL, '就算是先锋，也需要第一道防线。', NULL, '{}', 'ZH', '先锋扈从'),
  ('019cfc3b-03d6-75ee-922c-1e736369b5d4', '019cfc3b-038a-7c63-a32a-d4ca63b2bee9', '019cfc3b-0369-76e1-8643-5310ac59ac33', 'OGS-016', 'Common', 'normal', FALSE, 'normal', 'Six More Vodka', 'OGS-016/024', 'I enter ready.', NULL, '“Even the Vanguard needs a first line of defense.”', NULL, '{}', 'EN', 'Vanguard Attendant'),
  ('019cfc3b-03d6-7600-9bd2-f43441e40ace', '019cfc3b-038a-7e54-90c3-34a262a17bea', '019cfc3b-0369-76e1-8643-5310ac59ac33', 'OGS-017', 'Rare', 'normal', FALSE, 'normal', 'Six More Vodka', 'OGS-017/024', 'At the end of your turn, ready 2 runes.', NULL, NULL, NULL, '{}', 'EN', 'Dark Child, Starter'),
  ('019d1c05-bf03-747d-be95-60ee1687b24b', '019cfc3b-038a-7e54-90c3-34a262a17bea', '019cfc3b-0369-76e1-8643-5310ac59ac33', 'OGS-017', 'Rare', 'normal', FALSE, 'foil', 'Six More Vodka', 'OGS-017/024', 'At the end of your turn, ready 2 runes.', NULL, NULL, NULL, '{"promo"}', 'EN', 'Dark Child, Starter'),
  ('019da584-8b47-7dc9-83c1-544b4eb30967', '019cfc3b-038a-7e54-90c3-34a262a17bea', '019cfc3b-0369-76e1-8643-5310ac59ac33', 'OGS-017', 'Rare', 'normal', FALSE, 'metal', 'Six More Vodka', 'OGS-017/024', 'At the end of your turn, ready 2 runes.', NULL, NULL, NULL, '{"promo"}', 'EN', 'Dark Child, Starter'),
  ('019da5ac-fbc9-714d-b6c2-3505305416d9', '019cfc3b-038a-7e54-90c3-34a262a17bea', '019cfc3b-0369-76e1-8643-5310ac59ac33', 'OGS-017', 'Rare', 'normal', FALSE, 'metal-deluxe', 'Six More Vodka', 'OGS-017/024', 'At the end of your turn, ready 2 runes.', NULL, NULL, NULL, '{"promo"}', 'EN', 'Dark Child, Starter'),
  ('019d6d06-108e-726f-809e-13b31796be1c', '019cfc3b-038a-7e54-90c3-34a262a17bea', '019cfc3b-0369-76e1-8643-5310ac59ac33', 'OGS-017', 'Rare', 'normal', FALSE, 'normal', 'Six More Vodka', 'OGS-017/024', '在你回合结束时，让两枚符文变为活跃状态。', NULL, NULL, NULL, '{}', 'ZH', '黑暗之女, 入门'),
  ('019cfc3b-03d8-7309-9eae-0ba9ba5967f3', '019cfc3b-038a-7aef-b46a-dc08a7a17008', '019cfc3b-0369-76e1-8643-5310ac59ac33', 'OGS-018', 'Epic', 'normal', FALSE, 'normal', 'Polar Engine Studio', 'OGS-018/024', 'When you play me, deal 3 to all units at battlefields.', NULL, '“Bear hug!”
—Annie', NULL, '{}', 'EN', 'Tibbers'),
  ('019d1c0b-64ab-7160-8bd6-36dfdffb1210', '019cfc3b-038a-7aef-b46a-dc08a7a17008', '019cfc3b-0369-76e1-8643-5310ac59ac33', 'OGS-018', 'Epic', 'normal', FALSE, 'foil', 'Polar Engine Studio', 'OGS-018/024', 'When you play me, deal 3 to all units at battlefields.', NULL, '“Bear hug!”
—Annie', NULL, '{"promo"}', 'EN', 'Tibbers'),
  ('019d6d06-1dd2-7649-938a-01851a1098ae', '019cfc3b-038a-7aef-b46a-dc08a7a17008', '019cfc3b-0369-76e1-8643-5310ac59ac33', 'OGS-018', 'Epic', 'normal', FALSE, 'normal', 'Polar Engine Studio', 'OGS-018/024', '当你打出我时，对所有战场上的单位各造成3点伤害。', NULL, '“你看见过我的小熊吗？”
——安妮', NULL, '{}', 'ZH', '提伯斯'),
  ('019d6d06-2149-7ed5-a52b-64215640186a', '019cfc3b-038a-7c85-87b3-452bea9999fb', '019cfc3b-0369-76e1-8643-5310ac59ac33', 'OGS-019', 'Rare', 'normal', FALSE, 'normal', 'Grafit Studio&Quy Ho', 'OGS-019/024', '如果你只有一名友方单位防守一处战场，则该单位:rb_might:+2。', NULL, NULL, NULL, '{}', 'ZH', '无极剑圣, 入门'),
  ('019cfc3b-03d8-731c-8957-4f2dc4f8464f', '019cfc3b-038a-7c85-87b3-452bea9999fb', '019cfc3b-0369-76e1-8643-5310ac59ac33', 'OGS-019', 'Rare', 'normal', FALSE, 'normal', 'Grafit Studio/Quy Ho', 'OGS-019/024', 'While a friendly unit defends alone, it gets +2 :rb_might:.', NULL, NULL, NULL, '{}', 'EN', 'Wuju Bladesman, Starter'),
  ('019d1c0e-5395-709b-a44a-b9b9bc85907b', '019cfc3b-038a-7c85-87b3-452bea9999fb', '019cfc3b-0369-76e1-8643-5310ac59ac33', 'OGS-019', 'Rare', 'normal', FALSE, 'foil', 'Grafit Studio/Quy Ho', 'OGS-019/024', 'While a friendly unit defends alone, it gets +2 :rb_might:.', NULL, NULL, NULL, '{"promo"}', 'EN', 'Wuju Bladesman, Starter'),
  ('019da5b2-2f7e-795a-8aab-fea24addf8d5', '019cfc3b-038a-7c85-87b3-452bea9999fb', '019cfc3b-0369-76e1-8643-5310ac59ac33', 'OGS-019', 'Rare', 'normal', FALSE, 'metal', 'Grafit Studio/Quy Ho', 'OGS-019/024', 'While a friendly unit defends alone, it gets +2 :rb_might:.', NULL, NULL, NULL, '{"promo"}', 'EN', 'Wuju Bladesman, Starter'),
  ('019da5b2-4433-7a73-81a1-89be2c638768', '019cfc3b-038a-7c85-87b3-452bea9999fb', '019cfc3b-0369-76e1-8643-5310ac59ac33', 'OGS-019', 'Rare', 'normal', FALSE, 'metal-deluxe', 'Grafit Studio/Quy Ho', 'OGS-019/024', 'While a friendly unit defends alone, it gets +2 :rb_might:.', NULL, NULL, NULL, '{"promo"}', 'EN', 'Wuju Bladesman, Starter'),
  ('019cfc3b-03d8-732e-9d55-1e74ebff11dd', '019cfc3b-038a-7e66-ae6d-5c57a250af7e', '019cfc3b-0369-76e1-8643-5310ac59ac33', 'OGS-020', 'Epic', 'normal', FALSE, 'normal', 'Kudos Productions', 'OGS-020/024', '[Reaction] _(Play any time, even before spells and abilities resolve.)_
Choose a friendly unit. The next time it dies this turn, recall it exhausted instead. _(Send it to base. This isn’t a move.)_', NULL, NULL, NULL, '{}', 'EN', 'Highlander'),
  ('019d6d06-2210-7187-b6ea-5d10e2e048ab', '019cfc3b-038a-7e66-ae6d-5c57a250af7e', '019cfc3b-0369-76e1-8643-5310ac59ac33', 'OGS-020', 'Epic', 'normal', FALSE, 'normal', 'Kudos Productions', 'OGS-020/024', '[反应]（可在任意时机打出，甚至先于其他法术和技能的结算。）
选择一名友方单位。如果该单位在本回合内被摧毁，则改为以休眠状态将其召回。（把该单位送回基地，此行动不算作移动。）', NULL, NULL, NULL, '{}', 'ZH', '高原血统'),
  ('019d1c11-4999-78e3-9980-2298b44d436d', '019cfc3b-038a-7e66-ae6d-5c57a250af7e', '019cfc3b-0369-76e1-8643-5310ac59ac33', 'OGS-020', 'Epic', 'normal', FALSE, 'foil', 'Kudos Productions', 'OGS-020/024', '[Reaction] _(Play any time, even before spells and abilities resolve.)_
Choose a friendly unit. The next time it dies this turn, recall it exhausted instead. _(Send it to base. This isn’t a move.)_', NULL, NULL, NULL, '{"promo"}', 'EN', 'Highlander'),
  ('019cfc3b-03d8-7340-8664-d8b5b646ef84', '019cfc3b-038a-7aff-9f64-d915ada7e046', '019cfc3b-0369-76e1-8643-5310ac59ac33', 'OGS-021', 'Rare', 'normal', FALSE, 'normal', 'Grafit Studio/Maki Planas Mata', 'OGS-021/024', 'When you play a spell that costs :rb_energy_5: or more, draw 1.', NULL, NULL, NULL, '{}', 'EN', 'Lady of Luminosity, Starter'),
  ('019da5b3-49ad-7ccc-8d74-7e6b9210e55d', '019cfc3b-038a-7aff-9f64-d915ada7e046', '019cfc3b-0369-76e1-8643-5310ac59ac33', 'OGS-021', 'Rare', 'normal', FALSE, 'metal-deluxe', 'Grafit Studio/Maki Planas Mata', 'OGS-021/024', 'When you play a spell that costs :rb_energy_5: or more, draw 1.', NULL, NULL, NULL, '{"promo"}', 'EN', 'Lady of Luminosity, Starter'),
  ('019d1c23-7217-7141-8e0f-d21a9ed554f0', '019cfc3b-038a-7aff-9f64-d915ada7e046', '019cfc3b-0369-76e1-8643-5310ac59ac33', 'OGS-021', 'Rare', 'normal', FALSE, 'foil', 'Grafit Studio/Maki Planas Mata', 'OGS-021/024', 'When you play a spell that costs :rb_energy_5: or more, draw 1.', NULL, NULL, NULL, '{"promo"}', 'EN', 'Lady of Luminosity, Starter'),
  ('019da5b3-3452-77b1-944c-ad84ab919340', '019cfc3b-038a-7aff-9f64-d915ada7e046', '019cfc3b-0369-76e1-8643-5310ac59ac33', 'OGS-021', 'Rare', 'normal', FALSE, 'metal', 'Grafit Studio/Maki Planas Mata', 'OGS-021/024', 'When you play a spell that costs :rb_energy_5: or more, draw 1.', NULL, NULL, NULL, '{"promo"}', 'EN', 'Lady of Luminosity, Starter'),
  ('019d6d06-3071-78cb-871f-945422034de3', '019cfc3b-038a-7aff-9f64-d915ada7e046', '019cfc3b-0369-76e1-8643-5310ac59ac33', 'OGS-021', 'Rare', 'normal', FALSE, 'normal', 'Grafit Studio&Maki Planas Mata', 'OGS-021/024', '每当你打出一张费用不低于:rb_energy_5:的法术时，抽一张牌。', NULL, NULL, NULL, '{}', 'ZH', '光辉女郎, 入门'),
  ('019cfc3b-03d8-7350-b433-2aee587b1912', '019cfc3b-038a-7c96-a595-49eecd42e4bf', '019cfc3b-0369-76e1-8643-5310ac59ac33', 'OGS-022', 'Epic', 'normal', FALSE, 'normal', 'Kudos Productions', 'OGS-022/024', '[Action] _(Play on your turn or in showdowns.)_
Deal 8 to a unit.', NULL, NULL, NULL, '{}', 'EN', 'Final Spark'),
  ('019d6d06-31c7-75c2-ba60-479deb454553', '019cfc3b-038a-7c96-a595-49eecd42e4bf', '019cfc3b-0369-76e1-8643-5310ac59ac33', 'OGS-022', 'Epic', 'normal', FALSE, 'normal', 'Kudos Productions', 'OGS-022/024', '[迅捷]（可在你的回合或法术对决中打出。）
对一名单位造成8点伤害。', NULL, NULL, NULL, '{}', 'ZH', '终极闪光'),
  ('019d1c22-1887-706e-82aa-9a552138fde7', '019cfc3b-038a-7c96-a595-49eecd42e4bf', '019cfc3b-0369-76e1-8643-5310ac59ac33', 'OGS-022', 'Epic', 'normal', FALSE, 'foil', 'Kudos Productions', 'OGS-022/024', '[Action] _(Play on your turn or in showdowns.)_
Deal 8 to a unit.', NULL, NULL, NULL, '{"promo"}', 'EN', 'Final Spark'),
  ('019da5b3-9b8d-765f-9d8f-0e296034bd38', '019cfc3b-038a-7e76-9ea8-f1feb5c9d837', '019cfc3b-0369-76e1-8643-5310ac59ac33', 'OGS-023', 'Rare', 'normal', FALSE, 'metal-deluxe', 'Six More Vodka', 'OGS-023/024', 'When you conquer, if you have 4+ units at that battlefield, draw 2.', NULL, NULL, NULL, '{"promo"}', 'EN', 'Might of Demacia, Starter'),
  ('019cfc3b-03d8-7361-9a9a-915783d54e1c', '019cfc3b-038a-7e76-9ea8-f1feb5c9d837', '019cfc3b-0369-76e1-8643-5310ac59ac33', 'OGS-023', 'Rare', 'normal', FALSE, 'normal', 'Six More Vodka', 'OGS-023/024', 'When you conquer, if you have 4+ units at that battlefield, draw 2.', NULL, NULL, NULL, '{}', 'EN', 'Might of Demacia, Starter'),
  ('019da5b3-83ab-7163-9b3e-8eb172acb01d', '019cfc3b-038a-7e76-9ea8-f1feb5c9d837', '019cfc3b-0369-76e1-8643-5310ac59ac33', 'OGS-023', 'Rare', 'normal', FALSE, 'metal', 'Six More Vodka', 'OGS-023/024', 'When you conquer, if you have 4+ units at that battlefield, draw 2.', NULL, NULL, NULL, '{"promo"}', 'EN', 'Might of Demacia, Starter'),
  ('019d1c25-239d-7f37-aaea-9f4e485aa23d', '019cfc3b-038a-7e76-9ea8-f1feb5c9d837', '019cfc3b-0369-76e1-8643-5310ac59ac33', 'OGS-023', 'Rare', 'normal', FALSE, 'foil', 'Six More Vodka', 'OGS-023/024', 'When you conquer, if you have 4+ units at that battlefield, draw 2.', NULL, NULL, NULL, '{"promo"}', 'EN', 'Might of Demacia, Starter'),
  ('019d6d06-3485-71cd-bcef-9c7db6924832', '019cfc3b-038a-7e76-9ea8-f1feb5c9d837', '019cfc3b-0369-76e1-8643-5310ac59ac33', 'OGS-023', 'Rare', 'normal', FALSE, 'normal', 'Six More Vodka', 'OGS-023/024', '当你征服一处战场时，如果你在该战场上拥有不少于四名单位，则抽两张牌。', NULL, NULL, NULL, '{}', 'ZH', '德玛西亚之力, 入门'),
  ('019d1c26-a105-7dbb-91c4-7219b21a7b25', '019cfc3b-038b-7140-a819-397e9b1eb94e', '019cfc3b-0369-76e1-8643-5310ac59ac33', 'OGS-024', 'Epic', 'normal', FALSE, 'foil', 'Kudos Productions', 'OGS-024/024', '[Action] _(Play on your turn or in showdowns.)_
Give friendly units +2 :rb_might: this turn.', NULL, NULL, NULL, '{"promo"}', 'EN', 'Decisive Strike'),
  ('019d6d06-37a3-7312-bb34-9c497b8b9d64', '019cfc3b-038b-7140-a819-397e9b1eb94e', '019cfc3b-0369-76e1-8643-5310ac59ac33', 'OGS-024', 'Epic', 'normal', FALSE, 'normal', 'Kudos Productions', 'OGS-024/024', '[迅捷]（可在你的回合或法术对决中打出。）
在本回合内，让所有友方单位:rb_might:+2。', NULL, NULL, NULL, '{}', 'ZH', '致命打击'),
  ('019cfc3b-03d8-7371-9e2d-f3aa5ad324a9', '019cfc3b-038b-7140-a819-397e9b1eb94e', '019cfc3b-0369-76e1-8643-5310ac59ac33', 'OGS-024', 'Epic', 'normal', FALSE, 'normal', 'Kudos Productions', 'OGS-024/024', '[Action] _(Play on your turn or in showdowns.)_
Give friendly units +2 :rb_might: this turn.', NULL, NULL, NULL, '{}', 'EN', 'Decisive Strike'),
  ('019d69a5-bdd0-7753-98b2-253827e5d3b5', '019cfc3b-0387-7b61-be7a-edfadddd1879', '019cfc3b-0369-78be-bd85-75cb9e46ad0c', 'SFD-R01', 'Common', 'normal', FALSE, 'normal', 'Greg Ghielmetti&Leah Chen', 'SFD-R01/221', NULL, NULL, NULL, NULL, '{}', 'ZH', '炽烈符文'),
  ('019cfded-5ed2-7f73-80a1-9cfea07679c8', '019cfc3b-0387-7b61-be7a-edfadddd1879', '019cfc3b-0369-78be-bd85-75cb9e46ad0c', 'SFD-R01', 'Common', 'normal', FALSE, 'normal', 'Greg Ghielmetti & Leah Chen', 'SFD-R01', NULL, NULL, NULL, NULL, '{}', 'EN', 'Fury Rune'),
  ('019cfdee-854c-7472-b74c-3a33a8485cea', '019cfc3b-0387-7b61-be7a-edfadddd1879', '019cfc3b-0369-78be-bd85-75cb9e46ad0c', 'SFD-R01a', 'Showcase', 'altart', FALSE, 'foil', 'Fairfoul', 'SFD-R01a', NULL, NULL, NULL, NULL, '{}', 'EN', 'Fury Rune'),
  ('019d69a5-8576-7b4d-9c18-7aa1f4451540', '019cfc3b-0387-7b61-be7a-edfadddd1879', '019cfc3b-0369-78be-bd85-75cb9e46ad0c', 'SFD-R01a', 'Showcase', 'altart', FALSE, 'foil', 'Fairfoul', 'SFD-R01a/221', NULL, NULL, NULL, NULL, '{}', 'ZH', '炽烈符文'),
  ('019cfdf0-6c9d-76f1-ab80-f96bc3670fb0', '019cfc3b-0387-7b61-be7a-edfadddd1879', '019cfc3b-0369-78be-bd85-75cb9e46ad0c', 'SFD-R01b', 'Showcase', 'altart', FALSE, 'foil', '华锐', 'SFD-R01b', NULL, NULL, NULL, NULL, '{"promo"}', 'EN', 'Fury Rune'),
  ('019d69a5-e53a-7e57-886d-a4524d3da4f8', '019cfc3b-0387-7b61-be7a-edfadddd1879', '019cfc3b-0369-78be-bd85-75cb9e46ad0c', 'SFD-R01b', 'Showcase', 'altart', FALSE, 'foil', '华锐', 'SFD-R01b/221', NULL, NULL, NULL, NULL, '{"promo"}', 'ZH', '炽烈符文'),
  ('019db508-6bb4-7979-8ed4-1dd06439966e', '019cfc3b-0387-7b61-be7a-edfadddd1879', '019cfd6f-067b-768c-a586-b8f9547ad455', 'UNL-R01', 'Common', 'normal', FALSE, 'normal', 'Greg Ghielmetti&Leah Chen', 'UNL-R01/219', NULL, NULL, NULL, NULL, '{}', 'ZH', '炽烈符文'),
  ('019db4fd-02f0-7141-9b06-26c8a1c9ff53', '019cfc3b-0387-7b61-be7a-edfadddd1879', '019cfd6f-067b-768c-a586-b8f9547ad455', 'UNL-R01a', 'Showcase', 'altart', FALSE, 'foil', 'Fairfoul', 'UNL-R01a/219', NULL, NULL, NULL, NULL, '{}', 'ZH', '炽烈符文'),
  ('019cfde9-e3e5-7af6-ad98-b9fcc2bfd125', '019cfc3b-0387-7b61-be7a-edfadddd1879', '019cfd6f-067b-768c-a586-b8f9547ad455', 'UNL-R01a', 'Showcase', 'altart', FALSE, 'foil', 'Envar Studio', 'UNL-R01a', NULL, NULL, NULL, NULL, '{}', 'EN', 'Fury Rune');

INSERT INTO printing_markers (printing_id, marker_id) VALUES
  ('019cfde8-86d5-734d-add4-3f4fc05c1173', '019d9291-2e4f-7c89-8453-6698bf27c415'),
  ('019cfdf0-6c9d-76f1-ab80-f96bc3670fb0', '019d9291-2e4f-7c89-8453-6698bf27c415'),
  ('019d17a1-2723-733a-a21e-4630e4370046', '019d9291-2e4f-7c89-8453-6698bf27c415'),
  ('019d17a6-13f6-74f3-bcaa-6974580b57db', '019d9291-2e4f-7c89-8453-6698bf27c415'),
  ('019d17ac-724a-732c-b83a-23cd257a74e5', '019d9291-2e4f-7c89-8453-6698bf27c415'),
  ('019d1be8-3681-73b5-bf13-078b7e3c9096', '019d9291-2e4f-7c89-8453-6698bf27c415'),
  ('019d1bee-0857-793a-b76b-50b6ead8ddbb', '019d9291-2e4f-7c89-8453-6698bf27c415'),
  ('019d1bf8-97d5-79ac-929e-286838af5508', '019d9291-2e4f-7c89-8453-6698bf27c415'),
  ('019d1bfd-da4c-73d9-b2c9-a6c628b23bdd', '019d9291-2e4f-7c89-8453-6698bf27c415'),
  ('019d1c00-e58f-73c9-a402-a822d45df1f9', '019d9291-2e4f-7c89-8453-6698bf27c415'),
  ('019d1c05-bf03-747d-be95-60ee1687b24b', '019d9291-2e4f-7c89-8453-6698bf27c415'),
  ('019d1c0b-64ab-7160-8bd6-36dfdffb1210', '019d9291-2e4f-7c89-8453-6698bf27c415'),
  ('019d1c0e-5395-709b-a44a-b9b9bc85907b', '019d9291-2e4f-7c89-8453-6698bf27c415'),
  ('019d1c11-4999-78e3-9980-2298b44d436d', '019d9291-2e4f-7c89-8453-6698bf27c415'),
  ('019d1c22-1887-706e-82aa-9a552138fde7', '019d9291-2e4f-7c89-8453-6698bf27c415'),
  ('019d1c23-7217-7141-8e0f-d21a9ed554f0', '019d9291-2e4f-7c89-8453-6698bf27c415'),
  ('019d1c25-239d-7f37-aaea-9f4e485aa23d', '019d9291-2e4f-7c89-8453-6698bf27c415'),
  ('019d1c26-a105-7dbb-91c4-7219b21a7b25', '019d9291-2e4f-7c89-8453-6698bf27c415'),
  ('019d69a4-f7b9-7222-bb93-cb745d47be9f', '019d9291-2e4f-7c89-8453-6698bf27c415'),
  ('019d69a5-e53a-7e57-886d-a4524d3da4f8', '019d9291-2e4f-7c89-8453-6698bf27c415'),
  ('019da2e8-4802-73ea-bf4a-08974766950d', '019d9291-2e4f-7c89-8453-6698bf27c415'),
  ('019da584-8b47-7dc9-83c1-544b4eb30967', '019d9291-2e4f-7c89-8453-6698bf27c415'),
  ('019da5ac-fbc9-714d-b6c2-3505305416d9', '019d9291-2e4f-7c89-8453-6698bf27c415'),
  ('019da5b2-2f7e-795a-8aab-fea24addf8d5', '019d9291-2e4f-7c89-8453-6698bf27c415'),
  ('019da5b2-4433-7a73-81a1-89be2c638768', '019d9291-2e4f-7c89-8453-6698bf27c415'),
  ('019da5b3-3452-77b1-944c-ad84ab919340', '019d9291-2e4f-7c89-8453-6698bf27c415'),
  ('019da5b3-49ad-7ccc-8d74-7e6b9210e55d', '019d9291-2e4f-7c89-8453-6698bf27c415'),
  ('019da5b3-83ab-7163-9b3e-8eb172acb01d', '019d9291-2e4f-7c89-8453-6698bf27c415'),
  ('019da5b3-9b8d-765f-9d8f-0e296034bd38', '019d9291-2e4f-7c89-8453-6698bf27c415');

INSERT INTO printing_distribution_channels (printing_id, channel_id, distribution_note) VALUES
  ('019cfde8-86d5-734d-add4-3f4fc05c1173', '019d92c3-399c-73d6-b4fe-6a11ed1f0a15', NULL),
  ('019cfdf0-6c9d-76f1-ab80-f96bc3670fb0', '019d8fd4-621c-737b-8228-dc1f963e6ac7', NULL),
  ('019cfdf0-6c9d-76f1-ab80-f96bc3670fb0', '019d92c3-e96f-7306-a173-f660bb0861da', NULL),
  ('019d17a1-2723-733a-a21e-4630e4370046', '019d8fd4-621c-737b-8228-dc1f963e6ac7', NULL),
  ('019d17a6-13f6-74f3-bcaa-6974580b57db', '019d8fd4-621c-737b-8228-dc1f963e6ac7', NULL),
  ('019d17ac-724a-732c-b83a-23cd257a74e5', '019d8fd4-621c-737b-8228-dc1f963e6ac7', NULL),
  ('019d1be8-3681-73b5-bf13-078b7e3c9096', '019d8fd4-621c-737b-8228-dc1f963e6ac7', NULL),
  ('019d1bee-0857-793a-b76b-50b6ead8ddbb', '019d8fd4-621c-737b-8228-dc1f963e6ac7', NULL),
  ('019d1bf8-97d5-79ac-929e-286838af5508', '019d8fd4-621c-737b-8228-dc1f963e6ac7', NULL),
  ('019d1bfd-da4c-73d9-b2c9-a6c628b23bdd', '019d8fd4-621c-737b-8228-dc1f963e6ac7', NULL),
  ('019d1c00-e58f-73c9-a402-a822d45df1f9', '019d8fd4-621c-737b-8228-dc1f963e6ac7', NULL),
  ('019d1c05-bf03-747d-be95-60ee1687b24b', '019d8fd4-621c-737b-8228-dc1f963e6ac7', NULL),
  ('019d1c0b-64ab-7160-8bd6-36dfdffb1210', '019d8fd4-621c-737b-8228-dc1f963e6ac7', NULL),
  ('019d1c0e-5395-709b-a44a-b9b9bc85907b', '019d8fd4-621c-737b-8228-dc1f963e6ac7', NULL),
  ('019d1c11-4999-78e3-9980-2298b44d436d', '019d8fd4-621c-737b-8228-dc1f963e6ac7', NULL),
  ('019d1c22-1887-706e-82aa-9a552138fde7', '019d8fd4-621c-737b-8228-dc1f963e6ac7', NULL),
  ('019d1c23-7217-7141-8e0f-d21a9ed554f0', '019d9b87-dfea-7e56-afd0-12afc7949408', NULL),
  ('019d1c25-239d-7f37-aaea-9f4e485aa23d', '019d8fd4-621c-737b-8228-dc1f963e6ac7', NULL),
  ('019d1c26-a105-7dbb-91c4-7219b21a7b25', '019d8fd4-621c-737b-8228-dc1f963e6ac7', NULL),
  ('019d69a4-f7b9-7222-bb93-cb745d47be9f', '019d92c3-399c-73d6-b4fe-6a11ed1f0a15', NULL),
  ('019d69a5-e53a-7e57-886d-a4524d3da4f8', '019d8fd4-621c-737b-8228-dc1f963e6ac7', NULL),
  ('019d69a5-e53a-7e57-886d-a4524d3da4f8', '019d92c3-e96f-7306-a173-f660bb0861da', NULL),
  ('019da584-8b47-7dc9-83c1-544b4eb30967', '019da5a7-5b8b-7753-937c-1bfbd131f7b4', NULL),
  ('019da584-8b47-7dc9-83c1-544b4eb30967', '019da5a7-cf52-726f-961c-8325a9a9c4db', NULL),
  ('019da5ac-fbc9-714d-b6c2-3505305416d9', '019da5ae-3562-78c9-8d2f-1612065152e0', NULL),
  ('019da5ac-fbc9-714d-b6c2-3505305416d9', '019da5ae-6558-7f61-9798-f349c725fbca', NULL),
  ('019da5b2-2f7e-795a-8aab-fea24addf8d5', '019da5a7-5b8b-7753-937c-1bfbd131f7b4', NULL),
  ('019da5b2-2f7e-795a-8aab-fea24addf8d5', '019da5a7-cf52-726f-961c-8325a9a9c4db', NULL),
  ('019da5b2-4433-7a73-81a1-89be2c638768', '019da5ae-3562-78c9-8d2f-1612065152e0', NULL),
  ('019da5b2-4433-7a73-81a1-89be2c638768', '019da5ae-6558-7f61-9798-f349c725fbca', NULL),
  ('019da5b3-3452-77b1-944c-ad84ab919340', '019da5a7-5b8b-7753-937c-1bfbd131f7b4', NULL),
  ('019da5b3-3452-77b1-944c-ad84ab919340', '019da5a7-cf52-726f-961c-8325a9a9c4db', NULL),
  ('019da5b3-49ad-7ccc-8d74-7e6b9210e55d', '019da5ae-3562-78c9-8d2f-1612065152e0', NULL),
  ('019da5b3-49ad-7ccc-8d74-7e6b9210e55d', '019da5ae-6558-7f61-9798-f349c725fbca', NULL),
  ('019da5b3-83ab-7163-9b3e-8eb172acb01d', '019da5a7-5b8b-7753-937c-1bfbd131f7b4', NULL),
  ('019da5b3-83ab-7163-9b3e-8eb172acb01d', '019da5a7-cf52-726f-961c-8325a9a9c4db', NULL),
  ('019da5b3-9b8d-765f-9d8f-0e296034bd38', '019da5ae-3562-78c9-8d2f-1612065152e0', NULL),
  ('019da5b3-9b8d-765f-9d8f-0e296034bd38', '019da5ae-6558-7f61-9798-f349c725fbca', NULL);

INSERT INTO image_files (id, original_url, rehosted_url, rotation) VALUES
  ('019cfdeb-9062-7800-a4ec-768210ad8caf', 'https://cdn.piltoverarchive.com/cards/OGN-007b.webp', '/media/cards/af/019cfdeb-9062-7800-a4ec-768210ad8caf', 0),
  ('019cfdee-0385-7811-85f9-4d51966347a4', 'https://piltoverarchive.b-cdn.net/temporary/1772489366582-j850d8b51vc.png', '/media/cards/a4/019cfdee-0385-7811-85f9-4d51966347a4', 0),
  ('019d1be8-ad21-7f32-8087-53b4dd439a26', 'https://product-images.s3.cardmarket.com/1655/OGNX/874123/874123.jpg', '/media/cards/26/019d1be8-ad21-7f32-8087-53b4dd439a26', 0),
  ('019d1c08-874d-7b9d-a5ee-44ba310478e1', 'https://www.cardtrader.com/uploads/blueprints/image/344430/dark-child-starter-origins-proving-grounds.jpg', '/media/cards/e1/019d1c08-874d-7b9d-a5ee-44ba310478e1', 0),
  ('019d20c0-f11b-7f6d-8b2e-44fc2e2340db', 'https://www.cardtrader.com/uploads/blueprints/image/375019/annie-fiery-spiritforged-nexus-night-promo-nexus-night-promos.jpg', '/media/cards/db/019d20c0-f11b-7f6d-8b2e-44fc2e2340db', 0),
  ('019d20c1-5df2-76f9-9b28-b5c0f0046d11', 'https://www.cardtrader.com/uploads/blueprints/image/375034/master-yi-medative-spiritforged-nexus-night-promo-nexus-night-promos.jpg', '/media/cards/11/019d20c1-5df2-76f9-9b28-b5c0f0046d11', 0),
  ('019d20c2-635c-77bc-9541-f0eb363a7410', 'https://www.cardtrader.com/uploads/blueprints/image/375040/garen-rugged-spiritforged-nexus-night-promo-nexus-night-promos.jpg', '/media/cards/10/019d20c2-635c-77bc-9541-f0eb363a7410', 0),
  ('019d20c2-92c1-7787-b66f-84bdb2dbbf5b', 'https://www.cardtrader.com/uploads/blueprints/image/375042/master-yi-honed-spiritforged-nexus-night-promo-nexus-night-promos.jpg', '/media/cards/5b/019d20c2-92c1-7787-b66f-84bdb2dbbf5b', 0),
  ('019d20c2-c9c9-7f30-af37-a582a05ea8c5', 'https://www.cardtrader.com/uploads/blueprints/image/375020/annie-stubborn-spiritforged-nexus-night-promo-nexus-night-promos.jpg', '/media/cards/c5/019d20c2-c9c9-7f30-af37-a582a05ea8c5', 0),
  ('019d20c3-145f-755c-9440-8189b2e80446', 'https://www.cardtrader.com/uploads/blueprints/image/375051/garen-commander-spiritforged-nexus-night-promo-nexus-night-promos.jpg', '/media/cards/46/019d20c3-145f-755c-9440-8189b2e80446', 0),
  ('019d20c3-4219-746c-9ae8-170b90dcba18', 'https://www.cardtrader.com/uploads/blueprints/image/375050/lux-crownguard-spiritforged-nexus-night-promo-nexus-night-promos.jpg', '/media/cards/18/019d20c3-4219-746c-9ae8-170b90dcba18', 0),
  ('019d20c3-eefd-753e-ab6c-1405e9f1ec89', 'https://www.cardtrader.com/uploads/blueprints/image/375021/annie-dark-child-spiritforged-nexus-night-promo-nexus-night-promos.jpg', '/media/cards/89/019d20c3-eefd-753e-ab6c-1405e9f1ec89', 0),
  ('019d20c4-1927-787f-9d9a-683adbf8b1db', 'https://www.cardtrader.com/uploads/blueprints/image/375022/tibbers-spiritforged-nexus-night-promo-nexus-night-promos.jpg', '/media/cards/db/019d20c4-1927-787f-9d9a-683adbf8b1db', 0),
  ('019d20c4-6769-7509-b5ac-4ec19f10b08c', 'https://www.cardtrader.com/uploads/blueprints/image/375023/master-yi-wuju-bladesman-spiritforged-nexus-night-promo-nexus-night-promos.jpg', '/media/cards/8c/019d20c4-6769-7509-b5ac-4ec19f10b08c', 0),
  ('019d20c4-93fa-76a7-be9d-573ed8c694db', 'https://www.cardtrader.com/uploads/blueprints/image/375024/highlander-spiritforged-nexus-night-promo-nexus-night-promos.jpg', '/media/cards/db/019d20c4-93fa-76a7-be9d-573ed8c694db', 0),
  ('019d20c4-d499-725c-9fc0-484db4a1124d', 'https://www.cardtrader.com/uploads/blueprints/image/375025/lux-lady-of-luminosity-spiritforged-nexus-night-promo-nexus-night-promos.jpg', '/media/cards/4d/019d20c4-d499-725c-9fc0-484db4a1124d', 0),
  ('019d20c4-fd5f-7dfb-9cae-287c6a376304', 'https://www.cardtrader.com/uploads/blueprints/image/375026/final-spark-spiritforged-nexus-night-promo-nexus-night-promos.jpg', '/media/cards/04/019d20c4-fd5f-7dfb-9cae-287c6a376304', 0),
  ('019d20c5-3b74-751b-9902-d7add6bb59a1', 'https://www.cardtrader.com/uploads/blueprints/image/375027/garen-might-of-demacia-spiritforged-nexus-night-promo-nexus-night-promos.jpg', '/media/cards/a1/019d20c5-3b74-751b-9902-d7add6bb59a1', 0),
  ('019d20c5-920c-7501-a571-f2adf5281832', 'https://www.cardtrader.com/uploads/blueprints/image/375028/decisive-strike-spiritforged-nexus-night-promo-nexus-night-promos.jpg', '/media/cards/32/019d20c5-920c-7501-a571-f2adf5281832', 0),
  ('019d69a4-8bfe-7087-86d9-11e6f8547ae7', 'https://cdn.playloltcg.com/lol/card/20250731/8bcfa24f535b4093a12526d5bdb82b5e.png', '/media/cards/e7/019d69a4-8bfe-7087-86d9-11e6f8547ae7', 0),
  ('019d69a5-01fb-7e23-8b13-274c2283d333', 'https://cdn.playloltcg.com/lol/card/20250829/7dda81d378cd4a13866952096d40075f.png', '/media/cards/33/019d69a5-01fb-7e23-8b13-274c2283d333', 0),
  ('019d69a5-34b2-7280-9706-5286e199ac41', 'https://cdn.playloltcg.com/lol/card/20250731/9c353ec9e607479587696f6714603f2f.png', '/media/cards/41/019d69a5-34b2-7280-9706-5286e199ac41', 0),
  ('019d69a5-9c6e-7990-a460-dff6e0ca4ca4', 'https://cdn.playloltcg.com/lol/card/20251217/399756b931284213a42dff219fd28a7f.png', '/media/cards/a4/019d69a5-9c6e-7990-a460-dff6e0ca4ca4', 0),
  ('019d69a5-c873-7aaa-9c2e-54aa2c3b93b0', 'https://cdn.playloltcg.com/lol/card/20251217/c202802b05a24480ac5582622e3955a3.png', '/media/cards/b0/019d69a5-c873-7aaa-9c2e-54aa2c3b93b0', 0),
  ('019d69a5-efd4-76bc-866a-25e442273662', 'https://cdn.playloltcg.com/lol/card/20251225/545785ffb3e54dff96a78cf54f024432.png', '/media/cards/62/019d69a5-efd4-76bc-866a-25e442273662', 0),
  ('019d6d05-931f-721e-8038-db4a078c27e8', 'https://cdn.playloltcg.com/lol/card/20250731/fb17a832925e4a6ab6aa063bbe94d581.png', '/media/cards/e8/019d6d05-931f-721e-8038-db4a078c27e8', 0),
  ('019d6d05-9947-742c-b01d-cad0c7018b84', 'https://cdn.playloltcg.com/lol/card/20250731/a929826226134cc2b2f0ca258e9fca19.png', '/media/cards/84/019d6d05-9947-742c-b01d-cad0c7018b84', 0),
  ('019d6d05-9a7e-775c-8f1e-4403df1951cc', 'https://cdn.playloltcg.com/lol/card/20250731/28ef5461b60d4a569b13a763e66076ed.png', '/media/cards/cc/019d6d05-9a7e-775c-8f1e-4403df1951cc', 0),
  ('019d6d05-a775-7452-8e04-45b7f429d40a', 'https://cdn.playloltcg.com/lol/card/20250731/10d8a2ccf9ec4d1ca4fe561b1f186428.png', '/media/cards/0a/019d6d05-a775-7452-8e04-45b7f429d40a', 0),
  ('019d6d05-aaab-7c8b-ad5f-fc115adfed4c', 'https://cdn.playloltcg.com/lol/card/20250731/aff96d682f2743d08a96472d296d3e09.png', '/media/cards/4c/019d6d05-aaab-7c8b-ad5f-fc115adfed4c', 0),
  ('019d6d05-b0b6-748f-b425-39e7eb8bbbfa', 'https://cdn.playloltcg.com/lol/card/20250731/7712adb1035c413faa35f28c5c38fbfb.png', '/media/cards/fa/019d6d05-b0b6-748f-b425-39e7eb8bbbfa', 0),
  ('019d6d05-b66a-7de3-87f0-3d41a4ca347f', 'https://cdn.playloltcg.com/lol/card/20250731/00b94e5e01294130a3755d5e4ebeaba4.png', '/media/cards/7f/019d6d05-b66a-7de3-87f0-3d41a4ca347f', 0),
  ('019d6d05-b9af-7d7c-85fc-d0fab99b3612', 'https://cdn.playloltcg.com/lol/card/20250731/8c29b2cce6be4548b09e867df9bbda43.png', '/media/cards/12/019d6d05-b9af-7d7c-85fc-d0fab99b3612', 0),
  ('019d6d05-c14d-76ae-951c-d2f037b2f97f', 'https://cdn.playloltcg.com/lol/card/20250731/79cb337805da45aea83e84982e2802e1.png', '/media/cards/7f/019d6d05-c14d-76ae-951c-d2f037b2f97f', 0),
  ('019d6d05-c845-7de4-bbc7-edaa17b2fbca', 'https://cdn.playloltcg.com/lol/card/20250731/e826e37c3f2f4d25891717483eb08113.png', '/media/cards/ca/019d6d05-c845-7de4-bbc7-edaa17b2fbca', 0),
  ('019d6d05-d8f6-7586-a393-0ad31059d2be', 'https://cdn.playloltcg.com/lol/card/20250731/d16981dcbd884d3b89c2a259725a491f.png', '/media/cards/be/019d6d05-d8f6-7586-a393-0ad31059d2be', 0),
  ('019d6d05-d9f8-71b7-a98a-6f2c78757719', 'https://cdn.playloltcg.com/lol/card/20250731/4c7fff3a64b34999881df2a3d19f0ca0.png', '/media/cards/19/019d6d05-d9f8-71b7-a98a-6f2c78757719', 0),
  ('019d6d05-e5ee-7b32-b2dd-f0fb368562ce', 'https://cdn.playloltcg.com/lol/card/20250731/a9bb9ade0fc94e53a17ae052fd922615.png', '/media/cards/ce/019d6d05-e5ee-7b32-b2dd-f0fb368562ce', 0),
  ('019d6d05-f9c7-7bae-b42f-2a11d7012ecc', 'https://cdn.playloltcg.com/lol/card/20250731/dfbea90b57b043f4930863fdf21874d0.png', '/media/cards/cc/019d6d05-f9c7-7bae-b42f-2a11d7012ecc', 0),
  ('019d6d05-feed-74e0-ac0d-8f7481067c47', 'https://cdn.playloltcg.com/lol/card/20250731/3ed3308a305447d382ff77d06021a635.png', '/media/cards/47/019d6d05-feed-74e0-ac0d-8f7481067c47', 0),
  ('019d6d06-03a7-7715-a71d-80e04647dac1', 'https://cdn.playloltcg.com/lol/card/20250731/7b24b03a046d4f48a4e014c30d601257.png', '/media/cards/c1/019d6d06-03a7-7715-a71d-80e04647dac1', 0),
  ('019d6d06-1093-760b-b41f-d750ecde9e1d', 'https://cdn.playloltcg.com/lol/card/20250731/04f1261faf7741e8abde6a96d2db8f69.png', '/media/cards/1d/019d6d06-1093-760b-b41f-d750ecde9e1d', 0),
  ('019d6d06-1de1-7b72-9361-d50150c5b846', 'https://cdn.playloltcg.com/lol/card/20250731/fc1238b1e6da4dcebc024d6dca76ee38.png', '/media/cards/46/019d6d06-1de1-7b72-9361-d50150c5b846', 0),
  ('019d6d06-2168-7f76-87e0-e98b9207b642', 'https://cdn.playloltcg.com/lol/card/20250731/0c7f618b2a6a4522b1953a16c4c0a8d1.png', '/media/cards/42/019d6d06-2168-7f76-87e0-e98b9207b642', 0),
  ('019d6d06-2223-77ed-9c04-48f87fc6287d', 'https://cdn.playloltcg.com/lol/card/20250731/25330aaee06b44cfb35b45404422aab8.png', '/media/cards/7d/019d6d06-2223-77ed-9c04-48f87fc6287d', 0),
  ('019d6d06-3083-73e3-afac-c22fbdfa2f9b', 'https://cdn.playloltcg.com/lol/card/20250731/43e6206fc8b74cb5821c7fd8fbe40ec3.png', '/media/cards/9b/019d6d06-3083-73e3-afac-c22fbdfa2f9b', 0),
  ('019d6d06-31d8-77d8-9712-2692f13b3a85', 'https://cdn.playloltcg.com/lol/card/20250731/b1ff99bcd0314dd68f42e0d9417a7713.png', '/media/cards/85/019d6d06-31d8-77d8-9712-2692f13b3a85', 0),
  ('019d6d06-3492-7e51-b1fd-59619b316a84', 'https://cdn.playloltcg.com/lol/card/20250731/d78d0ea699284be892886bcfc111e2c9.png', '/media/cards/84/019d6d06-3492-7e51-b1fd-59619b316a84', 0),
  ('019d6d06-37b8-71dd-8f68-b30f9444e05b', 'https://cdn.playloltcg.com/lol/card/20250731/f28cb924915742b2a1b49873935e664b.png', '/media/cards/5b/019d6d06-37b8-71dd-8f68-b30f9444e05b', 0),
  ('019da0d6-1800-7984-9a73-c1270a0ec001', 'https://cardsbeyond.com/cdn/shop/files/FuryRune_SFD-R01b.jpg', '/media/cards/01/019da0d6-1800-7984-9a73-c1270a0ec001', 0),
  ('019da0d6-2409-7635-abf1-9c7973565e34', 'https://cardsbeyond.com/cdn/shop/files/FuryRune_SFD-R01a.jpg', '/media/cards/34/019da0d6-2409-7635-abf1-9c7973565e34', 0),
  ('019da0d6-5968-7568-9b29-25a7902a4995', 'https://cardsbeyond.com/cdn/shop/files/FuryRune_SFD-R01.jpg', '/media/cards/95/019da0d6-5968-7568-9b29-25a7902a4995', 0),
  ('019da2e8-4822-7db4-b13e-0fe339b2c5c0', 'https://cmsassets.rgpub.io/sanity/images/dsfx7636/news_live/e647ac8bd9ce0d49b8b8056decc6ca285f4c9e00-1920x1080.jpg', '/media/cards/c0/019da2e8-4822-7db4-b13e-0fe339b2c5c0', 0),
  ('019db4fd-7cfa-7d66-9815-2e520eab3cd9', 'https://cdn.playloltcg.com/lol/card/20260402/e1280b409936458c85aa5b487541fc3a.webp', '/media/cards/d9/019db4fd-7cfa-7d66-9815-2e520eab3cd9', 0),
  ('019db509-12e8-794a-a854-50a3f81cc661', 'https://cdn.playloltcg.com/lol/card/20260402/5cd9c22ab0bd4160a62eef5369bc736c.webp', '/media/cards/61/019db509-12e8-794a-a854-50a3f81cc661', 0),
  ('03678a34-c684-4954-a811-e8462ab2a281', 'https://cmsassets.rgpub.io/sanity/images/dsfx7636/game_data_live/532d75dc36a16eb5954253a77366fcceac7aec62-744x1039.png', '/media/cards/81/03678a34-c684-4954-a811-e8462ab2a281', 0),
  ('0501a7a7-5d11-4513-8ac2-0fecd9f4a205', 'https://cmsassets.rgpub.io/sanity/images/dsfx7636/game_data_live/0e16976cd6d7ee5a874be9351b428671990fbd25-744x1039.png', '/media/cards/05/0501a7a7-5d11-4513-8ac2-0fecd9f4a205', 0),
  ('27e5cc73-c79a-4ae6-9464-4a37b7f3a802', 'https://cmsassets.rgpub.io/sanity/images/dsfx7636/game_data_live/986782271be078c184a8d1c196e375106459c6c5-744x1039.png', '/media/cards/02/27e5cc73-c79a-4ae6-9464-4a37b7f3a802', 0),
  ('43e0d3db-218a-4db4-a6d0-c497631888e1', 'https://cmsassets.rgpub.io/sanity/images/dsfx7636/game_data_live/4558a2dc1bb1f1b8a73ec0d82244654e84b12687-744x1039.png', '/media/cards/e1/43e0d3db-218a-4db4-a6d0-c497631888e1', 0),
  ('48bf20fa-b0c7-40fb-85e8-75577b008025', 'https://cmsassets.rgpub.io/sanity/images/dsfx7636/game_data_live/09da06c69d07d4e72dde703737ef167472c715af-1488x2078.png', '/media/cards/25/48bf20fa-b0c7-40fb-85e8-75577b008025', 0),
  ('48d995d4-9571-4a55-b1e7-11eff002e83d', 'https://cmsassets.rgpub.io/sanity/images/dsfx7636/game_data_live/8231ced23eaf22ca3bf62ec8cb86b83a3e222da6-744x1039.png', '/media/cards/3d/48d995d4-9571-4a55-b1e7-11eff002e83d', 0),
  ('523622e5-e4e7-4c35-86eb-531b43e1761c', 'https://cmsassets.rgpub.io/sanity/images/dsfx7636/game_data_live/44885d811b70621b188d9813b2b10b5cff1b81e6-744x1039.png', '/media/cards/1c/523622e5-e4e7-4c35-86eb-531b43e1761c', 0),
  ('5b0d0ef9-e234-4f78-92d5-93348fbb82e0', 'https://cmsassets.rgpub.io/sanity/images/dsfx7636/game_data_live/026f851a703601fce4142c0791e913377c170b47-744x1039.png', '/media/cards/e0/5b0d0ef9-e234-4f78-92d5-93348fbb82e0', 0),
  ('5f478373-1eef-4684-bbe2-ba93fc4d0769', 'https://cmsassets.rgpub.io/sanity/images/dsfx7636/game_data_live/e7185deb46f17770802d06aeddfe3b929afff880-744x1039.png', '/media/cards/69/5f478373-1eef-4684-bbe2-ba93fc4d0769', 0),
  ('6063d6e9-d982-45c6-9a67-648f36a4cde1', 'https://cmsassets.rgpub.io/sanity/images/dsfx7636/game_data_live/7664b03bb107954195153d9f2f86c5d63682fa4b-744x1039.png', '/media/cards/e1/6063d6e9-d982-45c6-9a67-648f36a4cde1', 0),
  ('64cf5e1a-c1c4-47f7-bafe-3590a7efef03', 'https://cmsassets.rgpub.io/sanity/images/dsfx7636/game_data_live/17d0793ad495727e67bb1c94ae0e11cd4705870f-744x1039.png', '/media/cards/03/64cf5e1a-c1c4-47f7-bafe-3590a7efef03', 0),
  ('767b5069-1c75-460d-b816-1ed1302cece3', 'https://cmsassets.rgpub.io/sanity/images/dsfx7636/game_data_live/46e4eaada1412f9b6c24751bdb3932c6a51e905f-744x1039.png', '/media/cards/e3/767b5069-1c75-460d-b816-1ed1302cece3', 0),
  ('76e324f1-c984-4bb8-b2b9-3ef90fe4ec1b', 'https://cmsassets.rgpub.io/sanity/images/dsfx7636/game_data_live/4568ab827fdcd42d6bb86b1c2de6182e286c9ee9-744x1039.png', '/media/cards/1b/76e324f1-c984-4bb8-b2b9-3ef90fe4ec1b', 0),
  ('7a80cb4d-8bd8-44cc-a814-9189ba0b51ff', 'https://cmsassets.rgpub.io/sanity/images/dsfx7636/game_data_live/81d1c47459606f7b627778cce9b5f0e44d80f7fa-744x1039.png', '/media/cards/ff/7a80cb4d-8bd8-44cc-a814-9189ba0b51ff', 0),
  ('852d5d3e-90f8-46f6-a332-6298b87db544', 'https://cmsassets.rgpub.io/sanity/images/dsfx7636/game_data_live/89963e1d1cffd69c620fb5d6b037f50d5c334463-744x1039.png', '/media/cards/44/852d5d3e-90f8-46f6-a332-6298b87db544', 0),
  ('8afe395c-becd-4399-b8dd-412860946970', 'https://cmsassets.rgpub.io/sanity/images/dsfx7636/game_data_live/74f8bc78573b33d9979b0e9c121b858d770a490c-744x1039.png', '/media/cards/70/8afe395c-becd-4399-b8dd-412860946970', 0),
  ('8db6f057-8078-4465-a178-d36b45fdec77', 'https://cmsassets.rgpub.io/sanity/images/dsfx7636/game_data_live/67c22dc29a7a28dabe0f169a7848c25bef1fbda4-744x1039.png', '/media/cards/77/8db6f057-8078-4465-a178-d36b45fdec77', 0),
  ('915e489c-c65d-4f87-8061-720f442dcc9f', 'https://cmsassets.rgpub.io/sanity/images/dsfx7636/game_data_live/44eb968cf0c54e75970588b69eef5c5f5ccc9b24-744x1039.png', '/media/cards/9f/915e489c-c65d-4f87-8061-720f442dcc9f', 0),
  ('a9b41b02-d7b8-4af6-ae50-0b61b0f79ff7', 'https://cmsassets.rgpub.io/sanity/images/dsfx7636/game_data_live/5508566c8f05f09492148faa803332a731095eb7-744x1039.png', '/media/cards/f7/a9b41b02-d7b8-4af6-ae50-0b61b0f79ff7', 0),
  ('aac9b213-1211-4120-b312-f2cb1bd7dffe', 'https://cmsassets.rgpub.io/sanity/images/dsfx7636/game_data_live/12bcd0cde5d9ff4640e82945001e9fef863530f1-744x1039.png', '/media/cards/fe/aac9b213-1211-4120-b312-f2cb1bd7dffe', 0),
  ('b3af515c-2f8b-4dcf-a419-98a70d3db123', 'https://cmsassets.rgpub.io/sanity/images/dsfx7636/game_data_live/a0d10edf30abb6fde21f5d386e9a7db3c1b0a098-744x1039.png', '/media/cards/23/b3af515c-2f8b-4dcf-a419-98a70d3db123', 0),
  ('d444db56-7c98-4b6c-82e2-198a2e2dd833', 'https://cmsassets.rgpub.io/sanity/images/dsfx7636/game_data_live/4d9cc1c13b75933e509e642213f13359350cd3f9-744x1039.png', '/media/cards/33/d444db56-7c98-4b6c-82e2-198a2e2dd833', 0),
  ('de3ab4bc-ac47-4d64-bfa9-12d9ea5e6d47', 'https://cmsassets.rgpub.io/sanity/images/dsfx7636/game_data_live/cbf2c12d69a86566e4cda07050b2d4495e40187e-744x1039.png', '/media/cards/47/de3ab4bc-ac47-4d64-bfa9-12d9ea5e6d47', 0),
  ('e201b4df-2127-4952-a019-8c68a3ee73a0', 'https://cmsassets.rgpub.io/sanity/images/dsfx7636/game_data_live/a7a34129e64f0296bf2da166c2b06ed156d568db-744x1039.png', '/media/cards/a0/e201b4df-2127-4952-a019-8c68a3ee73a0', 0),
  ('e209d9f7-3bca-43b9-9238-04dd00930654', 'https://cmsassets.rgpub.io/sanity/images/dsfx7636/game_data_live/4ce467c1d51a65ab4fbae918dca38ae90b510844-744x1039.png', '/media/cards/54/e209d9f7-3bca-43b9-9238-04dd00930654', 0),
  ('e426117c-6a4c-4536-ba09-6a4ffc5f48d8', 'https://cmsassets.rgpub.io/sanity/images/dsfx7636/game_data_live/18c0818cbbfdf26a1237b4f7703b1f035f47b014-744x1039.png', '/media/cards/d8/e426117c-6a4c-4536-ba09-6a4ffc5f48d8', 0);

INSERT INTO printing_images (id, printing_id, image_file_id, face, provider, is_active) VALUES
  ('48bf20fa-b0c7-40fb-85e8-75577b008025', '019cfc3b-03d1-7eb9-b5d5-588deb7bd4a7', '48bf20fa-b0c7-40fb-85e8-75577b008025', 'front', 'gallery', TRUE),
  ('aac9b213-1211-4120-b312-f2cb1bd7dffe', '019cfc3b-03d2-75a9-b281-305c0ec46c9c', 'aac9b213-1211-4120-b312-f2cb1bd7dffe', 'front', 'gallery', TRUE),
  ('e201b4df-2127-4952-a019-8c68a3ee73a0', '019cfc3b-03d5-768e-91cf-8ac59b20fb0e', 'e201b4df-2127-4952-a019-8c68a3ee73a0', 'front', 'gallery', TRUE),
  ('03678a34-c684-4954-a811-e8462ab2a281', '019cfc3b-03d6-74cf-adec-1dce41f631eb', '03678a34-c684-4954-a811-e8462ab2a281', 'front', 'gallery', TRUE),
  ('767b5069-1c75-460d-b816-1ed1302cece3', '019cfc3b-03d6-74e0-bdbe-4aca898a0bbd', '767b5069-1c75-460d-b816-1ed1302cece3', 'front', 'gallery', TRUE),
  ('a9b41b02-d7b8-4af6-ae50-0b61b0f79ff7', '019cfc3b-03d6-74f2-bcff-7bd89d0061f5', 'a9b41b02-d7b8-4af6-ae50-0b61b0f79ff7', 'front', 'gallery', TRUE),
  ('6063d6e9-d982-45c6-9a67-648f36a4cde1', '019cfc3b-03d6-7502-b5c1-a9e422f91ac7', '6063d6e9-d982-45c6-9a67-648f36a4cde1', 'front', 'gallery', TRUE),
  ('b3af515c-2f8b-4dcf-a419-98a70d3db123', '019cfc3b-03d6-7514-9347-be4597ff1eee', 'b3af515c-2f8b-4dcf-a419-98a70d3db123', 'front', 'gallery', TRUE),
  ('8db6f057-8078-4465-a178-d36b45fdec77', '019cfc3b-03d6-752a-adc5-19033009d65d', '8db6f057-8078-4465-a178-d36b45fdec77', 'front', 'gallery', TRUE),
  ('76e324f1-c984-4bb8-b2b9-3ef90fe4ec1b', '019cfc3b-03d6-753c-9ec3-7cf48219b1e8', '76e324f1-c984-4bb8-b2b9-3ef90fe4ec1b', 'front', 'gallery', TRUE),
  ('0501a7a7-5d11-4513-8ac2-0fecd9f4a205', '019cfc3b-03d6-754e-a4de-ca223b302965', '0501a7a7-5d11-4513-8ac2-0fecd9f4a205', 'front', 'gallery', TRUE),
  ('915e489c-c65d-4f87-8061-720f442dcc9f', '019cfc3b-03d6-755e-8d42-32464c0bf236', '915e489c-c65d-4f87-8061-720f442dcc9f', 'front', 'gallery', TRUE),
  ('d444db56-7c98-4b6c-82e2-198a2e2dd833', '019cfc3b-03d6-7570-ac57-ad240fe24183', 'd444db56-7c98-4b6c-82e2-198a2e2dd833', 'front', 'gallery', TRUE),
  ('5b0d0ef9-e234-4f78-92d5-93348fbb82e0', '019cfc3b-03d6-7581-bf1d-f627860d73b0', '5b0d0ef9-e234-4f78-92d5-93348fbb82e0', 'front', 'gallery', TRUE),
  ('de3ab4bc-ac47-4d64-bfa9-12d9ea5e6d47', '019cfc3b-03d6-7592-be7d-af8b5a85a818', 'de3ab4bc-ac47-4d64-bfa9-12d9ea5e6d47', 'front', 'gallery', TRUE),
  ('64cf5e1a-c1c4-47f7-bafe-3590a7efef03', '019cfc3b-03d6-75a3-90b8-c82d7afdc00a', '64cf5e1a-c1c4-47f7-bafe-3590a7efef03', 'front', 'gallery', TRUE),
  ('7a80cb4d-8bd8-44cc-a814-9189ba0b51ff', '019cfc3b-03d6-75d8-a0f7-c6fd8a35c6f9', '7a80cb4d-8bd8-44cc-a814-9189ba0b51ff', 'front', 'gallery', TRUE),
  ('e209d9f7-3bca-43b9-9238-04dd00930654', '019cfc3b-03d6-75ee-922c-1e736369b5d4', 'e209d9f7-3bca-43b9-9238-04dd00930654', 'front', 'gallery', TRUE),
  ('852d5d3e-90f8-46f6-a332-6298b87db544', '019cfc3b-03d6-7600-9bd2-f43441e40ace', '852d5d3e-90f8-46f6-a332-6298b87db544', 'front', 'gallery', TRUE),
  ('019d1c08-874d-7b9d-a5ee-44ba310478e1', '019cfc3b-03d6-7600-9bd2-f43441e40ace', '019d1c08-874d-7b9d-a5ee-44ba310478e1', 'front', 'cardtrader-api', FALSE),
  ('8afe395c-becd-4399-b8dd-412860946970', '019cfc3b-03d8-7309-9eae-0ba9ba5967f3', '8afe395c-becd-4399-b8dd-412860946970', 'front', 'gallery', TRUE),
  ('48d995d4-9571-4a55-b1e7-11eff002e83d', '019cfc3b-03d8-731c-8957-4f2dc4f8464f', '48d995d4-9571-4a55-b1e7-11eff002e83d', 'front', 'gallery', TRUE),
  ('e426117c-6a4c-4536-ba09-6a4ffc5f48d8', '019cfc3b-03d8-732e-9d55-1e74ebff11dd', 'e426117c-6a4c-4536-ba09-6a4ffc5f48d8', 'front', 'gallery', TRUE),
  ('523622e5-e4e7-4c35-86eb-531b43e1761c', '019cfc3b-03d8-7340-8664-d8b5b646ef84', '523622e5-e4e7-4c35-86eb-531b43e1761c', 'front', 'gallery', TRUE),
  ('43e0d3db-218a-4db4-a6d0-c497631888e1', '019cfc3b-03d8-7350-b433-2aee587b1912', '43e0d3db-218a-4db4-a6d0-c497631888e1', 'front', 'gallery', TRUE),
  ('5f478373-1eef-4684-bbe2-ba93fc4d0769', '019cfc3b-03d8-7361-9a9a-915783d54e1c', '5f478373-1eef-4684-bbe2-ba93fc4d0769', 'front', 'gallery', TRUE),
  ('27e5cc73-c79a-4ae6-9464-4a37b7f3a802', '019cfc3b-03d8-7371-9e2d-f3aa5ad324a9', '27e5cc73-c79a-4ae6-9464-4a37b7f3a802', 'front', 'gallery', TRUE),
  ('019cfdeb-9062-7800-a4ec-768210ad8caf', '019cfde8-86d5-734d-add4-3f4fc05c1173', '019cfdeb-9062-7800-a4ec-768210ad8caf', 'front', 'piltover-archive', TRUE),
  ('019cfdee-0385-7811-85f9-4d51966347a4', '019cfde9-e3e5-7af6-ad98-b9fcc2bfd125', '019cfdee-0385-7811-85f9-4d51966347a4', 'front', 'piltover-archive', TRUE),
  ('019da0d6-5970-73dd-8f1c-9e3ae2c44aca', '019cfded-5ed2-7f73-80a1-9cfea07679c8', '019da0d6-5968-7568-9b29-25a7902a4995', 'front', 'manual', TRUE),
  ('019da0d6-240c-7d5b-b76b-362719233be4', '019cfdee-854c-7472-b74c-3a33a8485cea', '019da0d6-2409-7635-abf1-9c7973565e34', 'front', 'manual', TRUE),
  ('019da0d6-180b-7e2d-812d-0996c6c0c6dc', '019cfdf0-6c9d-76f1-ab80-f96bc3670fb0', '019da0d6-1800-7984-9a73-c1270a0ec001', 'front', 'manual', TRUE),
  ('019d20c0-f11b-7f6d-8b2e-44fc2e2340db', '019d17a1-2723-733a-a21e-4630e4370046', '019d20c0-f11b-7f6d-8b2e-44fc2e2340db', 'front', 'cardtrader-api', TRUE),
  ('019d20c1-5df2-76f9-9b28-b5c0f0046d11', '019d17a6-13f6-74f3-bcaa-6974580b57db', '019d20c1-5df2-76f9-9b28-b5c0f0046d11', 'front', 'cardtrader-api', TRUE),
  ('019d20c2-92c1-7787-b66f-84bdb2dbbf5b', '019d17ac-724a-732c-b83a-23cd257a74e5', '019d20c2-92c1-7787-b66f-84bdb2dbbf5b', 'front', 'cardtrader-api', TRUE),
  ('019d1be8-ad21-7f32-8087-53b4dd439a26', '019d1be8-3681-73b5-bf13-078b7e3c9096', '019d1be8-ad21-7f32-8087-53b4dd439a26', 'front', 'manual', TRUE),
  ('019d20c2-635c-77bc-9541-f0eb363a7410', '019d1bee-0857-793a-b76b-50b6ead8ddbb', '019d20c2-635c-77bc-9541-f0eb363a7410', 'front', 'cardtrader-api', TRUE),
  ('019d20c2-c9c9-7f30-af37-a582a05ea8c5', '019d1bf8-97d5-79ac-929e-286838af5508', '019d20c2-c9c9-7f30-af37-a582a05ea8c5', 'front', 'cardtrader-api', TRUE),
  ('019d20c3-145f-755c-9440-8189b2e80446', '019d1bfd-da4c-73d9-b2c9-a6c628b23bdd', '019d20c3-145f-755c-9440-8189b2e80446', 'front', 'cardtrader-api', TRUE),
  ('019d20c3-4219-746c-9ae8-170b90dcba18', '019d1c00-e58f-73c9-a402-a822d45df1f9', '019d20c3-4219-746c-9ae8-170b90dcba18', 'front', 'cardtrader-api', TRUE),
  ('019d20c3-eefd-753e-ab6c-1405e9f1ec89', '019d1c05-bf03-747d-be95-60ee1687b24b', '019d20c3-eefd-753e-ab6c-1405e9f1ec89', 'front', 'cardtrader-api', TRUE),
  ('019d20c4-1927-787f-9d9a-683adbf8b1db', '019d1c0b-64ab-7160-8bd6-36dfdffb1210', '019d20c4-1927-787f-9d9a-683adbf8b1db', 'front', 'cardtrader-api', TRUE),
  ('019d20c4-6769-7509-b5ac-4ec19f10b08c', '019d1c0e-5395-709b-a44a-b9b9bc85907b', '019d20c4-6769-7509-b5ac-4ec19f10b08c', 'front', 'cardtrader-api', TRUE),
  ('019d20c4-93fa-76a7-be9d-573ed8c694db', '019d1c11-4999-78e3-9980-2298b44d436d', '019d20c4-93fa-76a7-be9d-573ed8c694db', 'front', 'cardtrader-api', TRUE),
  ('019d20c4-fd5f-7dfb-9cae-287c6a376304', '019d1c22-1887-706e-82aa-9a552138fde7', '019d20c4-fd5f-7dfb-9cae-287c6a376304', 'front', 'cardtrader-api', TRUE),
  ('019d20c4-d499-725c-9fc0-484db4a1124d', '019d1c23-7217-7141-8e0f-d21a9ed554f0', '019d20c4-d499-725c-9fc0-484db4a1124d', 'front', 'cardtrader-api', TRUE),
  ('019d20c5-3b74-751b-9902-d7add6bb59a1', '019d1c25-239d-7f37-aaea-9f4e485aa23d', '019d20c5-3b74-751b-9902-d7add6bb59a1', 'front', 'cardtrader-api', TRUE),
  ('019d20c5-920c-7501-a571-f2adf5281832', '019d1c26-a105-7dbb-91c4-7219b21a7b25', '019d20c5-920c-7501-a571-f2adf5281832', 'front', 'cardtrader-api', TRUE),
  ('019d69a4-8bfe-7087-86d9-11e6f8547ae7', '019d69a4-8117-73d6-9aec-69530d59d8da', '019d69a4-8bfe-7087-86d9-11e6f8547ae7', 'front', 'playloltcg', TRUE),
  ('019d69a5-01fb-7e23-8b13-274c2283d333', '019d69a4-f7b9-7222-bb93-cb745d47be9f', '019d69a5-01fb-7e23-8b13-274c2283d333', 'front', 'playloltcg', TRUE),
  ('019d69a5-34b2-7280-9706-5286e199ac41', '019d69a5-28fa-70a2-92ea-73d8f2a27d3f', '019d69a5-34b2-7280-9706-5286e199ac41', 'front', 'playloltcg', TRUE),
  ('019d69a5-9c6e-7990-a460-dff6e0ca4ca4', '019d69a5-8576-7b4d-9c18-7aa1f4451540', '019d69a5-9c6e-7990-a460-dff6e0ca4ca4', 'front', 'playloltcg', TRUE),
  ('019d69a5-c873-7aaa-9c2e-54aa2c3b93b0', '019d69a5-bdd0-7753-98b2-253827e5d3b5', '019d69a5-c873-7aaa-9c2e-54aa2c3b93b0', 'front', 'playloltcg', TRUE),
  ('019d69a5-efd4-76bc-866a-25e442273662', '019d69a5-e53a-7e57-886d-a4524d3da4f8', '019d69a5-efd4-76bc-866a-25e442273662', 'front', 'playloltcg', TRUE),
  ('019d6d05-9329-7474-a769-9b54602732e0', '019d6d05-930d-7af7-9eb5-1bbefadba3a4', '019d6d05-931f-721e-8038-db4a078c27e8', 'front', 'playloltcg', TRUE),
  ('019d6d05-994d-7e25-935f-695a23c98d14', '019d6d05-9935-76e8-a805-ea6541cb99dd', '019d6d05-9947-742c-b01d-cad0c7018b84', 'front', 'playloltcg', TRUE),
  ('019d6d05-9a83-7293-add2-5a4f60c907ca', '019d6d05-9a7a-7234-aa16-3d519c8131c9', '019d6d05-9a7e-775c-8f1e-4403df1951cc', 'front', 'playloltcg', TRUE),
  ('019d6d05-a779-7b4b-84a0-9f8dcc4f003f', '019d6d05-a758-7fce-aadd-aafcc11baebe', '019d6d05-a775-7452-8e04-45b7f429d40a', 'front', 'playloltcg', TRUE),
  ('019d6d05-aab0-7201-b9c8-c0e41d5906d3', '019d6d05-aa97-77be-8913-cae20a56f25f', '019d6d05-aaab-7c8b-ad5f-fc115adfed4c', 'front', 'playloltcg', TRUE),
  ('019d6d05-b0b8-7653-8740-8e71e8753277', '019d6d05-b0ac-79e3-8edc-0d6d436d148b', '019d6d05-b0b6-748f-b425-39e7eb8bbbfa', 'front', 'playloltcg', TRUE),
  ('019d6d05-b66e-7d98-a9c9-a6d8bff1969c', '019d6d05-b656-79e4-b3df-2c0c6414f64b', '019d6d05-b66a-7de3-87f0-3d41a4ca347f', 'front', 'playloltcg', TRUE),
  ('019d6d05-b9b2-7d9a-8591-6ab103ac64ba', '019d6d05-b99e-7e0e-96dd-e1c9da4bdae3', '019d6d05-b9af-7d7c-85fc-d0fab99b3612', 'front', 'playloltcg', TRUE),
  ('019d6d05-c151-7d3f-b63f-af7ea74a6bc2', '019d6d05-c13a-799a-bda0-efd70a6a1b75', '019d6d05-c14d-76ae-951c-d2f037b2f97f', 'front', 'playloltcg', TRUE),
  ('019d6d05-c856-74c9-a963-1f4f323d49e5', '019d6d05-c823-7069-95b6-1cdf23f82a9a', '019d6d05-c845-7de4-bbc7-edaa17b2fbca', 'front', 'playloltcg', TRUE),
  ('019d6d05-d8fa-7f29-b25a-b75337d229c1', '019d6d05-d8e2-7e53-8fe6-54fd10424a8b', '019d6d05-d8f6-7586-a393-0ad31059d2be', 'front', 'playloltcg', TRUE),
  ('019d6d05-da04-7bd9-8dc1-efbeab02b1ca', '019d6d05-d9e8-75ca-9545-64d46c8fb6cb', '019d6d05-d9f8-71b7-a98a-6f2c78757719', 'front', 'playloltcg', TRUE),
  ('019d6d05-e5f7-7f4c-a84b-748c07ffeccc', '019d6d05-e5d5-7c5b-8b55-90aeb47adb3e', '019d6d05-e5ee-7b32-b2dd-f0fb368562ce', 'front', 'playloltcg', TRUE),
  ('019d6d05-f9c9-75d4-a0ed-f07326e7494c', '019d6d05-f9be-789f-b21f-bfe68b1572d8', '019d6d05-f9c7-7bae-b42f-2a11d7012ecc', 'front', 'playloltcg', TRUE),
  ('019d6d05-fef6-7367-ace5-5185ebf65428', '019d6d05-fee6-7d60-b8f2-ea216d891c59', '019d6d05-feed-74e0-ac0d-8f7481067c47', 'front', 'playloltcg', TRUE),
  ('019d6d06-03ab-7cf8-ba07-63cc0c3f75d0', '019d6d06-0398-7088-8098-0484a6aa2fea', '019d6d06-03a7-7715-a71d-80e04647dac1', 'front', 'playloltcg', TRUE),
  ('019d6d06-1094-7ebe-81d9-62cd48ddca5d', '019d6d06-108e-726f-809e-13b31796be1c', '019d6d06-1093-760b-b41f-d750ecde9e1d', 'front', 'playloltcg', TRUE),
  ('019d6d06-1de5-740d-8131-9263f0ebb348', '019d6d06-1dd2-7649-938a-01851a1098ae', '019d6d06-1de1-7b72-9361-d50150c5b846', 'front', 'playloltcg', TRUE),
  ('019d6d06-216a-7cea-85e2-a4c3c334a436', '019d6d06-2149-7ed5-a52b-64215640186a', '019d6d06-2168-7f76-87e0-e98b9207b642', 'front', 'playloltcg', TRUE),
  ('019d6d06-2235-7e39-82aa-3bf1ec09a170', '019d6d06-2210-7187-b6ea-5d10e2e048ab', '019d6d06-2223-77ed-9c04-48f87fc6287d', 'front', 'playloltcg', TRUE),
  ('019d6d06-3086-7cc2-9f53-43f8947c3bec', '019d6d06-3071-78cb-871f-945422034de3', '019d6d06-3083-73e3-afac-c22fbdfa2f9b', 'front', 'playloltcg', TRUE),
  ('019d6d06-31da-7146-b516-ca43ad818ba1', '019d6d06-31c7-75c2-ba60-479deb454553', '019d6d06-31d8-77d8-9712-2692f13b3a85', 'front', 'playloltcg', TRUE),
  ('019d6d06-3494-7808-aae1-494eac217239', '019d6d06-3485-71cd-bcef-9c7db6924832', '019d6d06-3492-7e51-b1fd-59619b316a84', 'front', 'playloltcg', TRUE),
  ('019d6d06-37bb-7448-9ae8-6131ed730b27', '019d6d06-37a3-7312-bb34-9c497b8b9d64', '019d6d06-37b8-71dd-8f68-b30f9444e05b', 'front', 'playloltcg', TRUE),
  ('019da2e8-4826-75d1-a470-4215224a2d9c', '019da2e8-4802-73ea-bf4a-08974766950d', '019da2e8-4822-7db4-b13e-0fe339b2c5c0', 'front', 'import', TRUE),
  ('019db4fd-7cff-7986-9b4c-cc2b9b1d9294', '019db4fd-02f0-7141-9b06-26c8a1c9ff53', '019db4fd-7cfa-7d66-9815-2e520eab3cd9', 'front', 'playloltcg', TRUE),
  ('019db509-12ee-710c-97c6-7cb9869442f4', '019db508-6bb4-7979-8ed4-1dd06439966e', '019db509-12e8-794a-a854-50a3f81cc661', 'front', 'playloltcg', TRUE);


-- Card bans
INSERT INTO card_bans (id, card_id, format_id, banned_at, unbanned_at, reason) VALUES
  ('019713f0-0000-7000-8000-000000000003', '019cfc3b-038a-7acd-8d1e-ff0cd42a7878', 'freeform', '2025-06-01', NULL, 'Dominated the meta with a 65% win rate in competitive play');


-- Marketplace
INSERT INTO marketplace_groups (id, marketplace, group_id, name, abbreviation) VALUES
  ('019cfc3a-e5d3-7e7e-9497-23ee0c612850', 'cardmarket', 6286, 'Origins', NULL),
  ('019cfc3a-e5d3-7e90-b462-c8bed1bf05f2', 'cardmarket', 6289, 'Proving Grounds', NULL),
  ('019cfc3a-e5d3-7ea2-a7ed-d1d82f6cdea5', 'cardmarket', 6322, 'Origins: Promos', NULL),
  ('019cfc3a-e5d3-7eb3-abad-5fdffa803665', 'cardmarket', 6399, 'Spiritforged', NULL),
  ('019cfc3a-e5d3-7ec3-9543-f9f44e5915aa', 'cardmarket', 6480, 'Project K Promos', NULL),
  ('019cfc3a-e5d3-7ed4-8999-3cd4b463f244', 'cardmarket', 6483, 'Spiritforged: Promos', NULL),
  ('019da460-cc9e-750a-a4d0-83131b98f588', 'cardmarket', 6491, 'Unleashed', NULL),
  ('019d1c29-9066-737b-8946-b9e3101587c1', 'cardtrader', 4166, 'Origins', 'ogn'),
  ('019d1c29-9068-7cbc-882a-e1bcbf146596', 'cardtrader', 4167, 'Promos', 'promo-rift'),
  ('019d1c29-9069-7097-8252-8f3be7d4ade1', 'cardtrader', 4275, 'Origins Proving Grounds', 'ogs'),
  ('019d1c29-9069-7229-ad09-cb5eb07466c1', 'cardtrader', 4287, 'Organized Play', 'op'),
  ('019d1c29-9069-747a-beab-1570e3ab757b', 'cardtrader', 4288, 'Judge Promos', 'jdg'),
  ('019d1c29-9069-764c-b786-082f8c1a9840', 'cardtrader', 4289, 'Arcane', 'arc'),
  ('019d1c29-9069-77ae-83a8-bd64449d8a9b', 'cardtrader', 4299, 'Spiritforged', 'sfd'),
  ('019d1c29-9069-7912-abde-0f84f7a0fea8', 'cardtrader', 4347, 'Championship Promo', 'rift-champ'),
  ('019d1c29-9069-7a79-be25-ad6ad9d2d51d', 'cardtrader', 4348, 'Nexus Night Promos', 'nnp'),
  ('019d1c29-9069-7c84-b27c-5a9bbc8498aa', 'cardtrader', 4349, 'Release Event Promos', 'rep-riftbound'),
  ('019d1c29-906a-704f-8628-feed96f41172', 'cardtrader', 4425, 'Unleashed', 'unl'),
  ('019d1c29-906a-726f-a12f-f13b745fd5fc', 'cardtrader', 4521, 'Vendetta', 'ven'),
  ('019d1c29-906a-74ea-b28f-1c2b80c38ccb', 'cardtrader', 4522, 'Radiance', 'rad'),
  ('019cfc3a-e5d3-7e5b-8dd3-6cd925320b27', 'tcgplayer', 24343, 'Riftbound Promotional Cards', 'PR'),
  ('019cfc3a-e5d3-7e27-a1bc-c57dea97644a', 'tcgplayer', 24344, 'Origins', 'OGN'),
  ('019cfc3a-e5d3-7e38-8af3-07d1e517947c', 'tcgplayer', 24439, 'Origins: Proving Grounds', 'OGS'),
  ('019cfc3a-e5d3-7e6d-ad96-f51fdb4d70ba', 'tcgplayer', 24502, 'Riftbound Worlds Bundle 2025', 'RWB'),
  ('019cfc3a-e5d3-7df3-838e-550f1a2fd90a', 'tcgplayer', 24519, 'Spiritforged', 'SFD'),
  ('019cfc3a-e5d3-7e4a-bc91-dd70fab6d75c', 'tcgplayer', 24528, 'Riftbound Organized Play Promotional Cards', 'OPP'),
  ('019cfc3a-e5d3-7e15-8287-881760ec56ed', 'tcgplayer', 24552, 'Riftbound Judge Promotional Cards', 'JDG'),
  ('019cfc3a-e5d3-7c3d-96c9-dc5f89f12fba', 'tcgplayer', 24560, 'Unleashed', 'UNL');

INSERT INTO marketplace_products (id, marketplace, group_id, external_id, product_name, finish, language) VALUES
  ('019dc041-cdbd-7bf6-a3bb-b71149f55de1', 'cardmarket', 6286, 845886, 'Fury Rune', 'normal', NULL),
  ('019dc041-cdbd-74ae-971c-032b37b79c72', 'cardmarket', 6286, 845887, 'Fury Rune', 'foil', NULL),
  ('019dc041-cda9-74cf-be74-3c1459631e47', 'cardmarket', 6289, 847523, 'Annie, Fiery', 'normal', NULL),
  ('019dc041-cdaa-7883-8ab5-a885b710fc1d', 'cardmarket', 6289, 847524, 'Firestorm', 'normal', NULL),
  ('019dc041-cdac-7631-9013-a64a69138374', 'cardmarket', 6289, 847525, 'Incinerate', 'normal', NULL),
  ('019dc041-cdb8-7a12-a7d3-0c019520990a', 'cardmarket', 6289, 847526, 'Master Yi, Meditative', 'normal', NULL),
  ('019dc041-cdbe-72cc-bd68-88f92385b9ee', 'cardmarket', 6289, 847527, 'Zephyr Sage', 'normal', NULL),
  ('019dc041-cdaf-7920-b7e1-fc6ce8b6cd41', 'cardmarket', 6289, 847528, 'Lux, Illuminated', 'normal', NULL),
  ('019dc041-cda9-796b-847f-382f9d089a49', 'cardmarket', 6289, 847529, 'Garen, Rugged', 'normal', NULL),
  ('019dc041-cdaa-70bd-9ed5-25e3360f01cb', 'cardmarket', 6289, 847530, 'Gentlemen''s Duel', 'normal', NULL),
  ('019dc041-cdc0-70c7-9001-6f60a3c6c8a8', 'cardmarket', 6289, 847531, 'Master Yi, Honed', 'normal', NULL),
  ('019dc041-cda5-767d-b3de-4a16e81dc50f', 'cardmarket', 6289, 847532, 'Annie, Stubborn', 'normal', NULL),
  ('019dc041-cda4-764a-9ce0-6d69b30a7885', 'cardmarket', 6289, 847533, 'Flash', 'normal', NULL),
  ('019dc041-cdbf-721d-a8a2-d6c353f2a63a', 'cardmarket', 6289, 847534, 'Blast of Power', 'normal', NULL),
  ('019dc041-cdb5-7f0c-bc63-8451b85c9b81', 'cardmarket', 6289, 847535, 'Garen, Commander', 'normal', NULL),
  ('019dc041-cda2-7368-8bbb-dc5a0f502d49', 'cardmarket', 6289, 847536, 'Lux, Crownguard', 'normal', NULL),
  ('019dc041-cdb1-7c79-924d-5320fd56c0d7', 'cardmarket', 6289, 847537, 'Recruit the Vanguard', 'normal', NULL),
  ('019dc041-cda5-7892-93aa-cb200dbd35a6', 'cardmarket', 6289, 847538, 'Vanguard Attendant', 'normal', NULL),
  ('019dc041-cdae-75d3-883f-04efc4d3a332', 'cardmarket', 6289, 847539, 'Annie, Dark Child', 'normal', NULL),
  ('019dc041-cdb9-708a-a64a-726d121e2655', 'cardmarket', 6289, 847540, 'Tibbers', 'normal', NULL),
  ('019dc041-cdbb-794a-b903-bbcfd120bd1b', 'cardmarket', 6289, 847541, 'Master Yi, Wuju Bladesman', 'normal', NULL),
  ('019dc041-cdae-70d2-b7d7-68c4a4499a0b', 'cardmarket', 6289, 847542, 'Highlander', 'normal', NULL),
  ('019dc041-cdaa-7f9b-a2fd-e9f14bb3fa82', 'cardmarket', 6289, 847543, 'Lux, Lady of Luminosity', 'normal', NULL),
  ('019dc041-cdb9-7e4b-9a53-a63312954176', 'cardmarket', 6289, 847544, 'Final Spark', 'normal', NULL),
  ('019dc041-cdbd-7d8f-bce2-d190d6b9fe0f', 'cardmarket', 6289, 847545, 'Garen, Might of Demacia', 'normal', NULL),
  ('019dc041-cda6-7008-8300-c1fbf11bc989', 'cardmarket', 6289, 847546, 'Decisive Strike', 'normal', NULL),
  ('019dc041-cdaa-7ba5-9b46-be01f1de85c0', 'cardmarket', 6322, 856120, 'Fury Rune', 'foil', NULL),
  ('019dc041-cdac-78a4-913a-de912ae9d578', 'cardmarket', 6399, 871893, 'Fury Rune', 'foil', NULL),
  ('019dc041-cdaf-7ff7-80bb-6d9478a4e1a3', 'cardmarket', 6399, 872478, 'Fury Rune', 'normal', NULL),
  ('019dc041-cdac-7e96-a6b5-f65c6c9de73f', 'cardmarket', 6483, 874107, 'Fury Rune', 'foil', NULL),
  ('019dc041-cda7-7a86-b9fd-f561081827d6', 'cardmarket', 6322, 874121, 'Annie, Fiery', 'foil', NULL),
  ('019dc041-cda2-7edc-8d59-84e2bbad13cc', 'cardmarket', 6322, 874122, 'Master Yi, Meditative', 'foil', NULL),
  ('019dc041-cdb9-7077-a77b-80c5bad48394', 'cardmarket', 6322, 874123, 'Lux, Illuminated', 'foil', NULL),
  ('019dc041-cdbc-78e2-afea-8ff2805e796c', 'cardmarket', 6322, 874124, 'Garen, Rugged', 'foil', NULL),
  ('019dc041-cda6-77b5-a1cc-02cfb3ab2b69', 'cardmarket', 6322, 874125, 'Master Yi, Honed', 'foil', NULL),
  ('019dc041-cdbd-708d-bb64-ab7f38eb2c70', 'cardmarket', 6322, 874126, 'Annie, Stubborn', 'foil', NULL),
  ('019dc041-cdad-7d13-9cc1-3059910766af', 'cardmarket', 6322, 874127, 'Garen, Commander', 'foil', NULL),
  ('019dc041-cda1-7d72-a883-3c28ed66b546', 'cardmarket', 6322, 874128, 'Lux, Crownguard', 'foil', NULL),
  ('019dc041-cda9-7d02-9d0e-457c85d4a537', 'cardmarket', 6322, 874129, 'Annie, Dark Child', 'foil', NULL),
  ('019dc041-cdb0-759c-bd72-9fe338dc3bba', 'cardmarket', 6322, 874130, 'Tibbers', 'foil', NULL),
  ('019dc041-cdab-7a83-8ff0-02fe2934137c', 'cardmarket', 6322, 874131, 'Master Yi, Wuju Bladesman', 'foil', NULL),
  ('019dc041-cdaf-771c-b89c-48e0ec0dbc85', 'cardmarket', 6322, 874132, 'Highlander', 'foil', NULL),
  ('019dc041-cdad-78cb-9f8e-7e8d7169ca5f', 'cardmarket', 6322, 874133, 'Lux, Lady of Luminosity', 'foil', NULL),
  ('019dc041-cdb5-7088-8a1a-2e3a5e3dcfd6', 'cardmarket', 6322, 874134, 'Final Spark', 'foil', NULL),
  ('019dc041-cdb3-7c5a-8701-e0e3ad213a88', 'cardmarket', 6322, 874135, 'Garen, Might of Demacia', 'foil', NULL),
  ('019dc041-cdaf-76f7-a113-d2d496a561b4', 'cardmarket', 6322, 874136, 'Decisive Strike', 'foil', NULL),
  ('019dc045-24c3-72d8-8811-a9378f4875f8', 'cardmarket', 6322, 881164, 'Flash', 'normal', NULL),
  ('019dc041-cda3-79f3-92e0-e42f3ba9eab8', 'cardtrader', 4275, 344328, 'Annie - Fiery', 'normal', 'ZH'),
  ('019dc041-cdbc-7958-848e-8abf6bc217d7', 'cardtrader', 4275, 344328, 'Annie - Fiery', 'normal', 'EN'),
  ('019dc041-cdb8-7ecf-be55-9b725c9abab1', 'cardtrader', 4275, 344329, 'Firestorm', 'normal', 'EN'),
  ('019dc041-cdbe-71eb-85dc-de5d68ddc4cd', 'cardtrader', 4275, 344330, 'Incinerate', 'normal', 'EN'),
  ('019dc041-cda4-7857-9b76-b351b45e3396', 'cardtrader', 4275, 344331, 'Master Yi - Medative', 'normal', 'EN'),
  ('019dc041-cda0-7fd2-8c3d-357876068082', 'cardtrader', 4275, 344332, 'Zephyr Sage', 'normal', 'EN'),
  ('019dc041-cdb5-7a65-b5a9-52a2db154dd1', 'cardtrader', 4275, 344332, 'Zephyr Sage', 'normal', 'ZH'),
  ('019dc041-cda3-78d5-bfd3-ec0897715b7d', 'cardtrader', 4275, 344333, 'Lux - Illuminated', 'foil', 'EN'),
  ('019dc041-cdac-7bd8-a6ec-56b39473e212', 'cardtrader', 4275, 344333, 'Lux - Illuminated', 'normal', 'EN'),
  ('019dc041-cdbd-7296-9cc7-fb8f61459720', 'cardtrader', 4275, 344333, 'Lux - Illuminated', 'normal', 'ZH'),
  ('019dc041-cdb3-7b85-a553-671d0a7a5e7b', 'cardtrader', 4275, 344334, 'Garen - Rugged', 'normal', 'EN'),
  ('019dc041-cda7-715c-8c97-d267e099d50d', 'cardtrader', 4275, 344335, 'Gentlemen''s Duel', 'normal', 'EN'),
  ('019dc041-cdac-7846-8f40-250fb66d7007', 'cardtrader', 4275, 344336, 'Master Yi - Honed', 'normal', 'EN'),
  ('019dc041-cdb6-75c7-a2bc-f815c620e19a', 'cardtrader', 4275, 344336, 'Master Yi - Honed', 'foil', 'EN'),
  ('019dc041-cdbb-73d7-b5f9-cd4c0312b485', 'cardtrader', 4275, 344336, 'Master Yi - Honed', 'normal', 'ZH'),
  ('019dc041-cdaf-7012-a53b-e88dae8fc922', 'cardtrader', 4275, 344337, 'Annie - Stubborn', 'normal', 'EN'),
  ('019dc041-cdbd-7b5c-9e15-26924ef9b82e', 'cardtrader', 4275, 344337, 'Annie - Stubborn', 'normal', 'ZH'),
  ('019dc041-cda7-7783-85bf-37d569cbb1ef', 'cardtrader', 4275, 344338, 'Flash', 'normal', 'EN'),
  ('019dc041-cdbc-7e33-8382-ab6aaf0084e7', 'cardtrader', 4275, 344338, 'Flash', 'normal', 'ZH'),
  ('019dc041-cdab-7e6b-b5c7-4143bcd2f4a3', 'cardtrader', 4275, 344340, 'Blast of Power', 'normal', 'EN'),
  ('019dc041-cdb8-7a4d-94d5-a21ca9203211', 'cardtrader', 4275, 344340, 'Blast of Power', 'normal', 'ZH'),
  ('019dc041-cda5-78aa-973c-a5b63b3a8520', 'cardtrader', 4275, 344341, 'Garen - Commander', 'normal', 'EN'),
  ('019dc041-cdb1-72ff-9368-c91850ec680c', 'cardtrader', 4275, 344341, 'Garen - Commander', 'normal', 'ZH'),
  ('019dc041-cda5-7719-982b-c9d8f4029cc1', 'cardtrader', 4275, 344342, 'Lux - Crownguard', 'normal', 'EN'),
  ('019dc041-cdbf-7271-8a6f-fd52596a3f63', 'cardtrader', 4275, 344342, 'Lux - Crownguard', 'normal', 'ZH'),
  ('019dc041-cdae-7ada-81bd-de23396671c9', 'cardtrader', 4275, 344343, 'Recruit the Vanguard', 'normal', 'EN'),
  ('019dc041-cdbd-73fd-b792-9169a21011ef', 'cardtrader', 4275, 344343, 'Recruit the Vanguard', 'normal', 'ZH'),
  ('019dc041-cda6-7747-bc7d-065cd486c99c', 'cardtrader', 4275, 344344, 'Vanguard Attendant', 'normal', 'EN'),
  ('019dc041-cdae-7ca1-b029-69b692e48ec0', 'cardtrader', 4275, 344430, 'Annie - Dark Child', 'normal', 'ZH'),
  ('019dc041-cdbd-76ce-9441-95b4fe27cd26', 'cardtrader', 4275, 344430, 'Annie - Dark Child', 'normal', 'EN'),
  ('019dc041-cda7-719e-bf8c-1e9d832a037e', 'cardtrader', 4275, 344431, 'Tibbers', 'normal', 'ZH'),
  ('019dc041-cdb6-7cbc-9443-6c8865deeb50', 'cardtrader', 4275, 344431, 'Tibbers', 'normal', 'EN'),
  ('019dc041-cdb7-7f73-89cc-758b8c712a03', 'cardtrader', 4275, 344432, 'Master Yi - Wuju Bladesman', 'normal', 'ZH'),
  ('019dc041-cdb8-79c0-a975-2e0233679d79', 'cardtrader', 4275, 344432, 'Master Yi - Wuju Bladesman', 'normal', 'EN'),
  ('019dc041-cda7-71dd-9125-46a7b2633c36', 'cardtrader', 4275, 344433, 'Highlander', 'normal', 'ZH'),
  ('019dc041-cdbc-7694-a8fd-5609e560a887', 'cardtrader', 4275, 344433, 'Highlander', 'normal', 'EN'),
  ('019dc041-cda6-71ab-8c23-a7ac0bf2471b', 'cardtrader', 4275, 344434, 'Lux - Lady of Luminosity', 'normal', 'ZH'),
  ('019dc041-cdaa-7a66-a72e-5b30a53158e2', 'cardtrader', 4275, 344434, 'Lux - Lady of Luminosity', 'normal', 'EN'),
  ('019dc041-cdaf-7fd2-a52e-c9db596406a1', 'cardtrader', 4275, 344435, 'Final Spark', 'normal', 'EN'),
  ('019dc041-cdc0-72f1-b3bd-3cc78326e0a6', 'cardtrader', 4275, 344435, 'Final Spark', 'normal', 'ZH'),
  ('019dc041-cdaf-7a4f-8524-7c3ded2c40e6', 'cardtrader', 4275, 344436, 'Garen - Might of Demacia', 'normal', 'ZH'),
  ('019dc041-cdb2-7019-a02e-a45c1168c02e', 'cardtrader', 4275, 344436, 'Garen - Might of Demacia', 'normal', 'EN'),
  ('019dc041-cda8-7745-b9e1-ee130c9b230b', 'cardtrader', 4275, 344437, 'Decisive Strike', 'normal', 'EN'),
  ('019dc041-cdaf-789c-9d26-8575c420d304', 'cardtrader', 4275, 344437, 'Decisive Strike', 'normal', 'ZH'),
  ('019dc041-cda4-75f9-a1f4-45ed3ef6acee', 'cardtrader', 4166, 345179, 'Fury Rune', 'normal', 'EN'),
  ('019dc041-cdba-7b5e-9dc3-757b5703f251', 'cardtrader', 4166, 345179, 'Fury Rune', 'normal', 'ZH'),
  ('019dc041-cdb6-7aae-b5e8-a147b638a269', 'cardtrader', 4166, 345180, 'Fury Rune', 'foil', 'EN'),
  ('019dc041-cdbe-7117-b79d-3bc91690829a', 'cardtrader', 4166, 345180, 'Fury Rune', 'foil', 'ZH'),
  ('019dc041-cdbc-7178-bca6-4360e15b4cf0', 'cardtrader', 4348, 353778, 'Fury Rune', 'foil', 'EN'),
  ('019dc041-cdbd-784c-be55-31f39c02a82b', 'cardtrader', 4348, 353778, 'Fury Rune', 'foil', 'ZH'),
  ('019dc041-cdbc-728c-b15a-fb527074d710', 'cardtrader', 4299, 374044, 'Fury Rune', 'normal', 'EN'),
  ('019dc041-cdbf-79c9-9852-cb0d9012eb47', 'cardtrader', 4299, 374044, 'Fury Rune', 'normal', 'ZH'),
  ('019dc041-cdaf-7353-a1f5-37f61a6147e1', 'cardtrader', 4299, 374045, 'Fury Rune', 'foil', 'ZH'),
  ('019dc041-cdb7-752b-9fa5-b18502a23fbc', 'cardtrader', 4299, 374045, 'Fury Rune', 'foil', 'EN'),
  ('019dc041-cdaf-7d08-81dc-bbe193981a61', 'cardtrader', 4348, 374052, 'Fury Rune', 'foil', 'ZH'),
  ('019dc041-cdbe-7151-8c3d-d550c95b42a4', 'cardtrader', 4348, 374052, 'Fury Rune', 'foil', 'EN'),
  ('019dc041-cdb4-799a-bd77-f643f8229402', 'cardtrader', 4348, 375019, 'Annie - Fiery', 'foil', 'EN'),
  ('019dc041-cdaa-7471-849f-8fc95876de03', 'cardtrader', 4348, 375020, 'Annie - Stubborn', 'foil', 'EN'),
  ('019dc041-cda9-7641-9183-94078d7da41f', 'cardtrader', 4348, 375021, 'Annie - Dark Child', 'foil', 'EN'),
  ('019dc041-cdbd-7320-a33b-78659edc0340', 'cardtrader', 4348, 375022, 'Tibbers', 'foil', 'EN'),
  ('019dc041-cdb6-7ce3-b54a-e35a4c66101a', 'cardtrader', 4348, 375023, 'Master Yi - Wuju Bladesman', 'foil', 'EN'),
  ('019dc041-cda9-7811-b4a1-5a5821dd9aff', 'cardtrader', 4348, 375024, 'Highlander', 'foil', 'EN'),
  ('019dc041-cdae-74da-88d0-e16507e028b3', 'cardtrader', 4348, 375025, 'Lux - Lady of Luminosity', 'foil', 'EN'),
  ('019dc041-cdbc-7647-967f-553bb9c0e7a7', 'cardtrader', 4348, 375026, 'Final Spark', 'foil', 'EN'),
  ('019dc041-cda2-7fc4-8db7-056406c24b22', 'cardtrader', 4348, 375027, 'Garen - Might of Demacia', 'foil', 'EN'),
  ('019dc041-cdb8-759a-8e99-d0d91a62a140', 'cardtrader', 4348, 375028, 'Decisive Strike', 'foil', 'EN'),
  ('019dc041-cda5-76f3-a44f-d9b05da32f22', 'cardtrader', 4348, 375034, 'Master Yi - Medative', 'foil', 'EN'),
  ('019dc041-cdaf-74d0-9e95-362db1bef678', 'cardtrader', 4348, 375040, 'Garen - Rugged', 'foil', 'EN'),
  ('019dc041-cdb4-76ed-851a-2beb5b666aff', 'cardtrader', 4348, 375042, 'Master Yi - Honed', 'foil', 'EN'),
  ('019dc041-cdbe-7580-ba4b-6eca5d83b769', 'cardtrader', 4348, 375050, 'Lux - Crownguard', 'foil', 'EN'),
  ('019dc041-cdb8-7851-a943-854ab43eab41', 'cardtrader', 4348, 375051, 'Garen - Commander', 'foil', 'EN'),
  ('019dc041-cdb9-7dfc-ab90-0485d98729c6', 'tcgplayer', 24344, 652777, 'Fury Rune', 'normal', NULL),
  ('019dc041-cdbc-779d-a235-0f5090e94647', 'tcgplayer', 24344, 652778, 'Fury Rune Alternate Art', 'foil', NULL),
  ('019dc041-cda5-7eb9-bcfe-056f971e963a', 'tcgplayer', 24439, 653136, 'Annie Fiery', 'normal', NULL),
  ('019dc041-cdaf-717b-b9ad-aafaff96fb88', 'tcgplayer', 24439, 653137, 'Firestorm', 'normal', NULL),
  ('019dc041-cdb6-719f-bc1a-892e666151fa', 'tcgplayer', 24439, 653138, 'Incinerate', 'normal', NULL),
  ('019dc041-cdab-79b8-a186-76ca77ab82cc', 'tcgplayer', 24439, 653139, 'Master Yi Meditative', 'normal', NULL),
  ('019dc041-cdad-7c13-8da1-58152724b8e1', 'tcgplayer', 24439, 653140, 'Zephyr Sage', 'normal', NULL),
  ('019dc041-cdbf-7ff2-9860-a546efc1f082', 'tcgplayer', 24439, 653141, 'Lux Illuminated', 'normal', NULL),
  ('019dc041-cdb8-76fe-9f80-c28e11607baf', 'tcgplayer', 24439, 653142, 'Garen Rugged', 'normal', NULL),
  ('019dc041-cdac-791b-9b23-6297c720424d', 'tcgplayer', 24439, 653143, 'Gentlemens Duel', 'normal', NULL),
  ('019dc041-cda5-750b-9031-3e795bc04d6c', 'tcgplayer', 24439, 653144, 'Master Yi Honed', 'foil', NULL),
  ('019dc041-cda6-7a3a-b53f-d0c37ba006ba', 'tcgplayer', 24439, 653144, 'Master Yi Honed', 'normal', NULL),
  ('019dc041-cdac-7a9f-90b2-0e4c22fbaa44', 'tcgplayer', 24439, 653145, 'Annie Stubborn', 'normal', NULL),
  ('019dc041-cda6-75a3-b40a-4212b1843b70', 'tcgplayer', 24439, 653146, 'Flash', 'normal', NULL),
  ('019dc041-cdb4-7221-9634-201a532dcff3', 'tcgplayer', 24439, 653147, 'Blast of Power', 'normal', NULL),
  ('019dc041-cda8-7b59-9569-ab3183e825aa', 'tcgplayer', 24439, 653148, 'Garen Commander', 'normal', NULL),
  ('019dc041-cdbb-75a6-a28a-43550644844e', 'tcgplayer', 24439, 653149, 'Lux Crownguard', 'normal', NULL),
  ('019dc041-cda6-7778-b8ce-4b180f1da38e', 'tcgplayer', 24439, 653150, 'Recruit the Vanguard', 'normal', NULL),
  ('019dc041-cda8-7b33-9be3-66775a09e623', 'tcgplayer', 24439, 653151, 'Vanguard Attendant', 'normal', NULL),
  ('019dc041-cdaa-70f5-a60f-a3e4410b9578', 'tcgplayer', 24439, 653152, 'Annie Dark Child Starter', 'normal', NULL),
  ('019dc041-cdbb-7eab-ade8-2aa9203a7406', 'tcgplayer', 24439, 653153, 'Tibbers', 'normal', NULL),
  ('019dc041-cdb8-713e-913e-3b8df6f268c9', 'tcgplayer', 24439, 653154, 'Master Yi Wuju Bladesman Starter', 'normal', NULL),
  ('019dc041-cda9-7cc4-86fb-9b898e51191f', 'tcgplayer', 24439, 653155, 'Highlander', 'normal', NULL),
  ('019dc041-cdb9-7e97-8340-0f25b3aa9b21', 'tcgplayer', 24439, 653156, 'Lux Lady of Luminosity Starter', 'normal', NULL),
  ('019dc041-cdbf-7a9e-b58d-8e3224f045be', 'tcgplayer', 24439, 653157, 'Final Spark', 'normal', NULL),
  ('019dc041-cdb5-715a-9f6d-057011e25192', 'tcgplayer', 24439, 653158, 'Garen Might of Demacia Starter', 'normal', NULL),
  ('019dc041-cda4-7592-afd0-450efa3f03c8', 'tcgplayer', 24439, 653159, 'Decisive Strike', 'normal', NULL),
  ('019dc041-cdb7-7d24-925e-d8e684347dd1', 'tcgplayer', 24528, 662900, 'Fury Rune', 'foil', NULL),
  ('019dc059-66f2-7c36-92f6-34e872a13fe5', 'tcgplayer', 24528, 669266, 'Master Yi Wuju Bladesman Metal', 'foil', NULL),
  ('019dc041-ce32-712b-93bf-79db5e0a7433', 'tcgplayer', 24528, 669267, 'Lux Lady of Luminosity Metal', 'foil', NULL),
  ('019dc041-cda4-7c28-ab58-92bc4bf9747d', 'tcgplayer', 24519, 678183, 'Fury Rune', 'normal', NULL),
  ('019dc041-cdb3-7233-b327-cfaecf30dc7b', 'tcgplayer', 24519, 678224, 'Fury Rune Alternate Art', 'foil', NULL),
  ('019dc041-cda3-7eb6-afe3-65a70a2074cb', 'tcgplayer', 24528, 680247, 'Annie Dark Child', 'foil', NULL),
  ('019dc041-cda9-72c7-b990-0086c28bc3ff', 'tcgplayer', 24528, 680254, 'Tibbers', 'foil', NULL),
  ('019dc041-cdb1-7609-8394-2033f502e42f', 'tcgplayer', 24528, 680257, 'Master Yi Wuju Bladesman', 'foil', NULL),
  ('019dc041-cda5-7c65-be2d-3da9ba242067', 'tcgplayer', 24528, 680260, 'Highlander', 'foil', NULL),
  ('019dc041-cdbe-7738-8f06-5a966f529ce8', 'tcgplayer', 24528, 680262, 'Lux Lady of Luminosity', 'foil', NULL),
  ('019dc041-cda9-7cd9-9223-9991bd3153b8', 'tcgplayer', 24528, 680263, 'Final Spark', 'foil', NULL),
  ('019dc041-cdbb-7be4-b8fc-9a4fba1c32f3', 'tcgplayer', 24528, 680266, 'Garen Might of Demacia', 'foil', NULL),
  ('019dc041-cdac-7b77-9f78-fb6dccf01166', 'tcgplayer', 24528, 680270, 'Decisive Strike', 'foil', NULL),
  ('019dc041-cdac-75f7-876d-7b545ae87d33', 'tcgplayer', 24528, 680274, 'Fury Rune R01b', 'foil', NULL),
  ('019dc041-cda4-7e59-b521-4df129ee45e7', 'tcgplayer', 24528, 680296, 'Annie Fiery', 'foil', NULL),
  ('019dc041-cdac-7e48-8c96-21a828a0d92d', 'tcgplayer', 24528, 680323, 'Master Yi Meditative', 'foil', NULL),
  ('019dc041-cdad-7d33-a10c-bcbba9098d41', 'tcgplayer', 24528, 680339, 'Lux Illuminated', 'foil', NULL),
  ('019dc041-cdbe-7fa5-b363-1296a8f87345', 'tcgplayer', 24528, 680360, 'Garen Rugged', 'foil', NULL),
  ('019dc041-cda1-730a-bfea-fe0b8ca7555a', 'tcgplayer', 24528, 680376, 'Master Yi Honed', 'foil', NULL),
  ('019dc041-cdb4-768e-ae00-2dd62f29bafa', 'tcgplayer', 24528, 680416, 'Annie Stubborn', 'foil', NULL),
  ('019dc041-cda1-7957-93f1-b988ee064618', 'tcgplayer', 24528, 680439, 'Lux Crownguard', 'foil', NULL),
  ('019dc041-cdaf-70c4-b59b-a2fa8086ef7a', 'tcgplayer', 24528, 680441, 'Garen Commander', 'foil', NULL);

INSERT INTO marketplace_product_variants (id, marketplace_product_id, printing_id) VALUES
  ('019dc041-f19d-7837-8fa2-c757594dac2e', '019dc041-cdbd-7bf6-a3bb-b71149f55de1', '019d69a5-28fa-70a2-92ea-73d8f2a27d3f'),
  ('019cfc3a-e6ac-71d6-abb7-1001032d517e', '019dc041-cdbd-7bf6-a3bb-b71149f55de1', '019cfc3b-03d2-75a9-b281-305c0ec46c9c'),
  ('019cfc3a-e6af-776c-8e21-85b2fcc79220', '019dc041-cdbd-74ae-971c-032b37b79c72', '019cfc3b-03d1-7eb9-b5d5-588deb7bd4a7'),
  ('019dc041-f19c-71c7-b835-b7fcd6f5226d', '019dc041-cdbd-74ae-971c-032b37b79c72', '019d69a4-8117-73d6-9aec-69530d59d8da'),
  ('019cfc3a-e6ae-746b-bc85-a83b3dc99f6c', '019dc041-cda9-74cf-be74-3c1459631e47', '019cfc3b-03d6-74cf-adec-1dce41f631eb'),
  ('019dc041-f13d-7868-8210-50e8cbb4e0ab', '019dc041-cda9-74cf-be74-3c1459631e47', '019d6d05-930d-7af7-9eb5-1bbefadba3a4'),
  ('019cfc3a-e6ae-749f-a1a7-5cb64e718b12', '019dc041-cdaa-7883-8ab5-a885b710fc1d', '019cfc3b-03d5-768e-91cf-8ac59b20fb0e'),
  ('019dc041-f14f-731b-bfea-eb53128848e3', '019dc041-cdaa-7883-8ab5-a885b710fc1d', '019d6d05-9935-76e8-a805-ea6541cb99dd'),
  ('019cfc3a-e6ae-74b0-952e-22178e4a7e87', '019dc041-cdac-7631-9013-a64a69138374', '019cfc3b-03d6-74e0-bdbe-4aca898a0bbd'),
  ('019dc041-f15f-75ea-a5e2-5b0dc85dd2b8', '019dc041-cdac-7631-9013-a64a69138374', '019d6d05-9a7a-7234-aa16-3d519c8131c9'),
  ('019cfc3a-e6ae-74e2-92f3-369504d1fe1c', '019dc041-cdb8-7a12-a7d3-0c019520990a', '019cfc3b-03d6-74f2-bcff-7bd89d0061f5'),
  ('019dc041-f189-745a-9f1a-36b8dd071067', '019dc041-cdb8-7a12-a7d3-0c019520990a', '019d6d05-a758-7fce-aadd-aafcc11baebe'),
  ('019cfc3a-e6ae-7513-9d72-f8e437d02fdd', '019dc041-cdbe-72cc-bd68-88f92385b9ee', '019cfc3b-03d6-7502-b5c1-a9e422f91ac7'),
  ('019dc041-f19e-7fac-b081-0a7af5ed46a4', '019dc041-cdbe-72cc-bd68-88f92385b9ee', '019d6d05-aa97-77be-8913-cae20a56f25f'),
  ('019dc041-f16e-7967-a9a4-ba5d84ea953c', '019dc041-cdaf-7920-b7e1-fc6ce8b6cd41', '019d6d05-b0ac-79e3-8edc-0d6d436d148b'),
  ('019cfc3a-e6ae-7417-a3cc-375b29f33e47', '019dc041-cdaf-7920-b7e1-fc6ce8b6cd41', '019cfc3b-03d6-7514-9347-be4597ff1eee'),
  ('019cfc3a-e6ae-7428-9974-e89da999730a', '019dc041-cda9-796b-847f-382f9d089a49', '019cfc3b-03d6-752a-adc5-19033009d65d'),
  ('019dc041-f144-789a-9d77-c7b668b7d679', '019dc041-cda9-796b-847f-382f9d089a49', '019d6d05-b656-79e4-b3df-2c0c6414f64b'),
  ('019cfc3a-e6ae-747b-aa9c-edfbd4aff009', '019dc041-cdaa-70bd-9ed5-25e3360f01cb', '019cfc3b-03d6-753c-9ec3-7cf48219b1e8'),
  ('019dc041-f148-7306-a8cb-8ebbe8a7f107', '019dc041-cdaa-70bd-9ed5-25e3360f01cb', '019d6d05-b99e-7e0e-96dd-e1c9da4bdae3'),
  ('019dc041-f1a4-73db-94ed-76cb6fc7beb6', '019dc041-cdc0-70c7-9001-6f60a3c6c8a8', '019d6d05-c13a-799a-bda0-efd70a6a1b75'),
  ('019cfc3a-e6ae-74c0-b143-468d5f35c616', '019dc041-cdc0-70c7-9001-6f60a3c6c8a8', '019cfc3b-03d6-754e-a4de-ca223b302965'),
  ('019dc041-f119-7ce5-91f1-8a2b4a2dbb32', '019dc041-cda5-767d-b3de-4a16e81dc50f', '019d6d05-c823-7069-95b6-1cdf23f82a9a'),
  ('019cfc3a-e6ae-74f3-a054-e6db5ea815af', '019dc041-cda5-767d-b3de-4a16e81dc50f', '019cfc3b-03d6-755e-8d42-32464c0bf236'),
  ('019cfc3a-e6ae-7523-82c1-0346b092dcd7', '019dc041-cda4-764a-9ce0-6d69b30a7885', '019cfc3b-03d6-7570-ac57-ad240fe24183'),
  ('019dc041-f110-790d-8be8-87f8714e63ef', '019dc041-cda4-764a-9ce0-6d69b30a7885', '019d6d05-d8e2-7e53-8fe6-54fd10424a8b'),
  ('019cfc3a-e6ae-7439-8cde-ba5aa311dccd', '019dc041-cdbf-721d-a8a2-d6c353f2a63a', '019cfc3b-03d6-7581-bf1d-f627860d73b0'),
  ('019dc041-f1a1-7bc7-ace8-7001dc1e3feb', '019dc041-cdbf-721d-a8a2-d6c353f2a63a', '019d6d05-d9e8-75ca-9545-64d46c8fb6cb'),
  ('019dc041-f17f-7a1d-98de-92ce621c913e', '019dc041-cdb5-7f0c-bc63-8451b85c9b81', '019d6d05-e5d5-7c5b-8b55-90aeb47adb3e'),
  ('019cfc3a-e6ae-7449-8b88-2301b4dc58ff', '019dc041-cdb5-7f0c-bc63-8451b85c9b81', '019cfc3b-03d6-7592-be7d-af8b5a85a818'),
  ('019dc041-f103-77de-9069-0443836f4ab2', '019dc041-cda2-7368-8bbb-dc5a0f502d49', '019d6d05-f9be-789f-b21f-bfe68b1572d8'),
  ('019cfc3a-e6ae-748e-ae8b-11af7f4778fb', '019dc041-cda2-7368-8bbb-dc5a0f502d49', '019cfc3b-03d6-75a3-90b8-c82d7afdc00a'),
  ('019cfc3a-e6ae-74d1-9529-ea93b174de93', '019dc041-cdb1-7c79-924d-5320fd56c0d7', '019cfc3b-03d6-75d8-a0f7-c6fd8a35c6f9'),
  ('019dc041-f174-7f9c-999b-d7dbeee5a8d9', '019dc041-cdb1-7c79-924d-5320fd56c0d7', '019d6d05-fee6-7d60-b8f2-ea216d891c59'),
  ('019cfc3a-e6ae-7503-aeb8-0c509cda7ca4', '019dc041-cda5-7892-93aa-cb200dbd35a6', '019cfc3b-03d6-75ee-922c-1e736369b5d4'),
  ('019dc041-f11b-72cf-883f-2a3b96c05b98', '019dc041-cda5-7892-93aa-cb200dbd35a6', '019d6d06-0398-7088-8098-0484a6aa2fea'),
  ('019dc041-f16a-788d-8d0b-9f642af7b4b0', '019dc041-cdae-75d3-883f-04efc4d3a332', '019d6d06-108e-726f-809e-13b31796be1c'),
  ('019cfc3a-e6ae-7534-9bea-83da6ddad87d', '019dc041-cdae-75d3-883f-04efc4d3a332', '019cfc3b-03d6-7600-9bd2-f43441e40ace'),
  ('019dc041-f18a-7839-b732-0e21baa08c2a', '019dc041-cdb9-708a-a64a-726d121e2655', '019d6d06-1dd2-7649-938a-01851a1098ae'),
  ('019cfc3a-e6ae-745a-b91b-223257fac59a', '019dc041-cdb9-708a-a64a-726d121e2655', '019cfc3b-03d8-7309-9eae-0ba9ba5967f3'),
  ('019cfc3a-e6ae-7544-adb0-c3fb6505c601', '019dc041-cdbb-794a-b903-bbcfd120bd1b', '019cfc3b-03d8-731c-8957-4f2dc4f8464f'),
  ('019dc041-f195-7a43-a2b0-cab9e2a68e18', '019dc041-cdbb-794a-b903-bbcfd120bd1b', '019d6d06-2149-7ed5-a52b-64215640186a'),
  ('019dc041-f169-7197-9cb5-ebd8bccacd65', '019dc041-cdae-70d2-b7d7-68c4a4499a0b', '019d6d06-2210-7187-b6ea-5d10e2e048ab'),
  ('019cfc3a-e6ae-7555-8d31-5008539d17ab', '019dc041-cdae-70d2-b7d7-68c4a4499a0b', '019cfc3b-03d8-732e-9d55-1e74ebff11dd'),
  ('019cfc3a-e6ae-7566-b871-b95b5aeebb1a', '019dc041-cdaa-7f9b-a2fd-e9f14bb3fa82', '019cfc3b-03d8-7340-8664-d8b5b646ef84'),
  ('019dc041-f155-7cc3-8b3c-9062cc8eea87', '019dc041-cdaa-7f9b-a2fd-e9f14bb3fa82', '019d6d06-3071-78cb-871f-945422034de3'),
  ('019dc041-f18e-71b5-95c0-7731a95fd05b', '019dc041-cdb9-7e4b-9a53-a63312954176', '019d6d06-31c7-75c2-ba60-479deb454553'),
  ('019cfc3a-e6ae-7577-a525-ed370f8863f1', '019dc041-cdb9-7e4b-9a53-a63312954176', '019cfc3b-03d8-7350-b433-2aee587b1912'),
  ('019dc041-f19d-7f64-99d4-d7423f47bb59', '019dc041-cdbd-7d8f-bce2-d190d6b9fe0f', '019d6d06-3485-71cd-bcef-9c7db6924832'),
  ('019cfc3a-e6ae-7587-834d-13e53c2c90e0', '019dc041-cdbd-7d8f-bce2-d190d6b9fe0f', '019cfc3b-03d8-7361-9a9a-915783d54e1c'),
  ('019dc041-f11e-7fbe-9858-b949e70aca78', '019dc041-cda6-7008-8300-c1fbf11bc989', '019d6d06-37a3-7312-bb34-9c497b8b9d64'),
  ('019cfc3a-e6ae-7597-bb5d-19ca4dda8646', '019dc041-cda6-7008-8300-c1fbf11bc989', '019cfc3b-03d8-7371-9e2d-f3aa5ad324a9'),
  ('019d20e6-de36-71a5-9651-69e938c91a09', '019dc041-cdaa-7ba5-9b46-be01f1de85c0', '019cfde8-86d5-734d-add4-3f4fc05c1173'),
  ('019dc041-f153-7645-aa6d-15ab8391ae0b', '019dc041-cdaa-7ba5-9b46-be01f1de85c0', '019d69a4-f7b9-7222-bb93-cb745d47be9f'),
  ('019dc041-f160-7af9-8fef-f43e70789db2', '019dc041-cdac-78a4-913a-de912ae9d578', '019d69a5-8576-7b4d-9c18-7aa1f4451540'),
  ('019d20e7-2b3a-7260-8dea-2adb77cefaf8', '019dc041-cdac-78a4-913a-de912ae9d578', '019cfdee-854c-7472-b74c-3a33a8485cea'),
  ('019dc041-f170-764b-b78d-65751c1d0a7c', '019dc041-cdaf-7ff7-80bb-6d9478a4e1a3', '019d69a5-bdd0-7753-98b2-253827e5d3b5'),
  ('019d1d01-32e2-77c6-948a-f4f114337a4b', '019dc041-cdaf-7ff7-80bb-6d9478a4e1a3', '019cfded-5ed2-7f73-80a1-9cfea07679c8'),
  ('019dc041-f163-70e9-9655-923dd9f4c6cd', '019dc041-cdac-7e96-a6b5-f65c6c9de73f', '019d69a5-e53a-7e57-886d-a4524d3da4f8'),
  ('019d20e7-1e9e-70d6-a37c-01288b77a1df', '019dc041-cdac-7e96-a6b5-f65c6c9de73f', '019cfdf0-6c9d-76f1-ab80-f96bc3670fb0'),
  ('019d1bfd-bc5a-7c69-aa96-3572e31fc28c', '019dc041-cda7-7a86-b9fd-f561081827d6', '019d17a1-2723-733a-a21e-4630e4370046'),
  ('019d36db-d6d1-7187-8fff-de9550790327', '019dc041-cda2-7edc-8d59-84e2bbad13cc', '019d17a6-13f6-74f3-bcaa-6974580b57db'),
  ('019d39d5-4b44-7998-8b2c-b6ab6f67ace9', '019dc041-cdb9-7077-a77b-80c5bad48394', '019d1be8-3681-73b5-bf13-078b7e3c9096'),
  ('019d409c-e79b-73da-8bf0-a92c7813c6aa', '019dc041-cdbc-78e2-afea-8ff2805e796c', '019d1bee-0857-793a-b76b-50b6ead8ddbb'),
  ('019d409d-809a-7cc7-9da8-890c704bdcc6', '019dc041-cda6-77b5-a1cc-02cfb3ab2b69', '019d17ac-724a-732c-b83a-23cd257a74e5'),
  ('019d1bfe-f678-7062-91da-fa2b9c2ddbe6', '019dc041-cdbd-708d-bb64-ab7f38eb2c70', '019d1bf8-97d5-79ac-929e-286838af5508'),
  ('019d409c-257e-7837-acd8-a7247a352263', '019dc041-cdad-7d13-9cc1-3059910766af', '019d1bfd-da4c-73d9-b2c9-a6c628b23bdd'),
  ('019d409a-bd07-7d46-a76c-2e12f44eb3fb', '019dc041-cda1-7d72-a883-3c28ed66b546', '019d1c00-e58f-73c9-a402-a822d45df1f9'),
  ('019dbbda-867a-71f8-b97e-7567c19b0add', '019dc041-cda9-7d02-9d0e-457c85d4a537', '019d1c05-bf03-747d-be95-60ee1687b24b'),
  ('019d271d-3bc8-7b9b-900b-4a070ee1c013', '019dc041-cdb0-759c-bd72-9fe338dc3bba', '019d1c0b-64ab-7160-8bd6-36dfdffb1210'),
  ('019d271d-892d-7aad-a425-802f4111cba4', '019dc041-cdab-7a83-8ff0-02fe2934137c', '019d1c0e-5395-709b-a44a-b9b9bc85907b'),
  ('019d271d-ef38-78cb-88c0-8c5acf45b70f', '019dc041-cdaf-771c-b89c-48e0ec0dbc85', '019d1c11-4999-78e3-9980-2298b44d436d'),
  ('019d271f-3089-78a6-9be8-bcd03d2c67f8', '019dc041-cdad-78cb-9f8e-7e8d7169ca5f', '019d1c23-7217-7141-8e0f-d21a9ed554f0'),
  ('019d271f-9586-7fd9-a722-867fb0a85f45', '019dc041-cdb5-7088-8a1a-2e3a5e3dcfd6', '019d1c22-1887-706e-82aa-9a552138fde7'),
  ('019d271f-e218-71b0-aeb2-6919275316ef', '019dc041-cdb3-7c5a-8701-e0e3ad213a88', '019d1c25-239d-7f37-aaea-9f4e485aa23d'),
  ('019d2720-2f90-7388-9b50-19f89cfcd488', '019dc041-cdaf-76f7-a113-d2d496a561b4', '019d1c26-a105-7dbb-91c4-7219b21a7b25'),
  ('019dc045-24c5-7d5d-8afa-a1ac45291a2e', '019dc045-24c3-72d8-8811-a9378f4875f8', '019da2e8-4802-73ea-bf4a-08974766950d'),
  ('019d1d0d-2a12-77fd-95cd-d45001e9cea1', '019dc041-cdbc-7958-848e-8abf6bc217d7', '019cfc3b-03d6-74cf-adec-1dce41f631eb'),
  ('019dba03-f8ad-7c9f-8911-7a2feec50c18', '019dc041-cda3-79f3-92e0-e42f3ba9eab8', '019d6d05-930d-7af7-9eb5-1bbefadba3a4'),
  ('019d1d0d-2a12-78fd-af18-feca7f775db6', '019dc041-cdb8-7ecf-be55-9b725c9abab1', '019cfc3b-03d5-768e-91cf-8ac59b20fb0e'),
  ('019d1d0d-2a12-7a5e-8494-300c8e8979b0', '019dc041-cdbe-71eb-85dc-de5d68ddc4cd', '019cfc3b-03d6-74e0-bdbe-4aca898a0bbd'),
  ('019d1d0d-2a12-7b45-a304-272c5131be99', '019dc041-cda4-7857-9b76-b351b45e3396', '019cfc3b-03d6-74f2-bcff-7bd89d0061f5'),
  ('019d1d0d-2a12-7c29-b2d4-d8116beb889c', '019dc041-cda0-7fd2-8c3d-357876068082', '019cfc3b-03d6-7502-b5c1-a9e422f91ac7'),
  ('019dc054-e11e-7b18-a7ef-4b60bf72d724', '019dc041-cdb5-7a65-b5a9-52a2db154dd1', '019d6d05-aa97-77be-8913-cae20a56f25f'),
  ('019d39d5-5fdb-7865-9a18-f35ef763d762', '019dc041-cda3-78d5-bfd3-ec0897715b7d', '019d1be8-3681-73b5-bf13-078b7e3c9096'),
  ('019d1d0d-2a12-7d05-aa0d-3e757c90def6', '019dc041-cdac-7bd8-a6ec-56b39473e212', '019cfc3b-03d6-7514-9347-be4597ff1eee'),
  ('019dba03-f8ad-7d72-b536-cf05ee31438a', '019dc041-cdbd-7296-9cc7-fb8f61459720', '019d6d05-b0ac-79e3-8edc-0d6d436d148b'),
  ('019d1d0d-2a12-7eea-8534-4738787b8ee3', '019dc041-cdb3-7b85-a553-671d0a7a5e7b', '019cfc3b-03d6-752a-adc5-19033009d65d'),
  ('019d1d0d-2a12-7fca-b18d-20870e5070f6', '019dc041-cda7-715c-8c97-d267e099d50d', '019cfc3b-03d6-753c-9ec3-7cf48219b1e8'),
  ('019dc04d-36ab-7fb0-b2cf-1f3b44089006', '019dc041-cdb6-75c7-a2bc-f815c620e19a', '019d17ac-724a-732c-b83a-23cd257a74e5'),
  ('019d1d0d-2a13-7187-bb9a-3d240d181f63', '019dc041-cdac-7846-8f40-250fb66d7007', '019cfc3b-03d6-754e-a4de-ca223b302965'),
  ('019dba03-f8ad-7e25-a578-9f1f2b7802b7', '019dc041-cdbb-73d7-b5f9-cd4c0312b485', '019d6d05-c13a-799a-bda0-efd70a6a1b75'),
  ('019d1d0d-2a13-725e-bf19-d750818f5e29', '019dc041-cdaf-7012-a53b-e88dae8fc922', '019cfc3b-03d6-755e-8d42-32464c0bf236'),
  ('019dba03-f8ad-7edd-81f2-c6a3cda2a493', '019dc041-cdbd-7b5c-9e15-26924ef9b82e', '019d6d05-c823-7069-95b6-1cdf23f82a9a'),
  ('019d1d0d-2a13-732c-b0f5-67b22f750e16', '019dc041-cda7-7783-85bf-37d569cbb1ef', '019cfc3b-03d6-7570-ac57-ad240fe24183'),
  ('019dba03-f8ad-7f9c-992a-3ea71dc9cae2', '019dc041-cdbc-7e33-8382-ab6aaf0084e7', '019d6d05-d8e2-7e53-8fe6-54fd10424a8b'),
  ('019d1d0d-2a13-73fa-a275-c4328e51fc99', '019dc041-cdab-7e6b-b5c7-4143bcd2f4a3', '019cfc3b-03d6-7581-bf1d-f627860d73b0'),
  ('019dba03-f8ae-70df-b715-e1e605646352', '019dc041-cdb8-7a4d-94d5-a21ca9203211', '019d6d05-d9e8-75ca-9545-64d46c8fb6cb'),
  ('019d1d0d-2a13-74fa-885f-59cf33778864', '019dc041-cda5-78aa-973c-a5b63b3a8520', '019cfc3b-03d6-7592-be7d-af8b5a85a818'),
  ('019dba03-f8ae-71c3-a093-dfba9f67e704', '019dc041-cdb1-72ff-9368-c91850ec680c', '019d6d05-e5d5-7c5b-8b55-90aeb47adb3e'),
  ('019d1d0d-2a13-7608-a7ea-8df61acf411f', '019dc041-cda5-7719-982b-c9d8f4029cc1', '019cfc3b-03d6-75a3-90b8-c82d7afdc00a'),
  ('019dba03-f8ae-7278-b85d-f863d3572a47', '019dc041-cdbf-7271-8a6f-fd52596a3f63', '019d6d05-f9be-789f-b21f-bfe68b1572d8'),
  ('019d1d0d-2a13-76de-a67e-0806fa6f4239', '019dc041-cdae-7ada-81bd-de23396671c9', '019cfc3b-03d6-75d8-a0f7-c6fd8a35c6f9'),
  ('019dba03-f8ae-732b-b9b1-b86066186206', '019dc041-cdbd-73fd-b792-9169a21011ef', '019d6d05-fee6-7d60-b8f2-ea216d891c59'),
  ('019d1d0d-2a13-77ad-8d8a-9b52e88749c8', '019dc041-cda6-7747-bc7d-065cd486c99c', '019cfc3b-03d6-75ee-922c-1e736369b5d4'),
  ('019d1d0d-2a13-787a-b3cb-e673420bae1f', '019dc041-cdbd-76ce-9441-95b4fe27cd26', '019cfc3b-03d6-7600-9bd2-f43441e40ace'),
  ('019dba03-f8ae-7437-bf0d-00ff64ac8491', '019dc041-cdae-7ca1-b029-69b692e48ec0', '019d6d06-108e-726f-809e-13b31796be1c'),
  ('019d1d0d-2a13-7948-9867-57ec1faaf50c', '019dc041-cdb6-7cbc-9443-6c8865deeb50', '019cfc3b-03d8-7309-9eae-0ba9ba5967f3'),
  ('019dba03-f8ae-74f4-b360-50a03816658a', '019dc041-cda7-719e-bf8c-1e9d832a037e', '019d6d06-1dd2-7649-938a-01851a1098ae'),
  ('019d1d0d-2a13-7a28-ae18-018b7cb0a03b', '019dc041-cdb8-79c0-a975-2e0233679d79', '019cfc3b-03d8-731c-8957-4f2dc4f8464f'),
  ('019dba03-f8ae-75bb-a070-23b0e82b000d', '019dc041-cdb7-7f73-89cc-758b8c712a03', '019d6d06-2149-7ed5-a52b-64215640186a'),
  ('019d1d0d-2a13-7b09-a64e-99353acec162', '019dc041-cdbc-7694-a8fd-5609e560a887', '019cfc3b-03d8-732e-9d55-1e74ebff11dd'),
  ('019dba03-f8ae-76d2-b8f1-4017560fdbe2', '019dc041-cda7-71dd-9125-46a7b2633c36', '019d6d06-2210-7187-b6ea-5d10e2e048ab'),
  ('019d1d0d-2a13-7be0-a676-a11bf15d0ffd', '019dc041-cdaa-7a66-a72e-5b30a53158e2', '019cfc3b-03d8-7340-8664-d8b5b646ef84'),
  ('019dba03-f8ae-7790-a8db-97daae148258', '019dc041-cda6-71ab-8c23-a7ac0bf2471b', '019d6d06-3071-78cb-871f-945422034de3'),
  ('019d1d0d-2a13-7ce6-9913-9c01116eaf2a', '019dc041-cdaf-7fd2-a52e-c9db596406a1', '019cfc3b-03d8-7350-b433-2aee587b1912'),
  ('019dba03-f8ae-7891-a3cb-4b1c2ca15e79', '019dc041-cdc0-72f1-b3bd-3cc78326e0a6', '019d6d06-31c7-75c2-ba60-479deb454553'),
  ('019d1d0d-2a13-7e04-8b8c-a1095cd91add', '019dc041-cdb2-7019-a02e-a45c1168c02e', '019cfc3b-03d8-7361-9a9a-915783d54e1c'),
  ('019dba03-f8ae-799a-8807-90a9df48728b', '019dc041-cdaf-7a4f-8524-7c3ded2c40e6', '019d6d06-3485-71cd-bcef-9c7db6924832'),
  ('019d1d0d-2a13-7edd-9611-9407c5b8fef1', '019dc041-cda8-7745-b9e1-ee130c9b230b', '019cfc3b-03d8-7371-9e2d-f3aa5ad324a9'),
  ('019dba03-f8ae-7ab9-9020-a25adb3cd720', '019dc041-cdaf-789c-9d26-8575c420d304', '019d6d06-37a3-7312-bb34-9c497b8b9d64'),
  ('019d1d0d-29d4-72a7-8cd5-45831f58077c', '019dc041-cda4-75f9-a1f4-45ed3ef6acee', '019cfc3b-03d2-75a9-b281-305c0ec46c9c'),
  ('019dba03-f7fb-7c17-a754-e9c1155e3b30', '019dc041-cdba-7b5e-9dc3-757b5703f251', '019d69a5-28fa-70a2-92ea-73d8f2a27d3f'),
  ('019d1d0d-29d4-73b4-86d4-949fe378c4d9', '019dc041-cdb6-7aae-b5e8-a147b638a269', '019cfc3b-03d1-7eb9-b5d5-588deb7bd4a7'),
  ('019dba03-f7fb-7d21-883b-b523d98ba37e', '019dc041-cdbe-7117-b79d-3bc91690829a', '019d69a4-8117-73d6-9aec-69530d59d8da'),
  ('019d20e7-024e-7678-aab8-a4f3d4131f97', '019dc041-cdbc-7178-bca6-4360e15b4cf0', '019cfde8-86d5-734d-add4-3f4fc05c1173'),
  ('019dba03-f950-7825-8791-dffd2a5e7e3a', '019dc041-cdbd-784c-be55-31f39c02a82b', '019d69a4-f7b9-7222-bb93-cb745d47be9f'),
  ('019d1d0d-2a67-7a7d-aa5f-010de2d9c98e', '019dc041-cdbc-728c-b15a-fb527074d710', '019cfded-5ed2-7f73-80a1-9cfea07679c8'),
  ('019dba03-f94f-7e81-bde0-325a0173fdd8', '019dc041-cdbf-79c9-9852-cb0d9012eb47', '019d69a5-bdd0-7753-98b2-253827e5d3b5'),
  ('019d20e7-6444-7354-9cbd-183bd5d123c2', '019dc041-cdb7-752b-9fa5-b18502a23fbc', '019cfdee-854c-7472-b74c-3a33a8485cea'),
  ('019dba03-f94f-7fb6-8d74-b903f9611d22', '019dc041-cdaf-7353-a1f5-37f61a6147e1', '019d69a5-8576-7b4d-9c18-7aa1f4451540'),
  ('019d1d0d-2a68-727a-af66-1191170bf46e', '019dc041-cdbe-7151-8c3d-d550c95b42a4', '019cfdf0-6c9d-76f1-ab80-f96bc3670fb0'),
  ('019dba03-f951-7ef7-90bc-f15848f6f42a', '019dc041-cdaf-7d08-81dc-bbe193981a61', '019d69a5-e53a-7e57-886d-a4524d3da4f8'),
  ('019d1d0d-2a68-7374-9c22-12476c20a361', '019dc041-cdb4-799a-bd77-f643f8229402', '019d17a1-2723-733a-a21e-4630e4370046'),
  ('019d1d0d-2a68-746b-b5d0-cfa838348e4a', '019dc041-cdaa-7471-849f-8fc95876de03', '019d1bf8-97d5-79ac-929e-286838af5508'),
  ('019dbbdc-4593-70a6-80f9-8a474e5ec2c5', '019dc041-cda9-7641-9183-94078d7da41f', '019d1c05-bf03-747d-be95-60ee1687b24b'),
  ('019d271d-3bc8-7dd0-ae1e-8a1580674560', '019dc041-cdbd-7320-a33b-78659edc0340', '019d1c0b-64ab-7160-8bd6-36dfdffb1210'),
  ('019d271d-9f3d-7ce9-87f2-582b0e12d488', '019dc041-cdb6-7ce3-b54a-e35a4c66101a', '019d1c0e-5395-709b-a44a-b9b9bc85907b'),
  ('019d271e-df84-79cb-8252-b6b4167e1b84', '019dc041-cda9-7811-b4a1-5a5821dd9aff', '019d1c11-4999-78e3-9980-2298b44d436d'),
  ('019d271f-4aa4-7a61-bca4-6e01982a8bc4', '019dc041-cdae-74da-88d0-e16507e028b3', '019d1c23-7217-7141-8e0f-d21a9ed554f0'),
  ('019d271f-a485-7581-9ce9-5e89aed35676', '019dc041-cdbc-7647-967f-553bb9c0e7a7', '019d1c22-1887-706e-82aa-9a552138fde7'),
  ('019d271f-ef5f-76af-a1a6-7c79e3c3a3e2', '019dc041-cda2-7fc4-8db7-056406c24b22', '019d1c25-239d-7f37-aaea-9f4e485aa23d'),
  ('019d2720-47fb-7dc1-ab43-32dcbff73541', '019dc041-cdb8-759a-8e99-d0d91a62a140', '019d1c26-a105-7dbb-91c4-7219b21a7b25'),
  ('019d36dc-046c-7b55-8fe3-462863b2eaee', '019dc041-cda5-76f3-a44f-d9b05da32f22', '019d17a6-13f6-74f3-bcaa-6974580b57db'),
  ('019d409d-08e1-70e7-89b1-047ee4d16255', '019dc041-cdaf-74d0-9e95-362db1bef678', '019d1bee-0857-793a-b76b-50b6ead8ddbb'),
  ('019d409d-4b20-7525-ba78-33b069b9680c', '019dc041-cdb4-76ed-851a-2beb5b666aff', '019d17ac-724a-732c-b83a-23cd257a74e5'),
  ('019d409b-dd75-7be6-90ec-d14b3fbab031', '019dc041-cdbe-7580-ba4b-6eca5d83b769', '019d1c00-e58f-73c9-a402-a822d45df1f9'),
  ('019d409c-4990-7567-9446-713149a13449', '019dc041-cdb8-7851-a943-854ab43eab41', '019d1bfd-da4c-73d9-b2c9-a6c628b23bdd'),
  ('019dc041-f18d-7f2f-ab08-37e0fda0ff02', '019dc041-cdb9-7dfc-ab90-0485d98729c6', '019d69a5-28fa-70a2-92ea-73d8f2a27d3f'),
  ('019cfc3a-e6a8-714f-9498-bf3792f5d6db', '019dc041-cdb9-7dfc-ab90-0485d98729c6', '019cfc3b-03d2-75a9-b281-305c0ec46c9c'),
  ('019dc041-f198-7f85-acf0-18e1c3940dc4', '019dc041-cdbc-779d-a235-0f5090e94647', '019d69a4-8117-73d6-9aec-69530d59d8da'),
  ('019cfc3a-e6a8-7159-b93e-18ee20e3a368', '019dc041-cdbc-779d-a235-0f5090e94647', '019cfc3b-03d1-7eb9-b5d5-588deb7bd4a7'),
  ('019dc041-f11e-79fc-9e9f-0a2a1b2272d7', '019dc041-cda5-7eb9-bcfe-056f971e963a', '019d6d05-930d-7af7-9eb5-1bbefadba3a4'),
  ('019cfc3a-e6a8-71f5-b5d9-80b0a04a1fd0', '019dc041-cda5-7eb9-bcfe-056f971e963a', '019cfc3b-03d6-74cf-adec-1dce41f631eb'),
  ('019dc041-f16c-7e85-8549-bb3f72617260', '019dc041-cdaf-717b-b9ad-aafaff96fb88', '019d6d05-9935-76e8-a805-ea6541cb99dd'),
  ('019cfc3a-e6a8-7257-8dab-d9ae87986048', '019dc041-cdaf-717b-b9ad-aafaff96fb88', '019cfc3b-03d5-768e-91cf-8ac59b20fb0e'),
  ('019cfc3a-e6a8-7265-b40f-501dff21daeb', '019dc041-cdb6-719f-bc1a-892e666151fa', '019cfc3b-03d6-74e0-bdbe-4aca898a0bbd'),
  ('019dc041-f180-7257-99f2-9658c43c5088', '019dc041-cdb6-719f-bc1a-892e666151fa', '019d6d05-9a7a-7234-aa16-3d519c8131c9'),
  ('019dc041-f15a-741f-a5b6-f9773e3db5ca', '019dc041-cdab-79b8-a186-76ca77ab82cc', '019d6d05-a758-7fce-aadd-aafcc11baebe'),
  ('019cfc3a-e6aa-709e-b5a2-845a1d93b36d', '019dc041-cdab-79b8-a186-76ca77ab82cc', '019cfc3b-03d6-74f2-bcff-7bd89d0061f5'),
  ('019cfc3a-e6a8-726f-bc07-24be5ea16d8f', '019dc041-cdad-7c13-8da1-58152724b8e1', '019cfc3b-03d6-7502-b5c1-a9e422f91ac7'),
  ('019dc041-f168-7168-beeb-170d3a7d5f02', '019dc041-cdad-7c13-8da1-58152724b8e1', '019d6d05-aa97-77be-8913-cae20a56f25f'),
  ('019dc041-f1a3-7f19-ab1a-54ba8dd2e8cd', '019dc041-cdbf-7ff2-9860-a546efc1f082', '019d6d05-b0ac-79e3-8edc-0d6d436d148b'),
  ('019cfc3a-e6a8-727a-b219-b887318ae5b5', '019dc041-cdbf-7ff2-9860-a546efc1f082', '019cfc3b-03d6-7514-9347-be4597ff1eee'),
  ('019cfc3a-e6a8-7285-b3e5-488a2dbdea7d', '019dc041-cdb8-76fe-9f80-c28e11607baf', '019cfc3b-03d6-752a-adc5-19033009d65d'),
  ('019dc041-f188-7407-b8fd-290f95a24e1f', '019dc041-cdb8-76fe-9f80-c28e11607baf', '019d6d05-b656-79e4-b3df-2c0c6414f64b'),
  ('019cfc3a-e6aa-7071-b259-94bb4f849c3f', '019dc041-cdac-791b-9b23-6297c720424d', '019cfc3b-03d6-753c-9ec3-7cf48219b1e8'),
  ('019dc041-f160-7f62-b30f-25669e30605f', '019dc041-cdac-791b-9b23-6297c720424d', '019d6d05-b99e-7e0e-96dd-e1c9da4bdae3'),
  ('019dc04d-6d9d-7991-9f9f-99bada127e1f', '019dc041-cda5-750b-9031-3e795bc04d6c', '019d17ac-724a-732c-b83a-23cd257a74e5'),
  ('019dc041-f124-79fa-b09a-b0375df439a2', '019dc041-cda6-7a3a-b53f-d0c37ba006ba', '019d6d05-c13a-799a-bda0-efd70a6a1b75'),
  ('019cfc3a-e6ab-7ec3-8690-caded282a194', '019dc041-cda6-7a3a-b53f-d0c37ba006ba', '019cfc3b-03d6-754e-a4de-ca223b302965'),
  ('019cfc3a-e6a8-728f-ae7c-bac19061fe18', '019dc041-cdac-7a9f-90b2-0e4c22fbaa44', '019cfc3b-03d6-755e-8d42-32464c0bf236'),
  ('019dc041-f161-7b55-a822-73e204d8d378', '019dc041-cdac-7a9f-90b2-0e4c22fbaa44', '019d6d05-c823-7069-95b6-1cdf23f82a9a'),
  ('019dc041-f122-7b22-b4e1-bf4568af1cd5', '019dc041-cda6-75a3-b40a-4212b1843b70', '019d6d05-d8e2-7e53-8fe6-54fd10424a8b'),
  ('019cfc3a-e6a8-7299-9f2d-55db1c8ef1bc', '019dc041-cda6-75a3-b40a-4212b1843b70', '019cfc3b-03d6-7570-ac57-ad240fe24183'),
  ('019cfc3a-e6a8-72a3-8da4-a235300c7c58', '019dc041-cdb4-7221-9634-201a532dcff3', '019cfc3b-03d6-7581-bf1d-f627860d73b0'),
  ('019dc041-f17a-7acc-893e-7076b5197509', '019dc041-cdb4-7221-9634-201a532dcff3', '019d6d05-d9e8-75ca-9545-64d46c8fb6cb'),
  ('019cfc3a-e6a8-72ad-a3a3-f547137cc52d', '019dc041-cda8-7b59-9569-ab3183e825aa', '019cfc3b-03d6-7592-be7d-af8b5a85a818'),
  ('019dc041-f137-792d-b1c7-53aa39b98ed8', '019dc041-cda8-7b59-9569-ab3183e825aa', '019d6d05-e5d5-7c5b-8b55-90aeb47adb3e'),
  ('019dc041-f194-778c-a8f7-062fdc4c892f', '019dc041-cdbb-75a6-a28a-43550644844e', '019d6d05-f9be-789f-b21f-bfe68b1572d8'),
  ('019cfc3a-e6a8-72cc-9c70-4f809d2600b6', '019dc041-cdbb-75a6-a28a-43550644844e', '019cfc3b-03d6-75a3-90b8-c82d7afdc00a'),
  ('019cfc3a-e6a8-72d7-a5f0-2ab7097bce41', '019dc041-cda6-7778-b8ce-4b180f1da38e', '019cfc3b-03d6-75d8-a0f7-c6fd8a35c6f9'),
  ('019dc041-f122-7e70-a9a4-e1e245c2dcf9', '019dc041-cda6-7778-b8ce-4b180f1da38e', '019d6d05-fee6-7d60-b8f2-ea216d891c59'),
  ('019cfc3a-e6a8-72e2-94d6-3dc1299e526f', '019dc041-cda8-7b33-9be3-66775a09e623', '019cfc3b-03d6-75ee-922c-1e736369b5d4'),
  ('019dc041-f137-7844-a352-cea952a74e87', '019dc041-cda8-7b33-9be3-66775a09e623', '019d6d06-0398-7088-8098-0484a6aa2fea'),
  ('019cfc3a-e6ab-7ed4-9f9c-52aadb63fbd5', '019dc041-cdaa-70f5-a60f-a3e4410b9578', '019cfc3b-03d6-7600-9bd2-f43441e40ace'),
  ('019dc041-f148-74d0-9290-d5526bf7192d', '019dc041-cdaa-70f5-a60f-a3e4410b9578', '019d6d06-108e-726f-809e-13b31796be1c'),
  ('019dc041-f196-7b76-80f0-27a0aa9c1cda', '019dc041-cdbb-7eab-ade8-2aa9203a7406', '019d6d06-1dd2-7649-938a-01851a1098ae'),
  ('019cfc3a-e6a8-72ec-a92b-a874aa5b09aa', '019dc041-cdbb-7eab-ade8-2aa9203a7406', '019cfc3b-03d8-7309-9eae-0ba9ba5967f3'),
  ('019dc041-f187-77d5-b566-bc6880ba439d', '019dc041-cdb8-713e-913e-3b8df6f268c9', '019d6d06-2149-7ed5-a52b-64215640186a'),
  ('019cfc3a-e6ab-7ee2-9376-a79c13377511', '019dc041-cdb8-713e-913e-3b8df6f268c9', '019cfc3b-03d8-731c-8957-4f2dc4f8464f'),
  ('019dc041-f145-77c9-8c56-9738dd1fbfea', '019dc041-cda9-7cc4-86fb-9b898e51191f', '019d6d06-2210-7187-b6ea-5d10e2e048ab'),
  ('019cfc3a-e6a8-72f7-8be8-a360f69d985e', '019dc041-cda9-7cc4-86fb-9b898e51191f', '019cfc3b-03d8-732e-9d55-1e74ebff11dd'),
  ('019dc041-f18e-74ff-9f54-5811351b213d', '019dc041-cdb9-7e97-8340-0f25b3aa9b21', '019d6d06-3071-78cb-871f-945422034de3'),
  ('019cfc3a-e6ab-7ef2-898a-7eccb5b0aa72', '019dc041-cdb9-7e97-8340-0f25b3aa9b21', '019cfc3b-03d8-7340-8664-d8b5b646ef84'),
  ('019cfc3a-e6aa-7080-a814-eb7bec8d81cc', '019dc041-cdbf-7a9e-b58d-8e3224f045be', '019cfc3b-03d8-7350-b433-2aee587b1912'),
  ('019dc041-f1a2-7eb9-a3cb-7fd5e438bb55', '019dc041-cdbf-7a9e-b58d-8e3224f045be', '019d6d06-31c7-75c2-ba60-479deb454553'),
  ('019dc041-f17c-7cd0-8bbb-49b91a8fd9db', '019dc041-cdb5-715a-9f6d-057011e25192', '019d6d06-3485-71cd-bcef-9c7db6924832'),
  ('019cfc3a-e6ab-7f00-a2f0-aedeb1604fd2', '019dc041-cdb5-715a-9f6d-057011e25192', '019cfc3b-03d8-7361-9a9a-915783d54e1c'),
  ('019cfc3a-e6aa-708f-bb8b-9665f0c1c436', '019dc041-cda4-7592-afd0-450efa3f03c8', '019cfc3b-03d8-7371-9e2d-f3aa5ad324a9'),
  ('019dc041-f110-740c-8801-e68f6a0b774a', '019dc041-cda4-7592-afd0-450efa3f03c8', '019d6d06-37a3-7312-bb34-9c497b8b9d64'),
  ('019dc041-f186-708d-bb7c-3a8557130674', '019dc041-cdb7-7d24-925e-d8e684347dd1', '019d69a4-f7b9-7222-bb93-cb745d47be9f'),
  ('019d20e6-aa4c-70f9-908f-02f7610971ed', '019dc041-cdb7-7d24-925e-d8e684347dd1', '019cfde8-86d5-734d-add4-3f4fc05c1173'),
  ('019dc059-66f7-740e-9ceb-d2ba3580e8a5', '019dc059-66f2-7c36-92f6-34e872a13fe5', '019da5b2-2f7e-795a-8aab-fea24addf8d5'),
  ('019dbc0c-0b52-7086-8283-fdbad81f6b59', '019dc041-ce32-712b-93bf-79db5e0a7433', '019da5b3-3452-77b1-944c-ad84ab919340'),
  ('019d1d01-13e8-7e85-b60c-96c589e3efa2', '019dc041-cda4-7c28-ab58-92bc4bf9747d', '019cfded-5ed2-7f73-80a1-9cfea07679c8'),
  ('019dc041-f113-7eab-9049-ac4181d832d2', '019dc041-cda4-7c28-ab58-92bc4bf9747d', '019d69a5-bdd0-7753-98b2-253827e5d3b5'),
  ('019d20e6-639d-7de2-a3f4-345b222add3e', '019dc041-cdb3-7233-b327-cfaecf30dc7b', '019cfdee-854c-7472-b74c-3a33a8485cea'),
  ('019dc041-f177-7d9a-b723-0136c07e8074', '019dc041-cdb3-7233-b327-cfaecf30dc7b', '019d69a5-8576-7b4d-9c18-7aa1f4451540'),
  ('019dbbdc-fee9-7a89-9e59-378624e1cc3d', '019dc041-cda3-7eb6-afe3-65a70a2074cb', '019d1c05-bf03-747d-be95-60ee1687b24b'),
  ('019d271d-3bc8-715b-a631-c098461c9605', '019dc041-cda9-72c7-b990-0086c28bc3ff', '019d1c0b-64ab-7160-8bd6-36dfdffb1210'),
  ('019d271d-71ad-74f6-a38d-54b605523b7a', '019dc041-cdb1-7609-8394-2033f502e42f', '019d1c0e-5395-709b-a44a-b9b9bc85907b'),
  ('019d271d-d6ff-7448-820a-e599e9fda7be', '019dc041-cda5-7c65-be2d-3da9ba242067', '019d1c11-4999-78e3-9980-2298b44d436d'),
  ('019d271f-192c-7787-a80e-4fc1474500cd', '019dc041-cdbe-7738-8f06-5a966f529ce8', '019d1c23-7217-7141-8e0f-d21a9ed554f0'),
  ('019d271f-7fc7-70d1-9cfb-2f0cefff16ce', '019dc041-cda9-7cd9-9223-9991bd3153b8', '019d1c22-1887-706e-82aa-9a552138fde7'),
  ('019d271f-cd56-7c76-8451-331fc5b2ee4e', '019dc041-cdbb-7be4-b8fc-9a4fba1c32f3', '019d1c25-239d-7f37-aaea-9f4e485aa23d'),
  ('019d2720-1f9c-713c-8301-5d1e15e8e3a3', '019dc041-cdac-7b77-9f78-fb6dccf01166', '019d1c26-a105-7dbb-91c4-7219b21a7b25'),
  ('019d1d01-9246-740b-839c-b88fd4ca9361', '019dc041-cdac-75f7-876d-7b545ae87d33', '019cfdf0-6c9d-76f1-ab80-f96bc3670fb0'),
  ('019dc041-f15f-74a1-a3fa-58170a184ebf', '019dc041-cdac-75f7-876d-7b545ae87d33', '019d69a5-e53a-7e57-886d-a4524d3da4f8'),
  ('019d1bfd-b2ca-73a3-a04c-d048f205a2cf', '019dc041-cda4-7e59-b521-4df129ee45e7', '019d17a1-2723-733a-a21e-4630e4370046'),
  ('019d36db-b14b-73b7-a66a-d9de0f66dd33', '019dc041-cdac-7e48-8c96-21a828a0d92d', '019d17a6-13f6-74f3-bcaa-6974580b57db'),
  ('019d39d5-3cb0-768f-b6ab-e207ec9d4b82', '019dc041-cdad-7d33-a10c-bcbba9098d41', '019d1be8-3681-73b5-bf13-078b7e3c9096'),
  ('019d409c-d90e-71a9-af57-66e5972fcac1', '019dc041-cdbe-7fa5-b363-1296a8f87345', '019d1bee-0857-793a-b76b-50b6ead8ddbb'),
  ('019d409d-71c9-72c1-852e-c4cd636fcaae', '019dc041-cda1-730a-bfea-fe0b8ca7555a', '019d17ac-724a-732c-b83a-23cd257a74e5'),
  ('019d1bfe-e71d-79d0-af05-2c26f2bc5be7', '019dc041-cdb4-768e-ae00-2dd62f29bafa', '019d1bf8-97d5-79ac-929e-286838af5508'),
  ('019d409a-acc8-72be-bbea-7495802c2f6d', '019dc041-cda1-7957-93f1-b988ee064618', '019d1c00-e58f-73c9-a402-a822d45df1f9'),
  ('019d409c-1555-7f70-8f25-e86f84b0cd98', '019dc041-cdaf-70c4-b59b-a2fa8086ef7a', '019d1bfd-da4c-73d9-b2c9-a6c628b23bdd');

INSERT INTO marketplace_product_prices (marketplace_product_id, recorded_at, market_cents, low_cents, mid_cents, high_cents, trend_cents, avg1_cents, avg7_cents, avg30_cents, zero_low_cents) VALUES
  ('019dc041-cda0-7fd2-8c3d-357876068082', '2026-04-20T00:00:00.000Z', NULL, 12, NULL, NULL, NULL, NULL, NULL, NULL, NULL),
  ('019dc041-cda0-7fd2-8c3d-357876068082', '2026-04-21T00:00:00.000Z', NULL, 12, NULL, NULL, NULL, NULL, NULL, NULL, NULL),
  ('019dc041-cda0-7fd2-8c3d-357876068082', '2026-04-22T00:00:00.000Z', NULL, 12, NULL, NULL, NULL, NULL, NULL, NULL, NULL),
  ('019dc041-cda0-7fd2-8c3d-357876068082', '2026-04-23T00:00:00.000Z', NULL, 12, NULL, NULL, NULL, NULL, NULL, NULL, 27),
  ('019dc041-cda0-7fd2-8c3d-357876068082', '2026-04-24T00:00:00.000Z', NULL, 13, NULL, NULL, NULL, NULL, NULL, NULL, 27),
  ('019dc041-cda1-730a-bfea-fe0b8ca7555a', '2026-04-19T20:00:17.000Z', 2032, 2691, 2977, 3000, NULL, NULL, NULL, NULL, NULL),
  ('019dc041-cda1-730a-bfea-fe0b8ca7555a', '2026-04-20T20:00:17.000Z', 2109, 4699, 4849, 4999, NULL, NULL, NULL, NULL, NULL),
  ('019dc041-cda1-730a-bfea-fe0b8ca7555a', '2026-04-21T20:00:17.000Z', 2109, 3000, 4513, 10000, NULL, NULL, NULL, NULL, NULL),
  ('019dc041-cda1-730a-bfea-fe0b8ca7555a', '2026-04-22T20:00:15.000Z', 2109, 3099, 4598, 10000, NULL, NULL, NULL, NULL, NULL),
  ('019dc041-cda1-730a-bfea-fe0b8ca7555a', '2026-04-23T20:00:17.000Z', 2177, 4428, 4799, 10000, NULL, NULL, NULL, NULL, NULL),
  ('019dc041-cda1-7957-93f1-b988ee064618', '2026-04-19T20:00:17.000Z', 3246, 2368, 3273, 3999, NULL, NULL, NULL, NULL, NULL),
  ('019dc041-cda1-7957-93f1-b988ee064618', '2026-04-20T20:00:17.000Z', 3246, 2300, 3246, 3999, NULL, NULL, NULL, NULL, NULL),
  ('019dc041-cda1-7957-93f1-b988ee064618', '2026-04-21T20:00:17.000Z', 3246, 2132, 3144, 3999, NULL, NULL, NULL, NULL, NULL),
  ('019dc041-cda1-7957-93f1-b988ee064618', '2026-04-22T20:00:15.000Z', 3246, 2132, 3078, 3999, NULL, NULL, NULL, NULL, NULL),
  ('019dc041-cda1-7957-93f1-b988ee064618', '2026-04-23T20:00:17.000Z', 3165, 2132, 3067, 4249, NULL, NULL, NULL, NULL, NULL),
  ('019dc041-cda1-7d72-a883-3c28ed66b546', '2026-04-19T00:50:04.000Z', 1403, 1000, NULL, NULL, 1296, 1399, 1319, 1371, NULL),
  ('019dc041-cda1-7d72-a883-3c28ed66b546', '2026-04-20T00:43:18.000Z', 1403, 1000, NULL, NULL, 1260, 1000, 1296, 1360, NULL),
  ('019dc041-cda1-7d72-a883-3c28ed66b546', '2026-04-22T00:43:02.000Z', 1345, 1000, NULL, NULL, 1245, 1225, 1252, 1350, NULL),
  ('019dc041-cda1-7d72-a883-3c28ed66b546', '2026-04-23T00:46:09.000Z', 1345, 1000, NULL, NULL, 1266, 1225, 1252, 1350, NULL),
  ('019dc041-cda1-7d72-a883-3c28ed66b546', '2026-04-24T00:44:56.000Z', 1345, 1100, NULL, NULL, 1235, 1168, 1227, 1331, NULL),
  ('019dc041-cda2-7368-8bbb-dc5a0f502d49', '2026-04-19T00:50:04.000Z', 344, 150, NULL, NULL, 357, 358, 350, 344, NULL),
  ('019dc041-cda2-7368-8bbb-dc5a0f502d49', '2026-04-20T00:43:18.000Z', 344, 150, NULL, NULL, 361, 376, 356, 345, NULL),
  ('019dc041-cda2-7368-8bbb-dc5a0f502d49', '2026-04-22T00:43:02.000Z', 344, 150, NULL, NULL, 359, 357, 352, 344, NULL),
  ('019dc041-cda2-7368-8bbb-dc5a0f502d49', '2026-04-23T00:46:09.000Z', 344, 150, NULL, NULL, 367, 357, 352, 344, NULL),
  ('019dc041-cda2-7368-8bbb-dc5a0f502d49', '2026-04-24T00:44:56.000Z', 344, 150, NULL, NULL, 360, 324, 360, 350, NULL),
  ('019dc041-cda2-7edc-8d59-84e2bbad13cc', '2026-04-19T00:50:04.000Z', 357, 299, NULL, NULL, 287, 345, 339, 364, NULL),
  ('019dc041-cda2-7edc-8d59-84e2bbad13cc', '2026-04-20T00:43:18.000Z', 357, 299, NULL, NULL, 287, 345, 339, 364, NULL),
  ('019dc041-cda2-7edc-8d59-84e2bbad13cc', '2026-04-22T00:43:02.000Z', 357, 299, NULL, NULL, 283, 345, 339, 364, NULL),
  ('019dc041-cda2-7edc-8d59-84e2bbad13cc', '2026-04-23T00:46:09.000Z', 357, 299, NULL, NULL, 288, 345, 339, 364, NULL),
  ('019dc041-cda2-7edc-8d59-84e2bbad13cc', '2026-04-24T00:44:56.000Z', 333, 299, NULL, NULL, 275, 300, 314, 351, NULL),
  ('019dc041-cda2-7fc4-8db7-056406c24b22', '2026-04-20T00:00:00.000Z', NULL, 510, NULL, NULL, NULL, NULL, NULL, NULL, NULL),
  ('019dc041-cda2-7fc4-8db7-056406c24b22', '2026-04-21T00:00:00.000Z', NULL, 510, NULL, NULL, NULL, NULL, NULL, NULL, NULL),
  ('019dc041-cda2-7fc4-8db7-056406c24b22', '2026-04-22T00:00:00.000Z', NULL, 490, NULL, NULL, NULL, NULL, NULL, NULL, NULL),
  ('019dc041-cda2-7fc4-8db7-056406c24b22', '2026-04-23T00:00:00.000Z', NULL, 461, NULL, NULL, NULL, NULL, NULL, NULL, 461),
  ('019dc041-cda2-7fc4-8db7-056406c24b22', '2026-04-24T00:00:00.000Z', NULL, 461, NULL, NULL, NULL, NULL, NULL, NULL, 461),
  ('019dc041-cda3-78d5-bfd3-ec0897715b7d', '2026-04-20T00:00:00.000Z', NULL, 310, NULL, NULL, NULL, NULL, NULL, NULL, NULL),
  ('019dc041-cda3-78d5-bfd3-ec0897715b7d', '2026-04-21T00:00:00.000Z', NULL, 310, NULL, NULL, NULL, NULL, NULL, NULL, NULL),
  ('019dc041-cda3-78d5-bfd3-ec0897715b7d', '2026-04-22T00:00:00.000Z', NULL, 310, NULL, NULL, NULL, NULL, NULL, NULL, NULL),
  ('019dc041-cda3-78d5-bfd3-ec0897715b7d', '2026-04-23T00:00:00.000Z', NULL, 300, NULL, NULL, NULL, NULL, NULL, NULL, 300),
  ('019dc041-cda3-78d5-bfd3-ec0897715b7d', '2026-04-24T00:00:00.000Z', NULL, 300, NULL, NULL, NULL, NULL, NULL, NULL, 300),
  ('019dc041-cda3-79f3-92e0-e42f3ba9eab8', '2026-04-20T00:00:00.000Z', NULL, 154, NULL, NULL, NULL, NULL, NULL, NULL, NULL),
  ('019dc041-cda3-79f3-92e0-e42f3ba9eab8', '2026-04-21T00:00:00.000Z', NULL, 154, NULL, NULL, NULL, NULL, NULL, NULL, NULL),
  ('019dc041-cda3-79f3-92e0-e42f3ba9eab8', '2026-04-22T00:00:00.000Z', NULL, 154, NULL, NULL, NULL, NULL, NULL, NULL, NULL),
  ('019dc041-cda3-79f3-92e0-e42f3ba9eab8', '2026-04-23T00:00:00.000Z', NULL, 154, NULL, NULL, NULL, NULL, NULL, NULL, 154),
  ('019dc041-cda3-79f3-92e0-e42f3ba9eab8', '2026-04-24T00:00:00.000Z', NULL, 154, NULL, NULL, NULL, NULL, NULL, NULL, 154),
  ('019dc041-cda3-7eb6-afe3-65a70a2074cb', '2026-04-19T20:00:17.000Z', 3077, 2869, 3200, 5698, NULL, NULL, NULL, NULL, NULL),
  ('019dc041-cda3-7eb6-afe3-65a70a2074cb', '2026-04-20T20:00:17.000Z', 3059, 2973, 3239, 5698, NULL, NULL, NULL, NULL, NULL),
  ('019dc041-cda3-7eb6-afe3-65a70a2074cb', '2026-04-21T20:00:17.000Z', 3055, 2963, 3241, 5698, NULL, NULL, NULL, NULL, NULL),
  ('019dc041-cda3-7eb6-afe3-65a70a2074cb', '2026-04-22T20:00:15.000Z', 3054, 2962, 3242, 5698, NULL, NULL, NULL, NULL, NULL),
  ('019dc041-cda3-7eb6-afe3-65a70a2074cb', '2026-04-23T20:00:17.000Z', 3054, 2962, 3239, 4999, NULL, NULL, NULL, NULL, NULL),
  ('019dc041-cda4-7592-afd0-450efa3f03c8', '2026-04-19T20:00:16.000Z', 107, 50, 105, 99900, NULL, NULL, NULL, NULL, NULL),
  ('019dc041-cda4-7592-afd0-450efa3f03c8', '2026-04-20T20:00:16.000Z', 107, 50, 105, 99900, NULL, NULL, NULL, NULL, NULL),
  ('019dc041-cda4-7592-afd0-450efa3f03c8', '2026-04-21T20:00:16.000Z', 108, 50, 105, 99900, NULL, NULL, NULL, NULL, NULL),
  ('019dc041-cda4-7592-afd0-450efa3f03c8', '2026-04-22T20:00:14.000Z', 109, 50, 105, 99900, NULL, NULL, NULL, NULL, NULL),
  ('019dc041-cda4-7592-afd0-450efa3f03c8', '2026-04-23T20:00:16.000Z', 109, 50, 105, 99900, NULL, NULL, NULL, NULL, NULL),
  ('019dc041-cda4-75f9-a1f4-45ed3ef6acee', '2026-04-20T00:00:00.000Z', NULL, 11, NULL, NULL, NULL, NULL, NULL, NULL, NULL),
  ('019dc041-cda4-75f9-a1f4-45ed3ef6acee', '2026-04-21T00:00:00.000Z', NULL, 11, NULL, NULL, NULL, NULL, NULL, NULL, NULL),
  ('019dc041-cda4-75f9-a1f4-45ed3ef6acee', '2026-04-22T00:00:00.000Z', NULL, 11, NULL, NULL, NULL, NULL, NULL, NULL, NULL),
  ('019dc041-cda4-75f9-a1f4-45ed3ef6acee', '2026-04-23T00:00:00.000Z', NULL, 11, NULL, NULL, NULL, NULL, NULL, NULL, 15),
  ('019dc041-cda4-75f9-a1f4-45ed3ef6acee', '2026-04-24T00:00:00.000Z', NULL, 11, NULL, NULL, NULL, NULL, NULL, NULL, 16),
  ('019dc041-cda4-764a-9ce0-6d69b30a7885', '2026-04-19T00:50:04.000Z', 2263, 949, NULL, NULL, 1322, 1408, 1467, 2134, NULL),
  ('019dc041-cda4-764a-9ce0-6d69b30a7885', '2026-04-20T00:43:18.000Z', 2124, 949, NULL, NULL, 1277, 1350, 1445, 2127, NULL),
  ('019dc041-cda4-764a-9ce0-6d69b30a7885', '2026-04-22T00:43:02.000Z', 2124, 949, NULL, NULL, 1307, 2305, 1670, 2129, NULL),
  ('019dc041-cda4-764a-9ce0-6d69b30a7885', '2026-04-23T00:46:09.000Z', 2124, 799, NULL, NULL, 1267, 2305, 1670, 2129, NULL),
  ('019dc041-cda4-764a-9ce0-6d69b30a7885', '2026-04-24T00:44:56.000Z', 2124, 700, NULL, NULL, 1200, 1118, 1494, 2083, NULL),
  ('019dc041-cda4-7857-9b76-b351b45e3396', '2026-04-20T00:00:00.000Z', NULL, 60, NULL, NULL, NULL, NULL, NULL, NULL, NULL),
  ('019dc041-cda4-7857-9b76-b351b45e3396', '2026-04-21T00:00:00.000Z', NULL, 60, NULL, NULL, NULL, NULL, NULL, NULL, NULL),
  ('019dc041-cda4-7857-9b76-b351b45e3396', '2026-04-22T00:00:00.000Z', NULL, 60, NULL, NULL, NULL, NULL, NULL, NULL, NULL),
  ('019dc041-cda4-7857-9b76-b351b45e3396', '2026-04-23T00:00:00.000Z', NULL, 60, NULL, NULL, NULL, NULL, NULL, NULL, 108),
  ('019dc041-cda4-7857-9b76-b351b45e3396', '2026-04-24T00:00:00.000Z', NULL, 60, NULL, NULL, NULL, NULL, NULL, NULL, 105),
  ('019dc041-cda4-7c28-ab58-92bc4bf9747d', '2026-04-19T20:00:20.000Z', 8, 1, 15, 128, NULL, NULL, NULL, NULL, NULL),
  ('019dc041-cda4-7c28-ab58-92bc4bf9747d', '2026-04-20T20:00:18.000Z', 8, 1, 15, 100, NULL, NULL, NULL, NULL, NULL),
  ('019dc041-cda4-7c28-ab58-92bc4bf9747d', '2026-04-21T20:00:18.000Z', 8, 1, 15, 128, NULL, NULL, NULL, NULL, NULL),
  ('019dc041-cda4-7c28-ab58-92bc4bf9747d', '2026-04-22T20:00:17.000Z', 8, 1, 15, 128, NULL, NULL, NULL, NULL, NULL),
  ('019dc041-cda4-7c28-ab58-92bc4bf9747d', '2026-04-23T20:00:18.000Z', 8, 1, 15, 128, NULL, NULL, NULL, NULL, NULL),
  ('019dc041-cda4-7e59-b521-4df129ee45e7', '2026-04-19T20:00:17.000Z', 886, 408, 995, 5100, NULL, NULL, NULL, NULL, NULL),
  ('019dc041-cda4-7e59-b521-4df129ee45e7', '2026-04-20T20:00:17.000Z', 809, 411, 998, 3499, NULL, NULL, NULL, NULL, NULL),
  ('019dc041-cda4-7e59-b521-4df129ee45e7', '2026-04-21T20:00:17.000Z', 813, 411, 998, 5100, NULL, NULL, NULL, NULL, NULL),
  ('019dc041-cda4-7e59-b521-4df129ee45e7', '2026-04-22T20:00:15.000Z', 813, 411, 997, 3499, NULL, NULL, NULL, NULL, NULL),
  ('019dc041-cda4-7e59-b521-4df129ee45e7', '2026-04-23T20:00:17.000Z', 813, 411, 982, 3499, NULL, NULL, NULL, NULL, NULL),
  ('019dc041-cda5-750b-9031-3e795bc04d6c', '2026-02-13T00:00:00.000Z', 424, NULL, NULL, NULL, NULL, NULL, NULL, NULL, NULL),
  ('019dc041-cda5-750b-9031-3e795bc04d6c', '2026-02-14T00:00:00.000Z', 424, NULL, NULL, NULL, NULL, NULL, NULL, NULL, NULL),
  ('019dc041-cda5-750b-9031-3e795bc04d6c', '2026-02-15T00:00:00.000Z', 424, NULL, NULL, NULL, NULL, NULL, NULL, NULL, NULL),
  ('019dc041-cda5-750b-9031-3e795bc04d6c', '2026-02-16T00:00:00.000Z', 424, NULL, NULL, NULL, NULL, NULL, NULL, NULL, NULL),
  ('019dc041-cda5-750b-9031-3e795bc04d6c', '2026-02-17T00:00:00.000Z', 424, NULL, NULL, NULL, NULL, NULL, NULL, NULL, NULL),
  ('019dc041-cda5-767d-b3de-4a16e81dc50f', '2026-04-19T00:50:04.000Z', 304, 179, NULL, NULL, 301, 295, 302, 312, NULL),
  ('019dc041-cda5-767d-b3de-4a16e81dc50f', '2026-04-20T00:43:18.000Z', 314, 179, NULL, NULL, 306, 327, 301, 311, NULL),
  ('019dc041-cda5-767d-b3de-4a16e81dc50f', '2026-04-22T00:43:02.000Z', 314, 179, NULL, NULL, 302, 323, 303, 316, NULL),
  ('019dc041-cda5-767d-b3de-4a16e81dc50f', '2026-04-23T00:46:09.000Z', 314, 180, NULL, NULL, 308, 323, 303, 316, NULL),
  ('019dc041-cda5-767d-b3de-4a16e81dc50f', '2026-04-24T00:44:56.000Z', 314, 180, NULL, NULL, 301, 263, 309, 314, NULL),
  ('019dc041-cda5-76f3-a44f-d9b05da32f22', '2026-04-20T00:00:00.000Z', NULL, 761, NULL, NULL, NULL, NULL, NULL, NULL, NULL),
  ('019dc041-cda5-76f3-a44f-d9b05da32f22', '2026-04-21T00:00:00.000Z', NULL, 559, NULL, NULL, NULL, NULL, NULL, NULL, NULL),
  ('019dc041-cda5-76f3-a44f-d9b05da32f22', '2026-04-22T00:00:00.000Z', NULL, 559, NULL, NULL, NULL, NULL, NULL, NULL, NULL),
  ('019dc041-cda5-76f3-a44f-d9b05da32f22', '2026-04-23T00:00:00.000Z', NULL, 456, NULL, NULL, NULL, NULL, NULL, NULL, 456),
  ('019dc041-cda5-76f3-a44f-d9b05da32f22', '2026-04-24T00:00:00.000Z', NULL, 456, NULL, NULL, NULL, NULL, NULL, NULL, 456),
  ('019dc041-cda5-7719-982b-c9d8f4029cc1', '2026-04-20T00:00:00.000Z', NULL, 210, NULL, NULL, NULL, NULL, NULL, NULL, NULL),
  ('019dc041-cda5-7719-982b-c9d8f4029cc1', '2026-04-21T00:00:00.000Z', NULL, 210, NULL, NULL, NULL, NULL, NULL, NULL, NULL),
  ('019dc041-cda5-7719-982b-c9d8f4029cc1', '2026-04-22T00:00:00.000Z', NULL, 210, NULL, NULL, NULL, NULL, NULL, NULL, NULL),
  ('019dc041-cda5-7719-982b-c9d8f4029cc1', '2026-04-23T00:00:00.000Z', NULL, 210, NULL, NULL, NULL, NULL, NULL, NULL, 334),
  ('019dc041-cda5-7719-982b-c9d8f4029cc1', '2026-04-24T00:00:00.000Z', NULL, 210, NULL, NULL, NULL, NULL, NULL, NULL, 305),
  ('019dc041-cda5-7892-93aa-cb200dbd35a6', '2026-04-19T00:50:04.000Z', 16, 2, NULL, NULL, 15, 2, 14, 17, NULL),
  ('019dc041-cda5-7892-93aa-cb200dbd35a6', '2026-04-20T00:43:18.000Z', 16, 2, NULL, NULL, 15, 2, 14, 17, NULL),
  ('019dc041-cda5-7892-93aa-cb200dbd35a6', '2026-04-22T00:43:02.000Z', 16, 2, NULL, NULL, 15, 2, 14, 17, NULL),
  ('019dc041-cda5-7892-93aa-cb200dbd35a6', '2026-04-23T00:46:09.000Z', 16, 2, NULL, NULL, 32, 2, 14, 17, NULL),
  ('019dc041-cda5-7892-93aa-cb200dbd35a6', '2026-04-24T00:44:56.000Z', 16, 2, NULL, NULL, 27, 2, 31, 20, NULL),
  ('019dc041-cda5-78aa-973c-a5b63b3a8520', '2026-04-20T00:00:00.000Z', NULL, 129, NULL, NULL, NULL, NULL, NULL, NULL, NULL),
  ('019dc041-cda5-78aa-973c-a5b63b3a8520', '2026-04-21T00:00:00.000Z', NULL, 129, NULL, NULL, NULL, NULL, NULL, NULL, NULL),
  ('019dc041-cda5-78aa-973c-a5b63b3a8520', '2026-04-22T00:00:00.000Z', NULL, 129, NULL, NULL, NULL, NULL, NULL, NULL, NULL),
  ('019dc041-cda5-78aa-973c-a5b63b3a8520', '2026-04-23T00:00:00.000Z', NULL, 129, NULL, NULL, NULL, NULL, NULL, NULL, 129),
  ('019dc041-cda5-78aa-973c-a5b63b3a8520', '2026-04-24T00:00:00.000Z', NULL, 129, NULL, NULL, NULL, NULL, NULL, NULL, 129),
  ('019dc041-cda5-7c65-be2d-3da9ba242067', '2026-04-19T20:00:17.000Z', 477, 375, 509, 745, NULL, NULL, NULL, NULL, NULL),
  ('019dc041-cda5-7c65-be2d-3da9ba242067', '2026-04-20T20:00:17.000Z', 470, 375, 509, 745, NULL, NULL, NULL, NULL, NULL),
  ('019dc041-cda5-7c65-be2d-3da9ba242067', '2026-04-21T20:00:17.000Z', 470, 400, 525, 745, NULL, NULL, NULL, NULL, NULL),
  ('019dc041-cda5-7c65-be2d-3da9ba242067', '2026-04-22T20:00:15.000Z', 470, 400, 525, 745, NULL, NULL, NULL, NULL, NULL),
  ('019dc041-cda5-7c65-be2d-3da9ba242067', '2026-04-23T20:00:17.000Z', 470, 399, 517, 745, NULL, NULL, NULL, NULL, NULL),
  ('019dc041-cda5-7eb9-bcfe-056f971e963a', '2026-04-19T20:00:16.000Z', 298, 280, 371, 1000, NULL, NULL, NULL, NULL, NULL),
  ('019dc041-cda5-7eb9-bcfe-056f971e963a', '2026-04-20T20:00:16.000Z', 296, 280, 370, 1000, NULL, NULL, NULL, NULL, NULL),
  ('019dc041-cda5-7eb9-bcfe-056f971e963a', '2026-04-21T20:00:16.000Z', 309, 280, 380, 1000, NULL, NULL, NULL, NULL, NULL),
  ('019dc041-cda5-7eb9-bcfe-056f971e963a', '2026-04-22T20:00:14.000Z', 316, 280, 380, 1000, NULL, NULL, NULL, NULL, NULL),
  ('019dc041-cda5-7eb9-bcfe-056f971e963a', '2026-04-23T20:00:16.000Z', 327, 280, 379, 1000, NULL, NULL, NULL, NULL, NULL),
  ('019dc041-cda6-7008-8300-c1fbf11bc989', '2026-04-19T00:50:04.000Z', 64, 20, NULL, NULL, 65, 46, 60, 64, NULL),
  ('019dc041-cda6-7008-8300-c1fbf11bc989', '2026-04-20T00:43:18.000Z', 64, 20, NULL, NULL, 65, 65, 60, 64, NULL),
  ('019dc041-cda6-7008-8300-c1fbf11bc989', '2026-04-22T00:43:02.000Z', 64, 20, NULL, NULL, 65, 65, 60, 64, NULL),
  ('019dc041-cda6-7008-8300-c1fbf11bc989', '2026-04-23T00:46:09.000Z', 64, 20, NULL, NULL, 60, 65, 60, 64, NULL),
  ('019dc041-cda6-7008-8300-c1fbf11bc989', '2026-04-24T00:44:56.000Z', 64, 20, NULL, NULL, 60, 44, 57, 63, NULL),
  ('019dc041-cda6-71ab-8c23-a7ac0bf2471b', '2026-04-20T00:00:00.000Z', NULL, 411, NULL, NULL, NULL, NULL, NULL, NULL, NULL),
  ('019dc041-cda6-71ab-8c23-a7ac0bf2471b', '2026-04-21T00:00:00.000Z', NULL, 411, NULL, NULL, NULL, NULL, NULL, NULL, NULL),
  ('019dc041-cda6-71ab-8c23-a7ac0bf2471b', '2026-04-22T00:00:00.000Z', NULL, 411, NULL, NULL, NULL, NULL, NULL, NULL, NULL),
  ('019dc041-cda6-71ab-8c23-a7ac0bf2471b', '2026-04-23T00:00:00.000Z', NULL, 411, NULL, NULL, NULL, NULL, NULL, NULL, 411),
  ('019dc041-cda6-71ab-8c23-a7ac0bf2471b', '2026-04-24T00:00:00.000Z', NULL, 411, NULL, NULL, NULL, NULL, NULL, NULL, 411),
  ('019dc041-cda6-75a3-b40a-4212b1843b70', '2026-04-19T20:00:16.000Z', 1166, 788, 2850, 9500, NULL, NULL, NULL, NULL, NULL),
  ('019dc041-cda6-75a3-b40a-4212b1843b70', '2026-04-20T20:00:16.000Z', 1010, 587, 2724, 6850, NULL, NULL, NULL, NULL, NULL),
  ('019dc041-cda6-75a3-b40a-4212b1843b70', '2026-04-21T20:00:16.000Z', 884, 575, 2500, 6850, NULL, NULL, NULL, NULL, NULL),
  ('019dc041-cda6-75a3-b40a-4212b1843b70', '2026-04-22T20:00:14.000Z', 829, 544, 1899, 6850, NULL, NULL, NULL, NULL, NULL),
  ('019dc041-cda6-75a3-b40a-4212b1843b70', '2026-04-23T20:00:16.000Z', 726, 544, 1898, 6850, NULL, NULL, NULL, NULL, NULL),
  ('019dc041-cda6-7747-bc7d-065cd486c99c', '2026-04-20T00:00:00.000Z', NULL, 11, NULL, NULL, NULL, NULL, NULL, NULL, NULL),
  ('019dc041-cda6-7747-bc7d-065cd486c99c', '2026-04-21T00:00:00.000Z', NULL, 11, NULL, NULL, NULL, NULL, NULL, NULL, NULL),
  ('019dc041-cda6-7747-bc7d-065cd486c99c', '2026-04-22T00:00:00.000Z', NULL, 11, NULL, NULL, NULL, NULL, NULL, NULL, NULL),
  ('019dc041-cda6-7747-bc7d-065cd486c99c', '2026-04-23T00:00:00.000Z', NULL, 11, NULL, NULL, NULL, NULL, NULL, NULL, 11),
  ('019dc041-cda6-7747-bc7d-065cd486c99c', '2026-04-24T00:00:00.000Z', NULL, 11, NULL, NULL, NULL, NULL, NULL, NULL, 11),
  ('019dc041-cda6-7778-b8ce-4b180f1da38e', '2026-04-19T20:00:16.000Z', 417, 368, 480, 1298, NULL, NULL, NULL, NULL, NULL),
  ('019dc041-cda6-7778-b8ce-4b180f1da38e', '2026-04-20T20:00:16.000Z', 417, 368, 487, 1298, NULL, NULL, NULL, NULL, NULL),
  ('019dc041-cda6-7778-b8ce-4b180f1da38e', '2026-04-21T20:00:16.000Z', 409, 369, 487, 1298, NULL, NULL, NULL, NULL, NULL),
  ('019dc041-cda6-7778-b8ce-4b180f1da38e', '2026-04-22T20:00:14.000Z', 411, 369, 473, 1298, NULL, NULL, NULL, NULL, NULL),
  ('019dc041-cda6-7778-b8ce-4b180f1da38e', '2026-04-23T20:00:16.000Z', 411, 369, 478, 1298, NULL, NULL, NULL, NULL, NULL),
  ('019dc041-cda6-77b5-a1cc-02cfb3ab2b69', '2026-04-19T00:50:04.000Z', 849, 600, NULL, NULL, 790, 750, 788, 806, NULL),
  ('019dc041-cda6-77b5-a1cc-02cfb3ab2b69', '2026-04-20T00:43:18.000Z', 849, 600, NULL, NULL, 790, 750, 788, 806, NULL),
  ('019dc041-cda6-77b5-a1cc-02cfb3ab2b69', '2026-04-22T00:43:02.000Z', 849, 600, NULL, NULL, 805, 831, 798, 805, NULL),
  ('019dc041-cda6-77b5-a1cc-02cfb3ab2b69', '2026-04-23T00:46:09.000Z', 816, 600, NULL, NULL, 823, 831, 798, 805, NULL),
  ('019dc041-cda6-77b5-a1cc-02cfb3ab2b69', '2026-04-24T00:44:56.000Z', 816, 600, NULL, NULL, 828, 856, 809, 816, NULL),
  ('019dc041-cda6-7a3a-b53f-d0c37ba006ba', '2026-04-19T20:00:16.000Z', 380, 350, 445, 99900, NULL, NULL, NULL, NULL, NULL),
  ('019dc041-cda6-7a3a-b53f-d0c37ba006ba', '2026-04-20T20:00:16.000Z', 371, 350, 460, 99900, NULL, NULL, NULL, NULL, NULL),
  ('019dc041-cda6-7a3a-b53f-d0c37ba006ba', '2026-04-21T20:00:16.000Z', 372, 350, 499, 99900, NULL, NULL, NULL, NULL, NULL),
  ('019dc041-cda6-7a3a-b53f-d0c37ba006ba', '2026-04-22T20:00:14.000Z', 380, 371, 500, 99900, NULL, NULL, NULL, NULL, NULL),
  ('019dc041-cda6-7a3a-b53f-d0c37ba006ba', '2026-04-23T20:00:16.000Z', 393, 360, 500, 99900, NULL, NULL, NULL, NULL, NULL),
  ('019dc041-cda7-715c-8c97-d267e099d50d', '2026-04-20T00:00:00.000Z', NULL, 19, NULL, NULL, NULL, NULL, NULL, NULL, NULL),
  ('019dc041-cda7-715c-8c97-d267e099d50d', '2026-04-21T00:00:00.000Z', NULL, 19, NULL, NULL, NULL, NULL, NULL, NULL, NULL),
  ('019dc041-cda7-715c-8c97-d267e099d50d', '2026-04-22T00:00:00.000Z', NULL, 19, NULL, NULL, NULL, NULL, NULL, NULL, NULL),
  ('019dc041-cda7-715c-8c97-d267e099d50d', '2026-04-23T00:00:00.000Z', NULL, 19, NULL, NULL, NULL, NULL, NULL, NULL, 21),
  ('019dc041-cda7-715c-8c97-d267e099d50d', '2026-04-24T00:00:00.000Z', NULL, 19, NULL, NULL, NULL, NULL, NULL, NULL, 21),
  ('019dc041-cda7-719e-bf8c-1e9d832a037e', '2026-04-20T00:00:00.000Z', NULL, 401, NULL, NULL, NULL, NULL, NULL, NULL, NULL),
  ('019dc041-cda7-719e-bf8c-1e9d832a037e', '2026-04-21T00:00:00.000Z', NULL, 401, NULL, NULL, NULL, NULL, NULL, NULL, NULL),
  ('019dc041-cda7-719e-bf8c-1e9d832a037e', '2026-04-22T00:00:00.000Z', NULL, 401, NULL, NULL, NULL, NULL, NULL, NULL, NULL),
  ('019dc041-cda7-719e-bf8c-1e9d832a037e', '2026-04-23T00:00:00.000Z', NULL, 403, NULL, NULL, NULL, NULL, NULL, NULL, 403),
  ('019dc041-cda7-719e-bf8c-1e9d832a037e', '2026-04-24T00:00:00.000Z', NULL, 404, NULL, NULL, NULL, NULL, NULL, NULL, 404),
  ('019dc041-cda7-71dd-9125-46a7b2633c36', '2026-04-20T00:00:00.000Z', NULL, 293, NULL, NULL, NULL, NULL, NULL, NULL, NULL),
  ('019dc041-cda7-71dd-9125-46a7b2633c36', '2026-04-21T00:00:00.000Z', NULL, 294, NULL, NULL, NULL, NULL, NULL, NULL, NULL),
  ('019dc041-cda7-71dd-9125-46a7b2633c36', '2026-04-22T00:00:00.000Z', NULL, 294, NULL, NULL, NULL, NULL, NULL, NULL, NULL),
  ('019dc041-cda7-71dd-9125-46a7b2633c36', '2026-04-23T00:00:00.000Z', NULL, 294, NULL, NULL, NULL, NULL, NULL, NULL, 294),
  ('019dc041-cda7-71dd-9125-46a7b2633c36', '2026-04-24T00:00:00.000Z', NULL, 294, NULL, NULL, NULL, NULL, NULL, NULL, 294),
  ('019dc041-cda7-7783-85bf-37d569cbb1ef', '2026-04-20T00:00:00.000Z', NULL, 1407, NULL, NULL, NULL, NULL, NULL, NULL, NULL),
  ('019dc041-cda7-7783-85bf-37d569cbb1ef', '2026-04-21T00:00:00.000Z', NULL, 1086, NULL, NULL, NULL, NULL, NULL, NULL, NULL),
  ('019dc041-cda7-7783-85bf-37d569cbb1ef', '2026-04-22T00:00:00.000Z', NULL, 973, NULL, NULL, NULL, NULL, NULL, NULL, NULL),
  ('019dc041-cda7-7783-85bf-37d569cbb1ef', '2026-04-23T00:00:00.000Z', NULL, 865, NULL, NULL, NULL, NULL, NULL, NULL, 894),
  ('019dc041-cda7-7783-85bf-37d569cbb1ef', '2026-04-24T00:00:00.000Z', NULL, 818, NULL, NULL, NULL, NULL, NULL, NULL, 818),
  ('019dc041-cda7-7a86-b9fd-f561081827d6', '2026-04-19T00:50:04.000Z', 542, 488, NULL, NULL, 583, 700, 596, 553, NULL),
  ('019dc041-cda7-7a86-b9fd-f561081827d6', '2026-04-20T00:43:18.000Z', 542, 485, NULL, NULL, 583, 510, 579, 550, NULL),
  ('019dc041-cda7-7a86-b9fd-f561081827d6', '2026-04-22T00:43:02.000Z', 542, 480, NULL, NULL, 604, 510, 579, 550, NULL),
  ('019dc041-cda7-7a86-b9fd-f561081827d6', '2026-04-23T00:46:09.000Z', 542, 470, NULL, NULL, 610, 510, 579, 550, NULL),
  ('019dc041-cda7-7a86-b9fd-f561081827d6', '2026-04-24T00:44:56.000Z', 548, 470, NULL, NULL, 612, 570, 571, 552, NULL),
  ('019dc041-cda8-7745-b9e1-ee130c9b230b', '2026-04-20T00:00:00.000Z', NULL, 60, NULL, NULL, NULL, NULL, NULL, NULL, NULL),
  ('019dc041-cda8-7745-b9e1-ee130c9b230b', '2026-04-21T00:00:00.000Z', NULL, 60, NULL, NULL, NULL, NULL, NULL, NULL, NULL),
  ('019dc041-cda8-7745-b9e1-ee130c9b230b', '2026-04-22T00:00:00.000Z', NULL, 60, NULL, NULL, NULL, NULL, NULL, NULL, NULL),
  ('019dc041-cda8-7745-b9e1-ee130c9b230b', '2026-04-23T00:00:00.000Z', NULL, 60, NULL, NULL, NULL, NULL, NULL, NULL, 67),
  ('019dc041-cda8-7745-b9e1-ee130c9b230b', '2026-04-24T00:00:00.000Z', NULL, 60, NULL, NULL, NULL, NULL, NULL, NULL, 65),
  ('019dc041-cda8-7b33-9be3-66775a09e623', '2026-04-19T20:00:16.000Z', 31, 22, 35, 224, NULL, NULL, NULL, NULL, NULL),
  ('019dc041-cda8-7b33-9be3-66775a09e623', '2026-04-20T20:00:16.000Z', 31, 22, 35, 224, NULL, NULL, NULL, NULL, NULL),
  ('019dc041-cda8-7b33-9be3-66775a09e623', '2026-04-21T20:00:16.000Z', 31, 24, 35, 224, NULL, NULL, NULL, NULL, NULL),
  ('019dc041-cda8-7b33-9be3-66775a09e623', '2026-04-22T20:00:14.000Z', 31, 24, 35, 224, NULL, NULL, NULL, NULL, NULL),
  ('019dc041-cda8-7b33-9be3-66775a09e623', '2026-04-23T20:00:16.000Z', 31, 24, 35, 224, NULL, NULL, NULL, NULL, NULL),
  ('019dc041-cda8-7b59-9569-ab3183e825aa', '2026-04-19T20:00:16.000Z', 230, 148, 245, 585, NULL, NULL, NULL, NULL, NULL),
  ('019dc041-cda8-7b59-9569-ab3183e825aa', '2026-04-20T20:00:16.000Z', 230, 148, 244, 585, NULL, NULL, NULL, NULL, NULL),
  ('019dc041-cda8-7b59-9569-ab3183e825aa', '2026-04-21T20:00:16.000Z', 226, 148, 244, 585, NULL, NULL, NULL, NULL, NULL),
  ('019dc041-cda8-7b59-9569-ab3183e825aa', '2026-04-22T20:00:14.000Z', 219, 148, 244, 585, NULL, NULL, NULL, NULL, NULL),
  ('019dc041-cda8-7b59-9569-ab3183e825aa', '2026-04-23T20:00:16.000Z', 211, 148, 244, 585, NULL, NULL, NULL, NULL, NULL),
  ('019dc041-cda9-72c7-b990-0086c28bc3ff', '2026-04-19T20:00:17.000Z', 834, 590, 997, 2500, NULL, NULL, NULL, NULL, NULL),
  ('019dc041-cda9-72c7-b990-0086c28bc3ff', '2026-04-20T20:00:17.000Z', 834, 590, 995, 2500, NULL, NULL, NULL, NULL, NULL),
  ('019dc041-cda9-72c7-b990-0086c28bc3ff', '2026-04-21T20:00:17.000Z', 823, 590, 948, 2500, NULL, NULL, NULL, NULL, NULL),
  ('019dc041-cda9-72c7-b990-0086c28bc3ff', '2026-04-22T20:00:15.000Z', 808, 590, 949, 2500, NULL, NULL, NULL, NULL, NULL),
  ('019dc041-cda9-72c7-b990-0086c28bc3ff', '2026-04-23T20:00:17.000Z', 808, 590, 949, 2500, NULL, NULL, NULL, NULL, NULL),
  ('019dc041-cda9-74cf-be74-3c1459631e47', '2026-04-19T00:50:04.000Z', 138, 45, NULL, NULL, 152, 116, 135, 135, NULL),
  ('019dc041-cda9-74cf-be74-3c1459631e47', '2026-04-20T00:43:18.000Z', 138, 45, NULL, NULL, 149, 129, 127, 137, NULL),
  ('019dc041-cda9-74cf-be74-3c1459631e47', '2026-04-22T00:43:02.000Z', 138, 45, NULL, NULL, 137, 122, 124, 138, NULL),
  ('019dc041-cda9-74cf-be74-3c1459631e47', '2026-04-23T00:46:09.000Z', 138, 45, NULL, NULL, 139, 122, 124, 138, NULL),
  ('019dc041-cda9-74cf-be74-3c1459631e47', '2026-04-24T00:44:56.000Z', 138, 45, NULL, NULL, 132, 95, 124, 138, NULL),
  ('019dc041-cda9-7641-9183-94078d7da41f', '2026-04-20T00:00:00.000Z', NULL, 1519, NULL, NULL, NULL, NULL, NULL, NULL, NULL),
  ('019dc041-cda9-7641-9183-94078d7da41f', '2026-04-21T00:00:00.000Z', NULL, 1521, NULL, NULL, NULL, NULL, NULL, NULL, NULL),
  ('019dc041-cda9-7641-9183-94078d7da41f', '2026-04-22T00:00:00.000Z', NULL, 1521, NULL, NULL, NULL, NULL, NULL, NULL, NULL),
  ('019dc041-cda9-7641-9183-94078d7da41f', '2026-04-23T00:00:00.000Z', NULL, 1520, NULL, NULL, NULL, NULL, NULL, NULL, NULL),
  ('019dc041-cda9-7641-9183-94078d7da41f', '2026-04-24T00:00:00.000Z', NULL, 1520, NULL, NULL, NULL, NULL, NULL, NULL, 1520),
  ('019dc041-cda9-7811-b4a1-5a5821dd9aff', '2026-04-20T00:00:00.000Z', NULL, 496, NULL, NULL, NULL, NULL, NULL, NULL, NULL),
  ('019dc041-cda9-7811-b4a1-5a5821dd9aff', '2026-04-21T00:00:00.000Z', NULL, 496, NULL, NULL, NULL, NULL, NULL, NULL, NULL),
  ('019dc041-cda9-7811-b4a1-5a5821dd9aff', '2026-04-22T00:00:00.000Z', NULL, 496, NULL, NULL, NULL, NULL, NULL, NULL, NULL),
  ('019dc041-cda9-7811-b4a1-5a5821dd9aff', '2026-04-23T00:00:00.000Z', NULL, 491, NULL, NULL, NULL, NULL, NULL, NULL, 491),
  ('019dc041-cda9-7811-b4a1-5a5821dd9aff', '2026-04-24T00:00:00.000Z', NULL, 373, NULL, NULL, NULL, NULL, NULL, NULL, 373),
  ('019dc041-cda9-796b-847f-382f9d089a49', '2026-04-19T00:50:04.000Z', 79, 5, NULL, NULL, 76, 70, 80, 80, NULL),
  ('019dc041-cda9-796b-847f-382f9d089a49', '2026-04-20T00:43:18.000Z', 79, 10, NULL, NULL, 74, 49, 78, 79, NULL),
  ('019dc041-cda9-796b-847f-382f9d089a49', '2026-04-22T00:43:02.000Z', 79, 10, NULL, NULL, 67, 30, 66, 77, NULL),
  ('019dc041-cda9-796b-847f-382f9d089a49', '2026-04-23T00:46:09.000Z', 79, 10, NULL, NULL, 65, 30, 66, 77, NULL),
  ('019dc041-cda9-796b-847f-382f9d089a49', '2026-04-24T00:44:56.000Z', 79, 10, NULL, NULL, 65, 51, 67, 76, NULL),
  ('019dc041-cda9-7cc4-86fb-9b898e51191f', '2026-04-19T20:00:16.000Z', 148, 111, 154, 750, NULL, NULL, NULL, NULL, NULL),
  ('019dc041-cda9-7cc4-86fb-9b898e51191f', '2026-04-20T20:00:16.000Z', 142, 111, 151, 750, NULL, NULL, NULL, NULL, NULL),
  ('019dc041-cda9-7cc4-86fb-9b898e51191f', '2026-04-21T20:00:16.000Z', 143, 111, 154, 750, NULL, NULL, NULL, NULL, NULL),
  ('019dc041-cda9-7cc4-86fb-9b898e51191f', '2026-04-22T20:00:14.000Z', 143, 125, 153, 750, NULL, NULL, NULL, NULL, NULL),
  ('019dc041-cda9-7cc4-86fb-9b898e51191f', '2026-04-23T20:00:16.000Z', 143, 125, 156, 750, NULL, NULL, NULL, NULL, NULL),
  ('019dc041-cda9-7cd9-9223-9991bd3153b8', '2026-04-19T20:00:17.000Z', 687, 459, 900, 3830, NULL, NULL, NULL, NULL, NULL),
  ('019dc041-cda9-7cd9-9223-9991bd3153b8', '2026-04-20T20:00:17.000Z', 641, 427, 900, 3830, NULL, NULL, NULL, NULL, NULL),
  ('019dc041-cda9-7cd9-9223-9991bd3153b8', '2026-04-21T20:00:17.000Z', 641, 459, 947, 3830, NULL, NULL, NULL, NULL, NULL),
  ('019dc041-cda9-7cd9-9223-9991bd3153b8', '2026-04-22T20:00:15.000Z', 641, 459, 997, 3830, NULL, NULL, NULL, NULL, NULL),
  ('019dc041-cda9-7cd9-9223-9991bd3153b8', '2026-04-23T20:00:17.000Z', 641, 459, 900, 3830, NULL, NULL, NULL, NULL, NULL),
  ('019dc041-cda9-7d02-9d0e-457c85d4a537', '2026-04-19T00:50:04.000Z', 1427, 899, NULL, NULL, 1232, 1400, 1191, 1323, NULL),
  ('019dc041-cda9-7d02-9d0e-457c85d4a537', '2026-04-20T00:43:18.000Z', 1427, 900, NULL, NULL, 1234, 1188, 1209, 1301, NULL),
  ('019dc041-cda9-7d02-9d0e-457c85d4a537', '2026-04-22T00:43:02.000Z', 1240, 1000, NULL, NULL, 1277, 1471, 1301, 1286, NULL),
  ('019dc041-cda9-7d02-9d0e-457c85d4a537', '2026-04-23T00:46:09.000Z', 1240, 1000, NULL, NULL, 1265, 1471, 1301, 1286, NULL),
  ('019dc041-cda9-7d02-9d0e-457c85d4a537', '2026-04-24T00:44:56.000Z', 1240, 1000, NULL, NULL, 1254, 1133, 1207, 1252, NULL),
  ('019dc041-cdaa-70bd-9ed5-25e3360f01cb', '2026-04-19T00:50:04.000Z', 24, 2, NULL, NULL, 26, 30, 22, 22, NULL),
  ('019dc041-cdaa-70bd-9ed5-25e3360f01cb', '2026-04-20T00:43:18.000Z', 24, 2, NULL, NULL, 26, 30, 22, 22, NULL),
  ('019dc041-cdaa-70bd-9ed5-25e3360f01cb', '2026-04-22T00:43:02.000Z', 24, 2, NULL, NULL, 26, 30, 22, 22, NULL),
  ('019dc041-cdaa-70bd-9ed5-25e3360f01cb', '2026-04-23T00:46:09.000Z', 24, 2, NULL, NULL, 26, 30, 22, 22, NULL),
  ('019dc041-cdaa-70bd-9ed5-25e3360f01cb', '2026-04-24T00:44:56.000Z', 24, 2, NULL, NULL, 26, 30, 22, 22, NULL),
  ('019dc041-cdaa-70f5-a60f-a3e4410b9578', '2026-04-19T20:00:16.000Z', 1651, 1400, 1800, 7000, NULL, NULL, NULL, NULL, NULL),
  ('019dc041-cdaa-70f5-a60f-a3e4410b9578', '2026-04-20T20:00:16.000Z', 1651, 1395, 1798, 7000, NULL, NULL, NULL, NULL, NULL),
  ('019dc041-cdaa-70f5-a60f-a3e4410b9578', '2026-04-21T20:00:16.000Z', 1646, 1395, 1790, 7000, NULL, NULL, NULL, NULL, NULL),
  ('019dc041-cdaa-70f5-a60f-a3e4410b9578', '2026-04-22T20:00:14.000Z', 1630, 1300, 1790, 7000, NULL, NULL, NULL, NULL, NULL),
  ('019dc041-cdaa-70f5-a60f-a3e4410b9578', '2026-04-23T20:00:16.000Z', 1612, 1279, 1794, 7000, NULL, NULL, NULL, NULL, NULL),
  ('019dc041-cdaa-7471-849f-8fc95876de03', '2026-04-20T00:00:00.000Z', NULL, 1221, NULL, NULL, NULL, NULL, NULL, NULL, NULL),
  ('019dc041-cdaa-7471-849f-8fc95876de03', '2026-04-21T00:00:00.000Z', NULL, 1221, NULL, NULL, NULL, NULL, NULL, NULL, NULL),
  ('019dc041-cdaa-7471-849f-8fc95876de03', '2026-04-22T00:00:00.000Z', NULL, 1221, NULL, NULL, NULL, NULL, NULL, NULL, NULL),
  ('019dc041-cdaa-7471-849f-8fc95876de03', '2026-04-23T00:00:00.000Z', NULL, 1221, NULL, NULL, NULL, NULL, NULL, NULL, 1221),
  ('019dc041-cdaa-7471-849f-8fc95876de03', '2026-04-24T00:00:00.000Z', NULL, 1010, NULL, NULL, NULL, NULL, NULL, NULL, 1010),
  ('019dc041-cdaa-7883-8ab5-a885b710fc1d', '2026-04-19T00:50:04.000Z', 39, 10, NULL, NULL, 28, 29, 33, 38, NULL),
  ('019dc041-cdaa-7883-8ab5-a885b710fc1d', '2026-04-20T00:43:18.000Z', 39, 10, NULL, NULL, 28, 29, 33, 38, NULL),
  ('019dc041-cdaa-7883-8ab5-a885b710fc1d', '2026-04-22T00:43:02.000Z', 39, 10, NULL, NULL, 28, 29, 33, 38, NULL),
  ('019dc041-cdaa-7883-8ab5-a885b710fc1d', '2026-04-23T00:46:09.000Z', 39, 10, NULL, NULL, 28, 29, 33, 38, NULL),
  ('019dc041-cdaa-7883-8ab5-a885b710fc1d', '2026-04-24T00:44:56.000Z', 39, 10, NULL, NULL, 21, 10, 26, 38, NULL),
  ('019dc041-cdaa-7a66-a72e-5b30a53158e2', '2026-04-20T00:00:00.000Z', NULL, 1501, NULL, NULL, NULL, NULL, NULL, NULL, NULL),
  ('019dc041-cdaa-7a66-a72e-5b30a53158e2', '2026-04-21T00:00:00.000Z', NULL, 1501, NULL, NULL, NULL, NULL, NULL, NULL, NULL),
  ('019dc041-cdaa-7a66-a72e-5b30a53158e2', '2026-04-22T00:00:00.000Z', NULL, 1501, NULL, NULL, NULL, NULL, NULL, NULL, NULL),
  ('019dc041-cdaa-7a66-a72e-5b30a53158e2', '2026-04-23T00:00:00.000Z', NULL, 1501, NULL, NULL, NULL, NULL, NULL, NULL, 1501),
  ('019dc041-cdaa-7a66-a72e-5b30a53158e2', '2026-04-24T00:00:00.000Z', NULL, 1501, NULL, NULL, NULL, NULL, NULL, NULL, 1501),
  ('019dc041-cdaa-7ba5-9b46-be01f1de85c0', '2026-04-19T00:50:04.000Z', 481, 295, NULL, NULL, 401, 440, 418, 464, NULL),
  ('019dc041-cdaa-7ba5-9b46-be01f1de85c0', '2026-04-20T00:43:18.000Z', 481, 295, NULL, NULL, 392, 325, 420, 455, NULL),
  ('019dc041-cdaa-7ba5-9b46-be01f1de85c0', '2026-04-22T00:43:02.000Z', 481, 295, NULL, NULL, 404, 465, 434, 453, NULL),
  ('019dc041-cdaa-7ba5-9b46-be01f1de85c0', '2026-04-23T00:46:09.000Z', 481, 295, NULL, NULL, 403, 465, 434, 453, NULL),
  ('019dc041-cdaa-7ba5-9b46-be01f1de85c0', '2026-04-24T00:44:56.000Z', 481, 275, NULL, NULL, 393, 354, 399, 431, NULL),
  ('019dc041-cdaa-7f9b-a2fd-e9f14bb3fa82', '2026-04-19T00:50:04.000Z', 1200, 500, NULL, NULL, 1395, 1399, 1321, 1263, NULL),
  ('019dc041-cdaa-7f9b-a2fd-e9f14bb3fa82', '2026-04-20T00:43:18.000Z', 1200, 500, NULL, NULL, 1351, 1183, 1304, 1271, NULL),
  ('019dc041-cdaa-7f9b-a2fd-e9f14bb3fa82', '2026-04-22T00:43:02.000Z', 1200, 500, NULL, NULL, 1299, 1183, 1304, 1271, NULL),
  ('019dc041-cdaa-7f9b-a2fd-e9f14bb3fa82', '2026-04-23T00:46:09.000Z', 1200, 500, NULL, NULL, 1336, 1183, 1304, 1271, NULL),
  ('019dc041-cdaa-7f9b-a2fd-e9f14bb3fa82', '2026-04-24T00:44:56.000Z', 1200, 500, NULL, NULL, 1336, 1600, 1316, 1296, NULL),
  ('019dc041-cdab-79b8-a186-76ca77ab82cc', '2026-04-19T20:00:16.000Z', 170, 135, 184, 449, NULL, NULL, NULL, NULL, NULL),
  ('019dc041-cdab-79b8-a186-76ca77ab82cc', '2026-04-20T20:00:16.000Z', 170, 135, 186, 449, NULL, NULL, NULL, NULL, NULL),
  ('019dc041-cdab-79b8-a186-76ca77ab82cc', '2026-04-21T20:00:16.000Z', 170, 135, 186, 449, NULL, NULL, NULL, NULL, NULL),
  ('019dc041-cdab-79b8-a186-76ca77ab82cc', '2026-04-22T20:00:14.000Z', 170, 135, 180, 449, NULL, NULL, NULL, NULL, NULL),
  ('019dc041-cdab-79b8-a186-76ca77ab82cc', '2026-04-23T20:00:16.000Z', 169, 135, 182, 449, NULL, NULL, NULL, NULL, NULL),
  ('019dc041-cdab-7a83-8ff0-02fe2934137c', '2026-04-19T00:50:04.000Z', 1278, 1000, NULL, NULL, 1364, 1500, 1353, 1290, NULL),
  ('019dc041-cdab-7a83-8ff0-02fe2934137c', '2026-04-20T00:43:18.000Z', 1278, 1000, NULL, NULL, 1438, 1800, 1414, 1297, NULL),
  ('019dc041-cdab-7a83-8ff0-02fe2934137c', '2026-04-22T00:43:02.000Z', 1278, 1463, NULL, NULL, 1571, 1783, 1550, 1324, NULL),
  ('019dc041-cdab-7a83-8ff0-02fe2934137c', '2026-04-23T00:46:09.000Z', 1480, 1461, NULL, NULL, 1635, 1783, 1550, 1324, NULL),
  ('019dc041-cdab-7a83-8ff0-02fe2934137c', '2026-04-24T00:44:56.000Z', 1480, 1461, NULL, NULL, 1694, 1900, 1809, 1466, NULL),
  ('019dc041-cdab-7e6b-b5c7-4143bcd2f4a3', '2026-04-20T00:00:00.000Z', NULL, 307, NULL, NULL, NULL, NULL, NULL, NULL, NULL),
  ('019dc041-cdab-7e6b-b5c7-4143bcd2f4a3', '2026-04-21T00:00:00.000Z', NULL, 307, NULL, NULL, NULL, NULL, NULL, NULL, NULL),
  ('019dc041-cdab-7e6b-b5c7-4143bcd2f4a3', '2026-04-22T00:00:00.000Z', NULL, 307, NULL, NULL, NULL, NULL, NULL, NULL, NULL),
  ('019dc041-cdab-7e6b-b5c7-4143bcd2f4a3', '2026-04-23T00:00:00.000Z', NULL, 304, NULL, NULL, NULL, NULL, NULL, NULL, 304),
  ('019dc041-cdab-7e6b-b5c7-4143bcd2f4a3', '2026-04-24T00:00:00.000Z', NULL, 303, NULL, NULL, NULL, NULL, NULL, NULL, 303),
  ('019dc041-cdac-75f7-876d-7b545ae87d33', '2026-04-19T20:00:17.000Z', 1607, 1485, 2097, 3300, NULL, NULL, NULL, NULL, NULL),
  ('019dc041-cdac-75f7-876d-7b545ae87d33', '2026-04-20T20:00:17.000Z', 1592, 1433, 2066, 3300, NULL, NULL, NULL, NULL, NULL),
  ('019dc041-cdac-75f7-876d-7b545ae87d33', '2026-04-21T20:00:17.000Z', 1571, 1433, 2000, 3300, NULL, NULL, NULL, NULL, NULL),
  ('019dc041-cdac-75f7-876d-7b545ae87d33', '2026-04-22T20:00:15.000Z', 1571, 1414, 1999, 3300, NULL, NULL, NULL, NULL, NULL),
  ('019dc041-cdac-75f7-876d-7b545ae87d33', '2026-04-23T20:00:17.000Z', 1549, 1394, 2000, 3300, NULL, NULL, NULL, NULL, NULL),
  ('019dc041-cdac-7631-9013-a64a69138374', '2026-04-19T00:50:04.000Z', 79, 15, NULL, NULL, 57, 20, 71, 80, NULL),
  ('019dc041-cdac-7631-9013-a64a69138374', '2026-04-20T00:43:18.000Z', 79, 15, NULL, NULL, 57, 20, 71, 80, NULL),
  ('019dc041-cdac-7631-9013-a64a69138374', '2026-04-22T00:43:02.000Z', 79, 15, NULL, NULL, 55, 20, 71, 80, NULL),
  ('019dc041-cdac-7631-9013-a64a69138374', '2026-04-23T00:46:09.000Z', 79, 15, NULL, NULL, 55, 20, 71, 80, NULL),
  ('019dc041-cdac-7631-9013-a64a69138374', '2026-04-24T00:44:56.000Z', 79, 15, NULL, NULL, 55, 75, 73, 79, NULL),
  ('019dc041-cdac-7846-8f40-250fb66d7007', '2026-04-20T00:00:00.000Z', NULL, 160, NULL, NULL, NULL, NULL, NULL, NULL, NULL),
  ('019dc041-cdac-7846-8f40-250fb66d7007', '2026-04-21T00:00:00.000Z', NULL, 160, NULL, NULL, NULL, NULL, NULL, NULL, NULL),
  ('019dc041-cdac-7846-8f40-250fb66d7007', '2026-04-22T00:00:00.000Z', NULL, 160, NULL, NULL, NULL, NULL, NULL, NULL, NULL),
  ('019dc041-cdac-7846-8f40-250fb66d7007', '2026-04-23T00:00:00.000Z', NULL, 160, NULL, NULL, NULL, NULL, NULL, NULL, 282),
  ('019dc041-cdac-7846-8f40-250fb66d7007', '2026-04-24T00:00:00.000Z', NULL, 160, NULL, NULL, NULL, NULL, NULL, NULL, 308),
  ('019dc041-cdac-78a4-913a-de912ae9d578', '2026-04-19T00:50:04.000Z', 671, 450, NULL, NULL, 719, 600, 700, 684, NULL),
  ('019dc041-cdac-78a4-913a-de912ae9d578', '2026-04-20T00:43:18.000Z', 671, 450, NULL, NULL, 719, 717, 711, 684, NULL),
  ('019dc041-cdac-78a4-913a-de912ae9d578', '2026-04-22T00:43:02.000Z', 671, 450, NULL, NULL, 704, 692, 736, 685, NULL),
  ('019dc041-cdac-78a4-913a-de912ae9d578', '2026-04-23T00:46:09.000Z', 671, 420, NULL, NULL, 684, 692, 736, 685, NULL),
  ('019dc041-cdac-78a4-913a-de912ae9d578', '2026-04-24T00:44:56.000Z', 671, 420, NULL, NULL, 649, 433, 630, 682, NULL),
  ('019dc041-cdac-791b-9b23-6297c720424d', '2026-04-19T20:00:16.000Z', 55, 35, 63, 99900, NULL, NULL, NULL, NULL, NULL),
  ('019dc041-cdac-791b-9b23-6297c720424d', '2026-04-20T20:00:16.000Z', 55, 35, 63, 99900, NULL, NULL, NULL, NULL, NULL),
  ('019dc041-cdac-791b-9b23-6297c720424d', '2026-04-21T20:00:16.000Z', 54, 35, 63, 99900, NULL, NULL, NULL, NULL, NULL),
  ('019dc041-cdac-791b-9b23-6297c720424d', '2026-04-22T20:00:14.000Z', 54, 35, 63, 99900, NULL, NULL, NULL, NULL, NULL),
  ('019dc041-cdac-791b-9b23-6297c720424d', '2026-04-23T20:00:16.000Z', 54, 35, 63, 99900, NULL, NULL, NULL, NULL, NULL),
  ('019dc041-cdac-7a9f-90b2-0e4c22fbaa44', '2026-04-19T20:00:16.000Z', 542, 351, 655, 1400, NULL, NULL, NULL, NULL, NULL),
  ('019dc041-cdac-7a9f-90b2-0e4c22fbaa44', '2026-04-20T20:00:16.000Z', 540, 351, 658, 1400, NULL, NULL, NULL, NULL, NULL),
  ('019dc041-cdac-7a9f-90b2-0e4c22fbaa44', '2026-04-21T20:00:16.000Z', 548, 351, 645, 1400, NULL, NULL, NULL, NULL, NULL),
  ('019dc041-cdac-7a9f-90b2-0e4c22fbaa44', '2026-04-22T20:00:14.000Z', 529, 400, 658, 1400, NULL, NULL, NULL, NULL, NULL),
  ('019dc041-cdac-7a9f-90b2-0e4c22fbaa44', '2026-04-23T20:00:16.000Z', 529, 415, 636, 1400, NULL, NULL, NULL, NULL, NULL),
  ('019dc041-cdac-7b77-9f78-fb6dccf01166', '2026-04-19T20:00:17.000Z', 316, 280, 435, 2095, NULL, NULL, NULL, NULL, NULL),
  ('019dc041-cdac-7b77-9f78-fb6dccf01166', '2026-04-20T20:00:17.000Z', 316, 284, 495, 2095, NULL, NULL, NULL, NULL, NULL),
  ('019dc041-cdac-7b77-9f78-fb6dccf01166', '2026-04-21T20:00:17.000Z', 316, 284, 322, 2095, NULL, NULL, NULL, NULL, NULL),
  ('019dc041-cdac-7b77-9f78-fb6dccf01166', '2026-04-22T20:00:15.000Z', 316, 284, 322, 2095, NULL, NULL, NULL, NULL, NULL),
  ('019dc041-cdac-7b77-9f78-fb6dccf01166', '2026-04-23T20:00:17.000Z', 316, 284, 316, 2095, NULL, NULL, NULL, NULL, NULL),
  ('019dc041-cdac-7bd8-a6ec-56b39473e212', '2026-04-20T00:00:00.000Z', NULL, 131, NULL, NULL, NULL, NULL, NULL, NULL, NULL),
  ('019dc041-cdac-7bd8-a6ec-56b39473e212', '2026-04-21T00:00:00.000Z', NULL, 131, NULL, NULL, NULL, NULL, NULL, NULL, NULL),
  ('019dc041-cdac-7bd8-a6ec-56b39473e212', '2026-04-22T00:00:00.000Z', NULL, 131, NULL, NULL, NULL, NULL, NULL, NULL, NULL),
  ('019dc041-cdac-7bd8-a6ec-56b39473e212', '2026-04-23T00:00:00.000Z', NULL, 131, NULL, NULL, NULL, NULL, NULL, NULL, 149),
  ('019dc041-cdac-7bd8-a6ec-56b39473e212', '2026-04-24T00:00:00.000Z', NULL, 132, NULL, NULL, NULL, NULL, NULL, NULL, 148),
  ('019dc041-cdac-7e48-8c96-21a828a0d92d', '2026-04-19T20:00:17.000Z', 571, 474, 599, 1100, NULL, NULL, NULL, NULL, NULL),
  ('019dc041-cdac-7e48-8c96-21a828a0d92d', '2026-04-20T20:00:17.000Z', 571, 474, 599, 1100, NULL, NULL, NULL, NULL, NULL),
  ('019dc041-cdac-7e48-8c96-21a828a0d92d', '2026-04-21T20:00:17.000Z', 571, 474, 597, 1100, NULL, NULL, NULL, NULL, NULL),
  ('019dc041-cdac-7e48-8c96-21a828a0d92d', '2026-04-22T20:00:15.000Z', 571, 474, 599, 1100, NULL, NULL, NULL, NULL, NULL),
  ('019dc041-cdac-7e48-8c96-21a828a0d92d', '2026-04-23T20:00:17.000Z', 571, 474, 599, 1100, NULL, NULL, NULL, NULL, NULL),
  ('019dc041-cdac-7e96-a6b5-f65c6c9de73f', '2026-04-19T00:50:04.000Z', 1035, 797, NULL, NULL, 979, 999, 963, 947, NULL),
  ('019dc041-cdac-7e96-a6b5-f65c6c9de73f', '2026-04-20T00:43:18.000Z', 1035, 797, NULL, NULL, 979, 1200, 969, 950, NULL),
  ('019dc041-cdac-7e96-a6b5-f65c6c9de73f', '2026-04-22T00:43:02.000Z', 1035, 700, NULL, NULL, 980, 950, 971, 949, NULL),
  ('019dc041-cdac-7e96-a6b5-f65c6c9de73f', '2026-04-23T00:46:09.000Z', 936, 800, NULL, NULL, 974, 950, 971, 949, NULL),
  ('019dc041-cdac-7e96-a6b5-f65c6c9de73f', '2026-04-24T00:44:56.000Z', 936, 800, NULL, NULL, 979, 986, 933, 934, NULL),
  ('019dc041-cdad-78cb-9f8e-7e8d7169ca5f', '2026-04-19T00:50:04.000Z', 1592, 1500, NULL, NULL, 1661, 1670, 1618, 1582, NULL),
  ('019dc041-cdad-78cb-9f8e-7e8d7169ca5f', '2026-04-20T00:43:18.000Z', 1592, 1500, NULL, NULL, 1638, 1500, 1581, 1581, NULL),
  ('019dc041-cdad-78cb-9f8e-7e8d7169ca5f', '2026-04-22T00:43:02.000Z', 1592, 1500, NULL, NULL, 1605, 1573, 1583, 1580, NULL),
  ('019dc041-cdad-78cb-9f8e-7e8d7169ca5f', '2026-04-23T00:46:09.000Z', 1589, 1480, NULL, NULL, 1587, 1573, 1583, 1580, NULL),
  ('019dc041-cdad-78cb-9f8e-7e8d7169ca5f', '2026-04-24T00:44:56.000Z', 1589, 1480, NULL, NULL, 1575, 1600, 1587, 1602, NULL),
  ('019dc041-cdad-7c13-8da1-58152724b8e1', '2026-04-19T20:00:16.000Z', 34, 20, 41, 340, NULL, NULL, NULL, NULL, NULL),
  ('019dc041-cdad-7c13-8da1-58152724b8e1', '2026-04-20T20:00:16.000Z', 34, 20, 42, 340, NULL, NULL, NULL, NULL, NULL),
  ('019dc041-cdad-7c13-8da1-58152724b8e1', '2026-04-21T20:00:16.000Z', 35, 20, 42, 340, NULL, NULL, NULL, NULL, NULL),
  ('019dc041-cdad-7c13-8da1-58152724b8e1', '2026-04-22T20:00:14.000Z', 35, 20, 42, 340, NULL, NULL, NULL, NULL, NULL),
  ('019dc041-cdad-7c13-8da1-58152724b8e1', '2026-04-23T20:00:16.000Z', 35, 20, 42, 340, NULL, NULL, NULL, NULL, NULL),
  ('019dc041-cdad-7d13-9cc1-3059910766af', '2026-04-19T00:50:04.000Z', 460, 300, NULL, NULL, 389, 420, 391, 440, NULL),
  ('019dc041-cdad-7d13-9cc1-3059910766af', '2026-04-20T00:43:18.000Z', 460, 300, NULL, NULL, 389, 440, 402, 439, NULL),
  ('019dc041-cdad-7d13-9cc1-3059910766af', '2026-04-22T00:43:02.000Z', 460, 300, NULL, NULL, 374, 500, 410, 442, NULL),
  ('019dc041-cdad-7d13-9cc1-3059910766af', '2026-04-23T00:46:09.000Z', 460, 300, NULL, NULL, 374, 500, 410, 442, NULL),
  ('019dc041-cdad-7d13-9cc1-3059910766af', '2026-04-24T00:44:56.000Z', 423, 300, NULL, NULL, 370, 400, 394, 436, NULL),
  ('019dc041-cdad-7d33-a10c-bcbba9098d41', '2026-04-19T20:00:17.000Z', 523, 405, 544, 2331, NULL, NULL, NULL, NULL, NULL),
  ('019dc041-cdad-7d33-a10c-bcbba9098d41', '2026-04-20T20:00:17.000Z', 490, 405, 544, 800, NULL, NULL, NULL, NULL, NULL),
  ('019dc041-cdad-7d33-a10c-bcbba9098d41', '2026-04-21T20:00:17.000Z', 486, 532, 700, 2331, NULL, NULL, NULL, NULL, NULL),
  ('019dc041-cdad-7d33-a10c-bcbba9098d41', '2026-04-22T20:00:15.000Z', 486, 532, 700, 800, NULL, NULL, NULL, NULL, NULL),
  ('019dc041-cdad-7d33-a10c-bcbba9098d41', '2026-04-23T20:00:17.000Z', 486, 486, 681, 800, NULL, NULL, NULL, NULL, NULL),
  ('019dc041-cdae-70d2-b7d7-68c4a4499a0b', '2026-04-19T00:50:04.000Z', 83, 29, NULL, NULL, 78, 85, 86, 85, NULL),
  ('019dc041-cdae-70d2-b7d7-68c4a4499a0b', '2026-04-20T00:43:18.000Z', 83, 29, NULL, NULL, 80, 86, 91, 85, NULL),
  ('019dc041-cdae-70d2-b7d7-68c4a4499a0b', '2026-04-22T00:43:02.000Z', 83, 29, NULL, NULL, 81, 45, 88, 85, NULL),
  ('019dc041-cdae-70d2-b7d7-68c4a4499a0b', '2026-04-23T00:46:09.000Z', 83, 29, NULL, NULL, 82, 45, 88, 85, NULL),
  ('019dc041-cdae-70d2-b7d7-68c4a4499a0b', '2026-04-24T00:44:56.000Z', 83, 29, NULL, NULL, 80, 72, 101, 80, NULL),
  ('019dc041-cdae-74da-88d0-e16507e028b3', '2026-04-20T00:00:00.000Z', NULL, 1516, NULL, NULL, NULL, NULL, NULL, NULL, NULL),
  ('019dc041-cdae-74da-88d0-e16507e028b3', '2026-04-21T00:00:00.000Z', NULL, 1516, NULL, NULL, NULL, NULL, NULL, NULL, NULL),
  ('019dc041-cdae-74da-88d0-e16507e028b3', '2026-04-22T00:00:00.000Z', NULL, 1516, NULL, NULL, NULL, NULL, NULL, NULL, NULL),
  ('019dc041-cdae-74da-88d0-e16507e028b3', '2026-04-23T00:00:00.000Z', NULL, 1496, NULL, NULL, NULL, NULL, NULL, NULL, 1496),
  ('019dc041-cdae-74da-88d0-e16507e028b3', '2026-04-24T00:00:00.000Z', NULL, 1677, NULL, NULL, NULL, NULL, NULL, NULL, 1677),
  ('019dc041-cdae-75d3-883f-04efc4d3a332', '2026-04-19T00:50:04.000Z', 883, 600, NULL, NULL, 722, 880, 760, 846, NULL),
  ('019dc041-cdae-75d3-883f-04efc4d3a332', '2026-04-20T00:43:18.000Z', 803, 600, NULL, NULL, 691, 600, 743, 832, NULL),
  ('019dc041-cdae-75d3-883f-04efc4d3a332', '2026-04-22T00:43:02.000Z', 803, 600, NULL, NULL, 723, 899, 786, 835, NULL),
  ('019dc041-cdae-75d3-883f-04efc4d3a332', '2026-04-23T00:46:09.000Z', 803, 600, NULL, NULL, 751, 899, 786, 835, NULL),
  ('019dc041-cdae-75d3-883f-04efc4d3a332', '2026-04-24T00:44:56.000Z', 803, 600, NULL, NULL, 761, 700, 813, 812, NULL),
  ('019dc041-cdae-7ada-81bd-de23396671c9', '2026-04-20T00:00:00.000Z', NULL, 145, NULL, NULL, NULL, NULL, NULL, NULL, NULL),
  ('019dc041-cdae-7ada-81bd-de23396671c9', '2026-04-21T00:00:00.000Z', NULL, 145, NULL, NULL, NULL, NULL, NULL, NULL, NULL),
  ('019dc041-cdae-7ada-81bd-de23396671c9', '2026-04-22T00:00:00.000Z', NULL, 145, NULL, NULL, NULL, NULL, NULL, NULL, NULL),
  ('019dc041-cdae-7ada-81bd-de23396671c9', '2026-04-23T00:00:00.000Z', NULL, 145, NULL, NULL, NULL, NULL, NULL, NULL, 310),
  ('019dc041-cdae-7ada-81bd-de23396671c9', '2026-04-24T00:00:00.000Z', NULL, 145, NULL, NULL, NULL, NULL, NULL, NULL, 310),
  ('019dc041-cdae-7ca1-b029-69b692e48ec0', '2026-04-20T00:00:00.000Z', NULL, 809, NULL, NULL, NULL, NULL, NULL, NULL, NULL),
  ('019dc041-cdae-7ca1-b029-69b692e48ec0', '2026-04-21T00:00:00.000Z', NULL, 809, NULL, NULL, NULL, NULL, NULL, NULL, NULL),
  ('019dc041-cdae-7ca1-b029-69b692e48ec0', '2026-04-22T00:00:00.000Z', NULL, 809, NULL, NULL, NULL, NULL, NULL, NULL, NULL),
  ('019dc041-cdae-7ca1-b029-69b692e48ec0', '2026-04-23T00:00:00.000Z', NULL, 809, NULL, NULL, NULL, NULL, NULL, NULL, 809),
  ('019dc041-cdae-7ca1-b029-69b692e48ec0', '2026-04-24T00:00:00.000Z', NULL, 809, NULL, NULL, NULL, NULL, NULL, NULL, 809),
  ('019dc041-cdaf-7012-a53b-e88dae8fc922', '2026-04-20T00:00:00.000Z', NULL, 210, NULL, NULL, NULL, NULL, NULL, NULL, NULL),
  ('019dc041-cdaf-7012-a53b-e88dae8fc922', '2026-04-21T00:00:00.000Z', NULL, 210, NULL, NULL, NULL, NULL, NULL, NULL, NULL),
  ('019dc041-cdaf-7012-a53b-e88dae8fc922', '2026-04-22T00:00:00.000Z', NULL, 210, NULL, NULL, NULL, NULL, NULL, NULL, NULL),
  ('019dc041-cdaf-7012-a53b-e88dae8fc922', '2026-04-23T00:00:00.000Z', NULL, 210, NULL, NULL, NULL, NULL, NULL, NULL, 388),
  ('019dc041-cdaf-7012-a53b-e88dae8fc922', '2026-04-24T00:00:00.000Z', NULL, 210, NULL, NULL, NULL, NULL, NULL, NULL, 388),
  ('019dc041-cdaf-70c4-b59b-a2fa8086ef7a', '2026-04-19T20:00:17.000Z', 568, 391, 600, 4299, NULL, NULL, NULL, NULL, NULL),
  ('019dc041-cdaf-70c4-b59b-a2fa8086ef7a', '2026-04-20T20:00:17.000Z', 551, 417, 645, 4299, NULL, NULL, NULL, NULL, NULL),
  ('019dc041-cdaf-70c4-b59b-a2fa8086ef7a', '2026-04-21T20:00:17.000Z', 543, 417, 645, 4299, NULL, NULL, NULL, NULL, NULL),
  ('019dc041-cdaf-70c4-b59b-a2fa8086ef7a', '2026-04-22T20:00:15.000Z', 546, 417, 695, 4299, NULL, NULL, NULL, NULL, NULL),
  ('019dc041-cdaf-70c4-b59b-a2fa8086ef7a', '2026-04-23T20:00:17.000Z', 546, 400, 695, 4299, NULL, NULL, NULL, NULL, NULL),
  ('019dc041-cdaf-717b-b9ad-aafaff96fb88', '2026-04-19T20:00:16.000Z', 55, 35, 57, 400, NULL, NULL, NULL, NULL, NULL),
  ('019dc041-cdaf-717b-b9ad-aafaff96fb88', '2026-04-20T20:00:16.000Z', 55, 35, 58, 400, NULL, NULL, NULL, NULL, NULL),
  ('019dc041-cdaf-717b-b9ad-aafaff96fb88', '2026-04-21T20:00:16.000Z', 55, 35, 58, 400, NULL, NULL, NULL, NULL, NULL),
  ('019dc041-cdaf-717b-b9ad-aafaff96fb88', '2026-04-22T20:00:14.000Z', 55, 35, 58, 400, NULL, NULL, NULL, NULL, NULL),
  ('019dc041-cdaf-717b-b9ad-aafaff96fb88', '2026-04-23T20:00:16.000Z', 55, 35, 61, 400, NULL, NULL, NULL, NULL, NULL),
  ('019dc041-cdaf-7353-a1f5-37f61a6147e1', '2026-04-20T00:00:00.000Z', NULL, 777, NULL, NULL, NULL, NULL, NULL, NULL, NULL),
  ('019dc041-cdaf-7353-a1f5-37f61a6147e1', '2026-04-21T00:00:00.000Z', NULL, 777, NULL, NULL, NULL, NULL, NULL, NULL, NULL),
  ('019dc041-cdaf-7353-a1f5-37f61a6147e1', '2026-04-22T00:00:00.000Z', NULL, 777, NULL, NULL, NULL, NULL, NULL, NULL, NULL),
  ('019dc041-cdaf-7353-a1f5-37f61a6147e1', '2026-04-23T00:00:00.000Z', NULL, 777, NULL, NULL, NULL, NULL, NULL, NULL, 777),
  ('019dc041-cdaf-7353-a1f5-37f61a6147e1', '2026-04-24T00:00:00.000Z', NULL, 777, NULL, NULL, NULL, NULL, NULL, NULL, 777),
  ('019dc041-cdaf-74d0-9e95-362db1bef678', '2026-04-20T00:00:00.000Z', NULL, 464, NULL, NULL, NULL, NULL, NULL, NULL, NULL),
  ('019dc041-cdaf-74d0-9e95-362db1bef678', '2026-04-21T00:00:00.000Z', NULL, 464, NULL, NULL, NULL, NULL, NULL, NULL, NULL),
  ('019dc041-cdaf-74d0-9e95-362db1bef678', '2026-04-22T00:00:00.000Z', NULL, 464, NULL, NULL, NULL, NULL, NULL, NULL, NULL),
  ('019dc041-cdaf-74d0-9e95-362db1bef678', '2026-04-23T00:00:00.000Z', NULL, 464, NULL, NULL, NULL, NULL, NULL, NULL, 1521),
  ('019dc041-cdaf-74d0-9e95-362db1bef678', '2026-04-24T00:00:00.000Z', NULL, 464, NULL, NULL, NULL, NULL, NULL, NULL, 1521),
  ('019dc041-cdaf-76f7-a113-d2d496a561b4', '2026-04-19T00:50:04.000Z', 388, 300, NULL, NULL, 348, 413, 407, 408, NULL),
  ('019dc041-cdaf-76f7-a113-d2d496a561b4', '2026-04-20T00:43:18.000Z', 388, 300, NULL, NULL, 348, 413, 407, 408, NULL),
  ('019dc041-cdaf-76f7-a113-d2d496a561b4', '2026-04-22T00:43:02.000Z', 388, 300, NULL, NULL, 400, 459, 412, 396, NULL),
  ('019dc041-cdaf-76f7-a113-d2d496a561b4', '2026-04-23T00:46:09.000Z', 388, 300, NULL, NULL, 400, 459, 412, 396, NULL),
  ('019dc041-cdaf-76f7-a113-d2d496a561b4', '2026-04-24T00:44:56.000Z', 388, 300, NULL, NULL, 400, 358, 396, 390, NULL),
  ('019dc041-cdaf-771c-b89c-48e0ec0dbc85', '2026-04-19T00:50:04.000Z', 367, 280, NULL, NULL, 325, 340, 343, 360, NULL),
  ('019dc041-cdaf-771c-b89c-48e0ec0dbc85', '2026-04-20T00:43:18.000Z', 367, 280, NULL, NULL, 325, 300, 348, 360, NULL),
  ('019dc041-cdaf-771c-b89c-48e0ec0dbc85', '2026-04-22T00:43:02.000Z', 367, 280, NULL, NULL, 321, 350, 348, 361, NULL),
  ('019dc041-cdaf-771c-b89c-48e0ec0dbc85', '2026-04-23T00:46:09.000Z', 367, 280, NULL, NULL, 327, 350, 348, 361, NULL),
  ('019dc041-cdaf-771c-b89c-48e0ec0dbc85', '2026-04-24T00:44:56.000Z', 352, 275, NULL, NULL, 330, 400, 360, 365, NULL),
  ('019dc041-cdaf-789c-9d26-8575c420d304', '2026-04-20T00:00:00.000Z', NULL, 401, NULL, NULL, NULL, NULL, NULL, NULL, NULL),
  ('019dc041-cdaf-789c-9d26-8575c420d304', '2026-04-21T00:00:00.000Z', NULL, 401, NULL, NULL, NULL, NULL, NULL, NULL, NULL),
  ('019dc041-cdaf-789c-9d26-8575c420d304', '2026-04-22T00:00:00.000Z', NULL, 401, NULL, NULL, NULL, NULL, NULL, NULL, NULL),
  ('019dc041-cdaf-789c-9d26-8575c420d304', '2026-04-23T00:00:00.000Z', NULL, 403, NULL, NULL, NULL, NULL, NULL, NULL, 403),
  ('019dc041-cdaf-789c-9d26-8575c420d304', '2026-04-24T00:00:00.000Z', NULL, 404, NULL, NULL, NULL, NULL, NULL, NULL, 404),
  ('019dc041-cdaf-7920-b7e1-fc6ce8b6cd41', '2026-04-19T00:50:04.000Z', 132, 40, NULL, NULL, 130, 85, 129, 129, NULL),
  ('019dc041-cdaf-7920-b7e1-fc6ce8b6cd41', '2026-04-20T00:43:18.000Z', 132, 40, NULL, NULL, 130, 85, 129, 129, NULL),
  ('019dc041-cdaf-7920-b7e1-fc6ce8b6cd41', '2026-04-22T00:43:02.000Z', 132, 40, NULL, NULL, 138, 135, 125, 132, NULL),
  ('019dc041-cdaf-7920-b7e1-fc6ce8b6cd41', '2026-04-23T00:46:09.000Z', 132, 40, NULL, NULL, 135, 135, 125, 132, NULL),
  ('019dc041-cdaf-7920-b7e1-fc6ce8b6cd41', '2026-04-24T00:44:56.000Z', 132, 40, NULL, NULL, 135, 108, 130, 131, NULL),
  ('019dc041-cdaf-7a4f-8524-7c3ded2c40e6', '2026-04-20T00:00:00.000Z', NULL, 311, NULL, NULL, NULL, NULL, NULL, NULL, NULL),
  ('019dc041-cdaf-7a4f-8524-7c3ded2c40e6', '2026-04-21T00:00:00.000Z', NULL, 311, NULL, NULL, NULL, NULL, NULL, NULL, NULL),
  ('019dc041-cdaf-7a4f-8524-7c3ded2c40e6', '2026-04-22T00:00:00.000Z', NULL, 311, NULL, NULL, NULL, NULL, NULL, NULL, NULL),
  ('019dc041-cdaf-7a4f-8524-7c3ded2c40e6', '2026-04-23T00:00:00.000Z', NULL, 311, NULL, NULL, NULL, NULL, NULL, NULL, 311),
  ('019dc041-cdaf-7a4f-8524-7c3ded2c40e6', '2026-04-24T00:00:00.000Z', NULL, 313, NULL, NULL, NULL, NULL, NULL, NULL, 313),
  ('019dc041-cdaf-7d08-81dc-bbe193981a61', '2026-04-20T00:00:00.000Z', NULL, 1390, NULL, NULL, NULL, NULL, NULL, NULL, NULL),
  ('019dc041-cdaf-7d08-81dc-bbe193981a61', '2026-04-21T00:00:00.000Z', NULL, 1395, NULL, NULL, NULL, NULL, NULL, NULL, NULL),
  ('019dc041-cdaf-7d08-81dc-bbe193981a61', '2026-04-22T00:00:00.000Z', NULL, 1395, NULL, NULL, NULL, NULL, NULL, NULL, NULL),
  ('019dc041-cdaf-7d08-81dc-bbe193981a61', '2026-04-23T00:00:00.000Z', NULL, 1391, NULL, NULL, NULL, NULL, NULL, NULL, 1391),
  ('019dc041-cdaf-7d08-81dc-bbe193981a61', '2026-04-24T00:00:00.000Z', NULL, 1396, NULL, NULL, NULL, NULL, NULL, NULL, 1396),
  ('019dc041-cdaf-7fd2-a52e-c9db596406a1', '2026-04-20T00:00:00.000Z', NULL, 60, NULL, NULL, NULL, NULL, NULL, NULL, NULL),
  ('019dc041-cdaf-7fd2-a52e-c9db596406a1', '2026-04-21T00:00:00.000Z', NULL, 60, NULL, NULL, NULL, NULL, NULL, NULL, NULL),
  ('019dc041-cdaf-7fd2-a52e-c9db596406a1', '2026-04-22T00:00:00.000Z', NULL, 60, NULL, NULL, NULL, NULL, NULL, NULL, NULL),
  ('019dc041-cdaf-7fd2-a52e-c9db596406a1', '2026-04-23T00:00:00.000Z', NULL, 60, NULL, NULL, NULL, NULL, NULL, NULL, 139),
  ('019dc041-cdaf-7fd2-a52e-c9db596406a1', '2026-04-24T00:00:00.000Z', NULL, 60, NULL, NULL, NULL, NULL, NULL, NULL, 139),
  ('019dc041-cdaf-7ff7-80bb-6d9478a4e1a3', '2026-04-19T00:50:04.000Z', 8, 2, NULL, NULL, 7, 3, 6, 7, NULL),
  ('019dc041-cdaf-7ff7-80bb-6d9478a4e1a3', '2026-04-20T00:43:18.000Z', 8, 2, NULL, NULL, 9, 24, 6, 7, NULL),
  ('019dc041-cdaf-7ff7-80bb-6d9478a4e1a3', '2026-04-22T00:43:02.000Z', 8, 2, NULL, NULL, 8, 2, 7, 8, NULL),
  ('019dc041-cdaf-7ff7-80bb-6d9478a4e1a3', '2026-04-23T00:46:09.000Z', 8, 2, NULL, NULL, 7, 2, 7, 8, NULL),
  ('019dc041-cdaf-7ff7-80bb-6d9478a4e1a3', '2026-04-24T00:44:56.000Z', 8, 2, NULL, NULL, 7, 2, 5, 7, NULL),
  ('019dc041-cdb0-759c-bd72-9fe338dc3bba', '2026-04-19T00:50:04.000Z', 427, 349, NULL, NULL, 395, 500, 421, 419, NULL),
  ('019dc041-cdb0-759c-bd72-9fe338dc3bba', '2026-04-20T00:43:18.000Z', 427, 349, NULL, NULL, 403, 500, 406, 423, NULL),
  ('019dc041-cdb0-759c-bd72-9fe338dc3bba', '2026-04-22T00:43:02.000Z', 427, 340, NULL, NULL, 412, 439, 422, 421, NULL),
  ('019dc041-cdb0-759c-bd72-9fe338dc3bba', '2026-04-23T00:46:09.000Z', 427, 340, NULL, NULL, 430, 439, 422, 421, NULL),
  ('019dc041-cdb0-759c-bd72-9fe338dc3bba', '2026-04-24T00:44:56.000Z', 421, 340, NULL, NULL, 448, 566, 479, 431, NULL),
  ('019dc041-cdb1-72ff-9368-c91850ec680c', '2026-04-20T00:00:00.000Z', NULL, 110, NULL, NULL, NULL, NULL, NULL, NULL, NULL),
  ('019dc041-cdb1-72ff-9368-c91850ec680c', '2026-04-21T00:00:00.000Z', NULL, 110, NULL, NULL, NULL, NULL, NULL, NULL, NULL),
  ('019dc041-cdb1-72ff-9368-c91850ec680c', '2026-04-22T00:00:00.000Z', NULL, 110, NULL, NULL, NULL, NULL, NULL, NULL, NULL),
  ('019dc041-cdb1-72ff-9368-c91850ec680c', '2026-04-23T00:00:00.000Z', NULL, 110, NULL, NULL, NULL, NULL, NULL, NULL, 110),
  ('019dc041-cdb1-72ff-9368-c91850ec680c', '2026-04-24T00:00:00.000Z', NULL, 110, NULL, NULL, NULL, NULL, NULL, NULL, 110),
  ('019dc041-cdb1-7609-8394-2033f502e42f', '2026-04-19T20:00:17.000Z', 3681, 3570, 4000, 12500, NULL, NULL, NULL, NULL, NULL),
  ('019dc041-cdb1-7609-8394-2033f502e42f', '2026-04-20T20:00:17.000Z', 3689, 3578, 4112, 12500, NULL, NULL, NULL, NULL, NULL),
  ('019dc041-cdb1-7609-8394-2033f502e42f', '2026-04-21T20:00:17.000Z', 3689, 3578, 4112, 12500, NULL, NULL, NULL, NULL, NULL),
  ('019dc041-cdb1-7609-8394-2033f502e42f', '2026-04-22T20:00:15.000Z', 3686, 3575, 4114, 12500, NULL, NULL, NULL, NULL, NULL),
  ('019dc041-cdb1-7609-8394-2033f502e42f', '2026-04-23T20:00:17.000Z', 3686, 3575, 4109, 12500, NULL, NULL, NULL, NULL, NULL),
  ('019dc041-cdb1-7c79-924d-5320fd56c0d7', '2026-04-19T00:50:04.000Z', 253, 79, NULL, NULL, 281, 349, 271, 248, NULL),
  ('019dc041-cdb1-7c79-924d-5320fd56c0d7', '2026-04-20T00:43:18.000Z', 253, 79, NULL, NULL, 290, 349, 274, 250, NULL),
  ('019dc041-cdb1-7c79-924d-5320fd56c0d7', '2026-04-22T00:43:02.000Z', 253, 79, NULL, NULL, 293, 289, 273, 253, NULL),
  ('019dc041-cdb1-7c79-924d-5320fd56c0d7', '2026-04-23T00:46:09.000Z', 253, 79, NULL, NULL, 305, 289, 273, 253, NULL),
  ('019dc041-cdb1-7c79-924d-5320fd56c0d7', '2026-04-24T00:44:56.000Z', 253, 79, NULL, NULL, 311, 369, 334, 265, NULL),
  ('019dc041-cdb2-7019-a02e-a45c1168c02e', '2026-04-20T00:00:00.000Z', NULL, 60, NULL, NULL, NULL, NULL, NULL, NULL, NULL),
  ('019dc041-cdb2-7019-a02e-a45c1168c02e', '2026-04-21T00:00:00.000Z', NULL, 60, NULL, NULL, NULL, NULL, NULL, NULL, NULL),
  ('019dc041-cdb2-7019-a02e-a45c1168c02e', '2026-04-22T00:00:00.000Z', NULL, 60, NULL, NULL, NULL, NULL, NULL, NULL, NULL),
  ('019dc041-cdb2-7019-a02e-a45c1168c02e', '2026-04-23T00:00:00.000Z', NULL, 60, NULL, NULL, NULL, NULL, NULL, NULL, 97),
  ('019dc041-cdb2-7019-a02e-a45c1168c02e', '2026-04-24T00:00:00.000Z', NULL, 60, NULL, NULL, NULL, NULL, NULL, NULL, 127),
  ('019dc041-cdb3-7233-b327-cfaecf30dc7b', '2026-04-19T20:00:20.000Z', 631, 500, 758, 1999, NULL, NULL, NULL, NULL, NULL),
  ('019dc041-cdb3-7233-b327-cfaecf30dc7b', '2026-04-20T20:00:18.000Z', 632, 500, 758, 1999, NULL, NULL, NULL, NULL, NULL),
  ('019dc041-cdb3-7233-b327-cfaecf30dc7b', '2026-04-21T20:00:18.000Z', 646, 580, 800, 1999, NULL, NULL, NULL, NULL, NULL),
  ('019dc041-cdb3-7233-b327-cfaecf30dc7b', '2026-04-22T20:00:17.000Z', 671, 600, 849, 2000, NULL, NULL, NULL, NULL, NULL),
  ('019dc041-cdb3-7233-b327-cfaecf30dc7b', '2026-04-23T20:00:18.000Z', 680, 600, 849, 2000, NULL, NULL, NULL, NULL, NULL),
  ('019dc041-cdb3-7b85-a553-671d0a7a5e7b', '2026-04-20T00:00:00.000Z', NULL, 60, NULL, NULL, NULL, NULL, NULL, NULL, NULL),
  ('019dc041-cdb3-7b85-a553-671d0a7a5e7b', '2026-04-21T00:00:00.000Z', NULL, 60, NULL, NULL, NULL, NULL, NULL, NULL, NULL),
  ('019dc041-cdb3-7b85-a553-671d0a7a5e7b', '2026-04-22T00:00:00.000Z', NULL, 60, NULL, NULL, NULL, NULL, NULL, NULL, NULL),
  ('019dc041-cdb3-7b85-a553-671d0a7a5e7b', '2026-04-23T00:00:00.000Z', NULL, 60, NULL, NULL, NULL, NULL, NULL, NULL, 76),
  ('019dc041-cdb3-7b85-a553-671d0a7a5e7b', '2026-04-24T00:00:00.000Z', NULL, 60, NULL, NULL, NULL, NULL, NULL, NULL, 76),
  ('019dc041-cdb3-7c5a-8701-e0e3ad213a88', '2026-04-19T00:50:04.000Z', 525, 394, NULL, NULL, 397, 200, 439, 491, NULL),
  ('019dc041-cdb3-7c5a-8701-e0e3ad213a88', '2026-04-20T00:43:18.000Z', 525, 394, NULL, NULL, 397, 200, 439, 491, NULL),
  ('019dc041-cdb3-7c5a-8701-e0e3ad213a88', '2026-04-22T00:43:02.000Z', 525, 370, NULL, NULL, 390, 427, 445, 485, NULL),
  ('019dc041-cdb3-7c5a-8701-e0e3ad213a88', '2026-04-23T00:46:09.000Z', 456, 394, NULL, NULL, 393, 427, 445, 485, NULL),
  ('019dc041-cdb3-7c5a-8701-e0e3ad213a88', '2026-04-24T00:44:56.000Z', 456, 380, NULL, NULL, 383, 390, 415, 475, NULL),
  ('019dc041-cdb4-7221-9634-201a532dcff3', '2026-04-19T20:00:16.000Z', 378, 346, 448, 1887, NULL, NULL, NULL, NULL, NULL),
  ('019dc041-cdb4-7221-9634-201a532dcff3', '2026-04-20T20:00:16.000Z', 376, 346, 443, 1887, NULL, NULL, NULL, NULL, NULL),
  ('019dc041-cdb4-7221-9634-201a532dcff3', '2026-04-21T20:00:16.000Z', 376, 346, 419, 1887, NULL, NULL, NULL, NULL, NULL),
  ('019dc041-cdb4-7221-9634-201a532dcff3', '2026-04-22T20:00:14.000Z', 376, 346, 429, 1887, NULL, NULL, NULL, NULL, NULL),
  ('019dc041-cdb4-7221-9634-201a532dcff3', '2026-04-23T20:00:16.000Z', 376, 346, 431, 1887, NULL, NULL, NULL, NULL, NULL),
  ('019dc041-cdb4-768e-ae00-2dd62f29bafa', '2026-04-19T20:00:17.000Z', 2587, 2019, 2742, 4127, NULL, NULL, NULL, NULL, NULL),
  ('019dc041-cdb4-768e-ae00-2dd62f29bafa', '2026-04-20T20:00:17.000Z', 2587, 2019, 2742, 4127, NULL, NULL, NULL, NULL, NULL),
  ('019dc041-cdb4-768e-ae00-2dd62f29bafa', '2026-04-21T20:00:17.000Z', 2571, 1908, 2716, 4127, NULL, NULL, NULL, NULL, NULL),
  ('019dc041-cdb4-768e-ae00-2dd62f29bafa', '2026-04-22T20:00:15.000Z', 2534, 1908, 2716, 4127, NULL, NULL, NULL, NULL, NULL),
  ('019dc041-cdb4-768e-ae00-2dd62f29bafa', '2026-04-23T20:00:17.000Z', 2477, 1908, 2716, 4127, NULL, NULL, NULL, NULL, NULL),
  ('019dc041-cdb4-76ed-851a-2beb5b666aff', '2026-04-20T00:00:00.000Z', NULL, 803, NULL, NULL, NULL, NULL, NULL, NULL, NULL),
  ('019dc041-cdb4-76ed-851a-2beb5b666aff', '2026-04-21T00:00:00.000Z', NULL, 914, NULL, NULL, NULL, NULL, NULL, NULL, NULL),
  ('019dc041-cdb4-76ed-851a-2beb5b666aff', '2026-04-22T00:00:00.000Z', NULL, 913, NULL, NULL, NULL, NULL, NULL, NULL, NULL),
  ('019dc041-cdb4-76ed-851a-2beb5b666aff', '2026-04-23T00:00:00.000Z', NULL, 913, NULL, NULL, NULL, NULL, NULL, NULL, 913),
  ('019dc041-cdb4-76ed-851a-2beb5b666aff', '2026-04-24T00:00:00.000Z', NULL, 905, NULL, NULL, NULL, NULL, NULL, NULL, 905),
  ('019dc041-cdb4-799a-bd77-f643f8229402', '2026-04-20T00:00:00.000Z', NULL, 891, NULL, NULL, NULL, NULL, NULL, NULL, NULL),
  ('019dc041-cdb4-799a-bd77-f643f8229402', '2026-04-21T00:00:00.000Z', NULL, 891, NULL, NULL, NULL, NULL, NULL, NULL, NULL),
  ('019dc041-cdb4-799a-bd77-f643f8229402', '2026-04-22T00:00:00.000Z', NULL, 613, NULL, NULL, NULL, NULL, NULL, NULL, NULL),
  ('019dc041-cdb4-799a-bd77-f643f8229402', '2026-04-23T00:00:00.000Z', NULL, 613, NULL, NULL, NULL, NULL, NULL, NULL, 613),
  ('019dc041-cdb4-799a-bd77-f643f8229402', '2026-04-24T00:00:00.000Z', NULL, 613, NULL, NULL, NULL, NULL, NULL, NULL, 613),
  ('019dc041-cdb5-7088-8a1a-2e3a5e3dcfd6', '2026-04-19T00:50:04.000Z', 505, 350, NULL, NULL, 469, 415, 486, 481, NULL),
  ('019dc041-cdb5-7088-8a1a-2e3a5e3dcfd6', '2026-04-20T00:43:18.000Z', 505, 350, NULL, NULL, 469, 415, 486, 481, NULL),
  ('019dc041-cdb5-7088-8a1a-2e3a5e3dcfd6', '2026-04-22T00:43:02.000Z', 505, 360, NULL, NULL, 474, 499, 479, 474, NULL),
  ('019dc041-cdb5-7088-8a1a-2e3a5e3dcfd6', '2026-04-23T00:46:09.000Z', 464, 360, NULL, NULL, 473, 499, 479, 474, NULL),
  ('019dc041-cdb5-7088-8a1a-2e3a5e3dcfd6', '2026-04-24T00:44:56.000Z', 464, 380, NULL, NULL, 468, 427, 447, 469, NULL),
  ('019dc041-cdb5-715a-9f6d-057011e25192', '2026-04-19T20:00:16.000Z', 193, 150, 203, 450, NULL, NULL, NULL, NULL, NULL),
  ('019dc041-cdb5-715a-9f6d-057011e25192', '2026-04-20T20:00:16.000Z', 192, 150, 202, 450, NULL, NULL, NULL, NULL, NULL),
  ('019dc041-cdb5-715a-9f6d-057011e25192', '2026-04-21T20:00:16.000Z', 192, 150, 210, 450, NULL, NULL, NULL, NULL, NULL),
  ('019dc041-cdb5-715a-9f6d-057011e25192', '2026-04-22T20:00:14.000Z', 192, 150, 202, 450, NULL, NULL, NULL, NULL, NULL),
  ('019dc041-cdb5-715a-9f6d-057011e25192', '2026-04-23T20:00:16.000Z', 194, 150, 202, 450, NULL, NULL, NULL, NULL, NULL),
  ('019dc041-cdb5-7a65-b5a9-52a2db154dd1', '2026-04-07T00:00:00.000Z', NULL, 90, NULL, NULL, NULL, NULL, NULL, NULL, NULL),
  ('019dc041-cdb5-7a65-b5a9-52a2db154dd1', '2026-04-08T00:00:00.000Z', NULL, 90, NULL, NULL, NULL, NULL, NULL, NULL, NULL),
  ('019dc041-cdb5-7a65-b5a9-52a2db154dd1', '2026-04-09T00:00:00.000Z', NULL, 90, NULL, NULL, NULL, NULL, NULL, NULL, NULL),
  ('019dc041-cdb5-7a65-b5a9-52a2db154dd1', '2026-04-10T00:00:00.000Z', NULL, 90, NULL, NULL, NULL, NULL, NULL, NULL, NULL),
  ('019dc041-cdb5-7a65-b5a9-52a2db154dd1', '2026-04-11T00:00:00.000Z', NULL, 90, NULL, NULL, NULL, NULL, NULL, NULL, NULL),
  ('019dc041-cdb5-7f0c-bc63-8451b85c9b81', '2026-04-19T00:50:04.000Z', 125, 40, NULL, NULL, 126, 85, 122, 123, NULL),
  ('019dc041-cdb5-7f0c-bc63-8451b85c9b81', '2026-04-20T00:43:18.000Z', 125, 40, NULL, NULL, 121, 97, 113, 123, NULL),
  ('019dc041-cdb5-7f0c-bc63-8451b85c9b81', '2026-04-22T00:43:02.000Z', 125, 40, NULL, NULL, 111, 97, 105, 123, NULL),
  ('019dc041-cdb5-7f0c-bc63-8451b85c9b81', '2026-04-23T00:46:09.000Z', 125, 40, NULL, NULL, 111, 97, 105, 123, NULL),
  ('019dc041-cdb5-7f0c-bc63-8451b85c9b81', '2026-04-24T00:44:56.000Z', 125, 40, NULL, NULL, 111, 99, 100, 120, NULL),
  ('019dc041-cdb6-719f-bc1a-892e666151fa', '2026-04-19T20:00:16.000Z', 152, 87, 181, 375, NULL, NULL, NULL, NULL, NULL),
  ('019dc041-cdb6-719f-bc1a-892e666151fa', '2026-04-20T20:00:16.000Z', 152, 87, 181, 375, NULL, NULL, NULL, NULL, NULL),
  ('019dc041-cdb6-719f-bc1a-892e666151fa', '2026-04-21T20:00:16.000Z', 145, 87, 182, 375, NULL, NULL, NULL, NULL, NULL),
  ('019dc041-cdb6-719f-bc1a-892e666151fa', '2026-04-22T20:00:14.000Z', 145, 87, 181, 375, NULL, NULL, NULL, NULL, NULL),
  ('019dc041-cdb6-719f-bc1a-892e666151fa', '2026-04-23T20:00:16.000Z', 142, 87, 182, 375, NULL, NULL, NULL, NULL, NULL),
  ('019dc041-cdb6-75c7-a2bc-f815c620e19a', '2026-04-20T00:00:00.000Z', NULL, 1015, NULL, NULL, NULL, NULL, NULL, NULL, NULL),
  ('019dc041-cdb6-75c7-a2bc-f815c620e19a', '2026-04-21T00:00:00.000Z', NULL, 1015, NULL, NULL, NULL, NULL, NULL, NULL, NULL),
  ('019dc041-cdb6-75c7-a2bc-f815c620e19a', '2026-04-22T00:00:00.000Z', NULL, 1015, NULL, NULL, NULL, NULL, NULL, NULL, NULL),
  ('019dc041-cdb6-75c7-a2bc-f815c620e19a', '2026-04-23T00:00:00.000Z', NULL, 1015, NULL, NULL, NULL, NULL, NULL, NULL, NULL),
  ('019dc041-cdb6-75c7-a2bc-f815c620e19a', '2026-04-24T00:00:00.000Z', NULL, 1015, NULL, NULL, NULL, NULL, NULL, NULL, NULL),
  ('019dc041-cdb6-7aae-b5e8-a147b638a269', '2026-04-20T00:00:00.000Z', NULL, 578, NULL, NULL, NULL, NULL, NULL, NULL, NULL),
  ('019dc041-cdb6-7aae-b5e8-a147b638a269', '2026-04-21T00:00:00.000Z', NULL, 578, NULL, NULL, NULL, NULL, NULL, NULL, NULL),
  ('019dc041-cdb6-7aae-b5e8-a147b638a269', '2026-04-22T00:00:00.000Z', NULL, 578, NULL, NULL, NULL, NULL, NULL, NULL, NULL),
  ('019dc041-cdb6-7aae-b5e8-a147b638a269', '2026-04-23T00:00:00.000Z', NULL, 578, NULL, NULL, NULL, NULL, NULL, NULL, 711),
  ('019dc041-cdb6-7aae-b5e8-a147b638a269', '2026-04-24T00:00:00.000Z', NULL, 578, NULL, NULL, NULL, NULL, NULL, NULL, 704),
  ('019dc041-cdb6-7cbc-9443-6c8865deeb50', '2026-04-20T00:00:00.000Z', NULL, 70, NULL, NULL, NULL, NULL, NULL, NULL, NULL),
  ('019dc041-cdb6-7cbc-9443-6c8865deeb50', '2026-04-21T00:00:00.000Z', NULL, 70, NULL, NULL, NULL, NULL, NULL, NULL, NULL),
  ('019dc041-cdb6-7cbc-9443-6c8865deeb50', '2026-04-22T00:00:00.000Z', NULL, 70, NULL, NULL, NULL, NULL, NULL, NULL, NULL),
  ('019dc041-cdb6-7cbc-9443-6c8865deeb50', '2026-04-23T00:00:00.000Z', NULL, 70, NULL, NULL, NULL, NULL, NULL, NULL, 84),
  ('019dc041-cdb6-7cbc-9443-6c8865deeb50', '2026-04-24T00:00:00.000Z', NULL, 71, NULL, NULL, NULL, NULL, NULL, NULL, 84),
  ('019dc041-cdb6-7ce3-b54a-e35a4c66101a', '2026-04-20T00:00:00.000Z', NULL, 1413, NULL, NULL, NULL, NULL, NULL, NULL, NULL),
  ('019dc041-cdb6-7ce3-b54a-e35a4c66101a', '2026-04-21T00:00:00.000Z', NULL, 1421, NULL, NULL, NULL, NULL, NULL, NULL, NULL),
  ('019dc041-cdb6-7ce3-b54a-e35a4c66101a', '2026-04-22T00:00:00.000Z', NULL, 3552, NULL, NULL, NULL, NULL, NULL, NULL, NULL),
  ('019dc041-cdb6-7ce3-b54a-e35a4c66101a', '2026-04-23T00:00:00.000Z', NULL, 3452, NULL, NULL, NULL, NULL, NULL, NULL, 3452),
  ('019dc041-cdb6-7ce3-b54a-e35a4c66101a', '2026-04-24T00:00:00.000Z', NULL, 3180, NULL, NULL, NULL, NULL, NULL, NULL, 3180),
  ('019dc041-cdb7-752b-9fa5-b18502a23fbc', '2026-04-20T00:00:00.000Z', NULL, 564, NULL, NULL, NULL, NULL, NULL, NULL, NULL),
  ('019dc041-cdb7-752b-9fa5-b18502a23fbc', '2026-04-21T00:00:00.000Z', NULL, 564, NULL, NULL, NULL, NULL, NULL, NULL, NULL),
  ('019dc041-cdb7-752b-9fa5-b18502a23fbc', '2026-04-22T00:00:00.000Z', NULL, 564, NULL, NULL, NULL, NULL, NULL, NULL, NULL),
  ('019dc041-cdb7-752b-9fa5-b18502a23fbc', '2026-04-23T00:00:00.000Z', NULL, 564, NULL, NULL, NULL, NULL, NULL, NULL, 603),
  ('019dc041-cdb7-752b-9fa5-b18502a23fbc', '2026-04-24T00:00:00.000Z', NULL, 564, NULL, NULL, NULL, NULL, NULL, NULL, 603),
  ('019dc041-cdb7-7d24-925e-d8e684347dd1', '2026-04-19T20:00:17.000Z', 512, 353, 699, 3000, NULL, NULL, NULL, NULL, NULL),
  ('019dc041-cdb7-7d24-925e-d8e684347dd1', '2026-04-20T20:00:17.000Z', 509, 353, 699, 3000, NULL, NULL, NULL, NULL, NULL),
  ('019dc041-cdb7-7d24-925e-d8e684347dd1', '2026-04-21T20:00:17.000Z', 511, 353, 694, 3000, NULL, NULL, NULL, NULL, NULL),
  ('019dc041-cdb7-7d24-925e-d8e684347dd1', '2026-04-22T20:00:15.000Z', 498, 349, 694, 3000, NULL, NULL, NULL, NULL, NULL),
  ('019dc041-cdb7-7d24-925e-d8e684347dd1', '2026-04-23T20:00:17.000Z', 489, 350, 659, 3000, NULL, NULL, NULL, NULL, NULL),
  ('019dc041-cdb7-7f73-89cc-758b8c712a03', '2026-04-20T00:00:00.000Z', NULL, 713, NULL, NULL, NULL, NULL, NULL, NULL, NULL),
  ('019dc041-cdb7-7f73-89cc-758b8c712a03', '2026-04-21T00:00:00.000Z', NULL, 713, NULL, NULL, NULL, NULL, NULL, NULL, NULL),
  ('019dc041-cdb7-7f73-89cc-758b8c712a03', '2026-04-22T00:00:00.000Z', NULL, 713, NULL, NULL, NULL, NULL, NULL, NULL, NULL),
  ('019dc041-cdb7-7f73-89cc-758b8c712a03', '2026-04-23T00:00:00.000Z', NULL, 713, NULL, NULL, NULL, NULL, NULL, NULL, 714),
  ('019dc041-cdb7-7f73-89cc-758b8c712a03', '2026-04-24T00:00:00.000Z', NULL, 713, NULL, NULL, NULL, NULL, NULL, NULL, 714),
  ('019dc041-cdb8-713e-913e-3b8df6f268c9', '2026-04-19T20:00:16.000Z', 1514, 1416, 1682, 2999, NULL, NULL, NULL, NULL, NULL),
  ('019dc041-cdb8-713e-913e-3b8df6f268c9', '2026-04-20T20:00:16.000Z', 1512, 1499, 1845, 2999, NULL, NULL, NULL, NULL, NULL),
  ('019dc041-cdb8-713e-913e-3b8df6f268c9', '2026-04-21T20:00:16.000Z', 1510, 1499, 1872, 2999, NULL, NULL, NULL, NULL, NULL),
  ('019dc041-cdb8-713e-913e-3b8df6f268c9', '2026-04-22T20:00:14.000Z', 1523, 1499, 1866, 2999, NULL, NULL, NULL, NULL, NULL),
  ('019dc041-cdb8-713e-913e-3b8df6f268c9', '2026-04-23T20:00:16.000Z', 1538, 1499, 1910, 2999, NULL, NULL, NULL, NULL, NULL),
  ('019dc041-cdb8-759a-8e99-d0d91a62a140', '2026-04-20T00:00:00.000Z', NULL, 321, NULL, NULL, NULL, NULL, NULL, NULL, NULL),
  ('019dc041-cdb8-759a-8e99-d0d91a62a140', '2026-04-21T00:00:00.000Z', NULL, 321, NULL, NULL, NULL, NULL, NULL, NULL, NULL),
  ('019dc041-cdb8-759a-8e99-d0d91a62a140', '2026-04-22T00:00:00.000Z', NULL, 321, NULL, NULL, NULL, NULL, NULL, NULL, NULL),
  ('019dc041-cdb8-759a-8e99-d0d91a62a140', '2026-04-23T00:00:00.000Z', NULL, 321, NULL, NULL, NULL, NULL, NULL, NULL, 341),
  ('019dc041-cdb8-759a-8e99-d0d91a62a140', '2026-04-24T00:00:00.000Z', NULL, 264, NULL, NULL, NULL, NULL, NULL, NULL, 264),
  ('019dc041-cdb8-76fe-9f80-c28e11607baf', '2026-04-19T20:00:16.000Z', 138, 70, 147, 524, NULL, NULL, NULL, NULL, NULL),
  ('019dc041-cdb8-76fe-9f80-c28e11607baf', '2026-04-20T20:00:16.000Z', 138, 70, 147, 524, NULL, NULL, NULL, NULL, NULL),
  ('019dc041-cdb8-76fe-9f80-c28e11607baf', '2026-04-21T20:00:16.000Z', 138, 70, 147, 524, NULL, NULL, NULL, NULL, NULL),
  ('019dc041-cdb8-76fe-9f80-c28e11607baf', '2026-04-22T20:00:14.000Z', 134, 70, 147, 524, NULL, NULL, NULL, NULL, NULL),
  ('019dc041-cdb8-76fe-9f80-c28e11607baf', '2026-04-23T20:00:16.000Z', 134, 70, 149, 524, NULL, NULL, NULL, NULL, NULL),
  ('019dc041-cdb8-7851-a943-854ab43eab41', '2026-04-20T00:00:00.000Z', NULL, 410, NULL, NULL, NULL, NULL, NULL, NULL, NULL),
  ('019dc041-cdb8-7851-a943-854ab43eab41', '2026-04-21T00:00:00.000Z', NULL, 410, NULL, NULL, NULL, NULL, NULL, NULL, NULL),
  ('019dc041-cdb8-7851-a943-854ab43eab41', '2026-04-22T00:00:00.000Z', NULL, 410, NULL, NULL, NULL, NULL, NULL, NULL, NULL),
  ('019dc041-cdb8-7851-a943-854ab43eab41', '2026-04-23T00:00:00.000Z', NULL, 410, NULL, NULL, NULL, NULL, NULL, NULL, 410),
  ('019dc041-cdb8-7851-a943-854ab43eab41', '2026-04-24T00:00:00.000Z', NULL, 410, NULL, NULL, NULL, NULL, NULL, NULL, 410),
  ('019dc041-cdb8-79c0-a975-2e0233679d79', '2026-04-20T00:00:00.000Z', NULL, 714, NULL, NULL, NULL, NULL, NULL, NULL, NULL),
  ('019dc041-cdb8-79c0-a975-2e0233679d79', '2026-04-21T00:00:00.000Z', NULL, 714, NULL, NULL, NULL, NULL, NULL, NULL, NULL),
  ('019dc041-cdb8-79c0-a975-2e0233679d79', '2026-04-22T00:00:00.000Z', NULL, 714, NULL, NULL, NULL, NULL, NULL, NULL, NULL),
  ('019dc041-cdb8-79c0-a975-2e0233679d79', '2026-04-23T00:00:00.000Z', NULL, 714, NULL, NULL, NULL, NULL, NULL, NULL, 975),
  ('019dc041-cdb8-79c0-a975-2e0233679d79', '2026-04-24T00:00:00.000Z', NULL, 714, NULL, NULL, NULL, NULL, NULL, NULL, 975),
  ('019dc041-cdb8-7a12-a7d3-0c019520990a', '2026-04-19T00:50:04.000Z', 93, 20, NULL, NULL, 92, 80, 87, 91, NULL),
  ('019dc041-cdb8-7a12-a7d3-0c019520990a', '2026-04-20T00:43:18.000Z', 93, 20, NULL, NULL, 92, 80, 87, 91, NULL),
  ('019dc041-cdb8-7a12-a7d3-0c019520990a', '2026-04-22T00:43:02.000Z', 93, 20, NULL, NULL, 85, 97, 86, 92, NULL),
  ('019dc041-cdb8-7a12-a7d3-0c019520990a', '2026-04-23T00:46:09.000Z', 93, 20, NULL, NULL, 82, 97, 86, 92, NULL),
  ('019dc041-cdb8-7a12-a7d3-0c019520990a', '2026-04-24T00:44:56.000Z', 93, 15, NULL, NULL, 76, 30, 82, 92, NULL),
  ('019dc041-cdb8-7a4d-94d5-a21ca9203211', '2026-04-20T00:00:00.000Z', NULL, 210, NULL, NULL, NULL, NULL, NULL, NULL, NULL),
  ('019dc041-cdb8-7a4d-94d5-a21ca9203211', '2026-04-21T00:00:00.000Z', NULL, 210, NULL, NULL, NULL, NULL, NULL, NULL, NULL),
  ('019dc041-cdb8-7a4d-94d5-a21ca9203211', '2026-04-22T00:00:00.000Z', NULL, 210, NULL, NULL, NULL, NULL, NULL, NULL, NULL),
  ('019dc041-cdb8-7a4d-94d5-a21ca9203211', '2026-04-23T00:00:00.000Z', NULL, 210, NULL, NULL, NULL, NULL, NULL, NULL, 210),
  ('019dc041-cdb8-7a4d-94d5-a21ca9203211', '2026-04-24T00:00:00.000Z', NULL, 210, NULL, NULL, NULL, NULL, NULL, NULL, 210),
  ('019dc041-cdb8-7ecf-be55-9b725c9abab1', '2026-04-20T00:00:00.000Z', NULL, 19, NULL, NULL, NULL, NULL, NULL, NULL, NULL),
  ('019dc041-cdb8-7ecf-be55-9b725c9abab1', '2026-04-21T00:00:00.000Z', NULL, 19, NULL, NULL, NULL, NULL, NULL, NULL, NULL),
  ('019dc041-cdb8-7ecf-be55-9b725c9abab1', '2026-04-22T00:00:00.000Z', NULL, 19, NULL, NULL, NULL, NULL, NULL, NULL, NULL),
  ('019dc041-cdb8-7ecf-be55-9b725c9abab1', '2026-04-23T00:00:00.000Z', NULL, 19, NULL, NULL, NULL, NULL, NULL, NULL, 48),
  ('019dc041-cdb8-7ecf-be55-9b725c9abab1', '2026-04-24T00:00:00.000Z', NULL, 19, NULL, NULL, NULL, NULL, NULL, NULL, 48),
  ('019dc041-cdb9-7077-a77b-80c5bad48394', '2026-04-19T00:50:04.000Z', 570, 400, NULL, NULL, 354, 400, 464, 557, NULL),
  ('019dc041-cdb9-7077-a77b-80c5bad48394', '2026-04-20T00:43:18.000Z', 570, 350, NULL, NULL, 354, 400, 464, 557, NULL),
  ('019dc041-cdb9-7077-a77b-80c5bad48394', '2026-04-22T00:43:02.000Z', 570, 350, NULL, NULL, 372, 400, 464, 557, NULL),
  ('019dc041-cdb9-7077-a77b-80c5bad48394', '2026-04-23T00:46:09.000Z', 570, 350, NULL, NULL, 389, 400, 464, 557, NULL),
  ('019dc041-cdb9-7077-a77b-80c5bad48394', '2026-04-24T00:44:56.000Z', 475, 350, NULL, NULL, 407, 439, 455, 506, NULL),
  ('019dc041-cdb9-708a-a64a-726d121e2655', '2026-04-19T00:50:04.000Z', 93, 30, NULL, NULL, 85, 35, 90, 90, NULL),
  ('019dc041-cdb9-708a-a64a-726d121e2655', '2026-04-20T00:43:18.000Z', 93, 30, NULL, NULL, 83, 78, 95, 90, NULL),
  ('019dc041-cdb9-708a-a64a-726d121e2655', '2026-04-22T00:43:02.000Z', 93, 29, NULL, NULL, 99, 200, 101, 90, NULL),
  ('019dc041-cdb9-708a-a64a-726d121e2655', '2026-04-23T00:46:09.000Z', 93, 25, NULL, NULL, 99, 200, 101, 90, NULL),
  ('019dc041-cdb9-708a-a64a-726d121e2655', '2026-04-24T00:44:56.000Z', 93, 29, NULL, NULL, 97, 80, 99, 90, NULL),
  ('019dc041-cdb9-7dfc-ab90-0485d98729c6', '2026-04-19T20:00:19.000Z', 15, 3, 25, 1580, NULL, NULL, NULL, NULL, NULL),
  ('019dc041-cdb9-7dfc-ab90-0485d98729c6', '2026-04-20T20:00:18.000Z', 13, 3, 25, 154, NULL, NULL, NULL, NULL, NULL),
  ('019dc041-cdb9-7dfc-ab90-0485d98729c6', '2026-04-21T20:00:18.000Z', 14, 3, 25, 1580, NULL, NULL, NULL, NULL, NULL),
  ('019dc041-cdb9-7dfc-ab90-0485d98729c6', '2026-04-22T20:00:17.000Z', 14, 3, 25, 1580, NULL, NULL, NULL, NULL, NULL),
  ('019dc041-cdb9-7dfc-ab90-0485d98729c6', '2026-04-23T20:00:18.000Z', 13, 3, 25, 1580, NULL, NULL, NULL, NULL, NULL),
  ('019dc041-cdb9-7e4b-9a53-a63312954176', '2026-04-19T00:50:04.000Z', 176, 80, NULL, NULL, 178, 100, 154, 175, NULL),
  ('019dc041-cdb9-7e4b-9a53-a63312954176', '2026-04-20T00:43:18.000Z', 176, 80, NULL, NULL, 181, 200, 152, 176, NULL),
  ('019dc041-cdb9-7e4b-9a53-a63312954176', '2026-04-22T00:43:02.000Z', 176, 80, NULL, NULL, 165, 200, 152, 176, NULL),
  ('019dc041-cdb9-7e4b-9a53-a63312954176', '2026-04-23T00:46:09.000Z', 176, 80, NULL, NULL, 162, 200, 152, 176, NULL),
  ('019dc041-cdb9-7e4b-9a53-a63312954176', '2026-04-24T00:44:56.000Z', 176, 80, NULL, NULL, 162, 187, 157, 177, NULL),
  ('019dc041-cdb9-7e97-8340-0f25b3aa9b21', '2026-04-19T20:00:16.000Z', 2091, 1199, 2196, 3000, NULL, NULL, NULL, NULL, NULL),
  ('019dc041-cdb9-7e97-8340-0f25b3aa9b21', '2026-04-20T20:00:16.000Z', 2045, 1199, 2147, 3000, NULL, NULL, NULL, NULL, NULL),
  ('019dc041-cdb9-7e97-8340-0f25b3aa9b21', '2026-04-21T20:00:16.000Z', 1898, 1199, 2125, 3000, NULL, NULL, NULL, NULL, NULL),
  ('019dc041-cdb9-7e97-8340-0f25b3aa9b21', '2026-04-22T20:00:14.000Z', 1853, 1199, 2099, 3000, NULL, NULL, NULL, NULL, NULL),
  ('019dc041-cdb9-7e97-8340-0f25b3aa9b21', '2026-04-23T20:00:16.000Z', 1751, 1359, 2097, 3000, NULL, NULL, NULL, NULL, NULL),
  ('019dc041-cdba-7b5e-9dc3-757b5703f251', '2026-04-20T00:00:00.000Z', NULL, 22, NULL, NULL, NULL, NULL, NULL, NULL, NULL),
  ('019dc041-cdba-7b5e-9dc3-757b5703f251', '2026-04-21T00:00:00.000Z', NULL, 19, NULL, NULL, NULL, NULL, NULL, NULL, NULL),
  ('019dc041-cdba-7b5e-9dc3-757b5703f251', '2026-04-22T00:00:00.000Z', NULL, 19, NULL, NULL, NULL, NULL, NULL, NULL, NULL),
  ('019dc041-cdba-7b5e-9dc3-757b5703f251', '2026-04-23T00:00:00.000Z', NULL, 19, NULL, NULL, NULL, NULL, NULL, NULL, 19),
  ('019dc041-cdba-7b5e-9dc3-757b5703f251', '2026-04-24T00:00:00.000Z', NULL, 19, NULL, NULL, NULL, NULL, NULL, NULL, 19),
  ('019dc041-cdbb-73d7-b5f9-cd4c0312b485', '2026-04-20T00:00:00.000Z', NULL, 210, NULL, NULL, NULL, NULL, NULL, NULL, NULL),
  ('019dc041-cdbb-73d7-b5f9-cd4c0312b485', '2026-04-21T00:00:00.000Z', NULL, 210, NULL, NULL, NULL, NULL, NULL, NULL, NULL),
  ('019dc041-cdbb-73d7-b5f9-cd4c0312b485', '2026-04-22T00:00:00.000Z', NULL, 210, NULL, NULL, NULL, NULL, NULL, NULL, NULL),
  ('019dc041-cdbb-73d7-b5f9-cd4c0312b485', '2026-04-23T00:00:00.000Z', NULL, 210, NULL, NULL, NULL, NULL, NULL, NULL, 210),
  ('019dc041-cdbb-73d7-b5f9-cd4c0312b485', '2026-04-24T00:00:00.000Z', NULL, 210, NULL, NULL, NULL, NULL, NULL, NULL, 210),
  ('019dc041-cdbb-75a6-a28a-43550644844e', '2026-04-19T20:00:16.000Z', 778, 699, 899, 99900, NULL, NULL, NULL, NULL, NULL),
  ('019dc041-cdbb-75a6-a28a-43550644844e', '2026-04-20T20:00:16.000Z', 778, 695, 899, 99900, NULL, NULL, NULL, NULL, NULL),
  ('019dc041-cdbb-75a6-a28a-43550644844e', '2026-04-21T20:00:16.000Z', 750, 695, 899, 99900, NULL, NULL, NULL, NULL, NULL),
  ('019dc041-cdbb-75a6-a28a-43550644844e', '2026-04-22T20:00:14.000Z', 742, 568, 899, 99900, NULL, NULL, NULL, NULL, NULL),
  ('019dc041-cdbb-75a6-a28a-43550644844e', '2026-04-23T20:00:16.000Z', 715, 600, 899, 99900, NULL, NULL, NULL, NULL, NULL),
  ('019dc041-cdbb-794a-b903-bbcfd120bd1b', '2026-04-19T00:50:04.000Z', 996, 648, NULL, NULL, 998, 1043, 966, 1000, NULL),
  ('019dc041-cdbb-794a-b903-bbcfd120bd1b', '2026-04-20T00:43:18.000Z', 996, 648, NULL, NULL, 971, 853, 943, 1002, NULL),
  ('019dc041-cdbb-794a-b903-bbcfd120bd1b', '2026-04-22T00:43:02.000Z', 996, 648, NULL, NULL, 1005, 1108, 1015, 1018, NULL),
  ('019dc041-cdbb-794a-b903-bbcfd120bd1b', '2026-04-23T00:46:09.000Z', 996, 648, NULL, NULL, 1033, 1108, 1015, 1018, NULL),
  ('019dc041-cdbb-794a-b903-bbcfd120bd1b', '2026-04-24T00:44:56.000Z', 996, 900, NULL, NULL, 1081, 1510, 1162, 1054, NULL),
  ('019dc041-cdbb-7be4-b8fc-9a4fba1c32f3', '2026-04-19T20:00:17.000Z', 946, 750, 1389, 3749, NULL, NULL, NULL, NULL, NULL),
  ('019dc041-cdbb-7be4-b8fc-9a4fba1c32f3', '2026-04-20T20:00:17.000Z', 892, 187, 1394, 3749, NULL, NULL, NULL, NULL, NULL),
  ('019dc041-cdbb-7be4-b8fc-9a4fba1c32f3', '2026-04-21T20:00:17.000Z', 892, 751, 1382, 3749, NULL, NULL, NULL, NULL, NULL),
  ('019dc041-cdbb-7be4-b8fc-9a4fba1c32f3', '2026-04-22T20:00:15.000Z', 892, 700, 1375, 3749, NULL, NULL, NULL, NULL, NULL),
  ('019dc041-cdbb-7be4-b8fc-9a4fba1c32f3', '2026-04-23T20:00:17.000Z', 892, 700, 1291, 3749, NULL, NULL, NULL, NULL, NULL),
  ('019dc041-cdbb-7eab-ade8-2aa9203a7406', '2026-04-19T20:00:16.000Z', 169, 100, 209, 99900, NULL, NULL, NULL, NULL, NULL),
  ('019dc041-cdbb-7eab-ade8-2aa9203a7406', '2026-04-20T20:00:16.000Z', 161, 100, 209, 99900, NULL, NULL, NULL, NULL, NULL),
  ('019dc041-cdbb-7eab-ade8-2aa9203a7406', '2026-04-21T20:00:16.000Z', 155, 100, 219, 99900, NULL, NULL, NULL, NULL, NULL),
  ('019dc041-cdbb-7eab-ade8-2aa9203a7406', '2026-04-22T20:00:14.000Z', 150, 100, 200, 99900, NULL, NULL, NULL, NULL, NULL),
  ('019dc041-cdbb-7eab-ade8-2aa9203a7406', '2026-04-23T20:00:16.000Z', 145, 100, 200, 99900, NULL, NULL, NULL, NULL, NULL),
  ('019dc041-cdbc-7178-bca6-4360e15b4cf0', '2026-04-20T00:00:00.000Z', NULL, 369, NULL, NULL, NULL, NULL, NULL, NULL, NULL),
  ('019dc041-cdbc-7178-bca6-4360e15b4cf0', '2026-04-21T00:00:00.000Z', NULL, 351, NULL, NULL, NULL, NULL, NULL, NULL, NULL),
  ('019dc041-cdbc-7178-bca6-4360e15b4cf0', '2026-04-22T00:00:00.000Z', NULL, 350, NULL, NULL, NULL, NULL, NULL, NULL, NULL),
  ('019dc041-cdbc-7178-bca6-4360e15b4cf0', '2026-04-23T00:00:00.000Z', NULL, 348, NULL, NULL, NULL, NULL, NULL, NULL, 348),
  ('019dc041-cdbc-7178-bca6-4360e15b4cf0', '2026-04-24T00:00:00.000Z', NULL, 363, NULL, NULL, NULL, NULL, NULL, NULL, 369),
  ('019dc041-cdbc-728c-b15a-fb527074d710', '2026-04-20T00:00:00.000Z', NULL, 11, NULL, NULL, NULL, NULL, NULL, NULL, NULL),
  ('019dc041-cdbc-728c-b15a-fb527074d710', '2026-04-21T00:00:00.000Z', NULL, 11, NULL, NULL, NULL, NULL, NULL, NULL, NULL),
  ('019dc041-cdbc-728c-b15a-fb527074d710', '2026-04-22T00:00:00.000Z', NULL, 11, NULL, NULL, NULL, NULL, NULL, NULL, NULL),
  ('019dc041-cdbc-728c-b15a-fb527074d710', '2026-04-23T00:00:00.000Z', NULL, 11, NULL, NULL, NULL, NULL, NULL, NULL, 13),
  ('019dc041-cdbc-728c-b15a-fb527074d710', '2026-04-24T00:00:00.000Z', NULL, 12, NULL, NULL, NULL, NULL, NULL, NULL, 13),
  ('019dc041-cdbc-7647-967f-553bb9c0e7a7', '2026-04-20T00:00:00.000Z', NULL, 608, NULL, NULL, NULL, NULL, NULL, NULL, NULL),
  ('019dc041-cdbc-7647-967f-553bb9c0e7a7', '2026-04-21T00:00:00.000Z', NULL, 406, NULL, NULL, NULL, NULL, NULL, NULL, NULL),
  ('019dc041-cdbc-7647-967f-553bb9c0e7a7', '2026-04-22T00:00:00.000Z', NULL, 405, NULL, NULL, NULL, NULL, NULL, NULL, NULL),
  ('019dc041-cdbc-7647-967f-553bb9c0e7a7', '2026-04-23T00:00:00.000Z', NULL, 401, NULL, NULL, NULL, NULL, NULL, NULL, 401),
  ('019dc041-cdbc-7647-967f-553bb9c0e7a7', '2026-04-24T00:00:00.000Z', NULL, 400, NULL, NULL, NULL, NULL, NULL, NULL, 400),
  ('019dc041-cdbc-7694-a8fd-5609e560a887', '2026-04-20T00:00:00.000Z', NULL, 47, NULL, NULL, NULL, NULL, NULL, NULL, NULL),
  ('019dc041-cdbc-7694-a8fd-5609e560a887', '2026-04-21T00:00:00.000Z', NULL, 47, NULL, NULL, NULL, NULL, NULL, NULL, NULL),
  ('019dc041-cdbc-7694-a8fd-5609e560a887', '2026-04-22T00:00:00.000Z', NULL, 45, NULL, NULL, NULL, NULL, NULL, NULL, NULL),
  ('019dc041-cdbc-7694-a8fd-5609e560a887', '2026-04-23T00:00:00.000Z', NULL, 45, NULL, NULL, NULL, NULL, NULL, NULL, 57),
  ('019dc041-cdbc-7694-a8fd-5609e560a887', '2026-04-24T00:00:00.000Z', NULL, 44, NULL, NULL, NULL, NULL, NULL, NULL, 88),
  ('019dc041-cdbc-779d-a235-0f5090e94647', '2026-04-19T20:00:19.000Z', 811, 499, 1023, 9990, NULL, NULL, NULL, NULL, NULL),
  ('019dc041-cdbc-779d-a235-0f5090e94647', '2026-04-20T20:00:18.000Z', 797, 600, 1098, 9990, NULL, NULL, NULL, NULL, NULL),
  ('019dc041-cdbc-779d-a235-0f5090e94647', '2026-04-21T20:00:18.000Z', 790, 600, 1075, 9990, NULL, NULL, NULL, NULL, NULL),
  ('019dc041-cdbc-779d-a235-0f5090e94647', '2026-04-22T20:00:17.000Z', 788, 600, 1069, 9990, NULL, NULL, NULL, NULL, NULL),
  ('019dc041-cdbc-779d-a235-0f5090e94647', '2026-04-23T20:00:18.000Z', 775, 595, 1069, 9990, NULL, NULL, NULL, NULL, NULL),
  ('019dc041-cdbc-78e2-afea-8ff2805e796c', '2026-04-19T00:50:04.000Z', 334, 225, NULL, NULL, 282, 286, 339, 350, NULL),
  ('019dc041-cdbc-78e2-afea-8ff2805e796c', '2026-04-20T00:43:18.000Z', 334, 225, NULL, NULL, 282, 286, 339, 350, NULL),
  ('019dc041-cdbc-78e2-afea-8ff2805e796c', '2026-04-22T00:43:02.000Z', 334, 200, NULL, NULL, 306, 250, 336, 339, NULL),
  ('019dc041-cdbc-78e2-afea-8ff2805e796c', '2026-04-23T00:46:09.000Z', 327, 200, NULL, NULL, 315, 250, 336, 339, NULL),
  ('019dc041-cdbc-78e2-afea-8ff2805e796c', '2026-04-24T00:44:56.000Z', 327, 200, NULL, NULL, 330, 339, 318, 324, NULL),
  ('019dc041-cdbc-7958-848e-8abf6bc217d7', '2026-04-20T00:00:00.000Z', NULL, 60, NULL, NULL, NULL, NULL, NULL, NULL, NULL),
  ('019dc041-cdbc-7958-848e-8abf6bc217d7', '2026-04-21T00:00:00.000Z', NULL, 60, NULL, NULL, NULL, NULL, NULL, NULL, NULL),
  ('019dc041-cdbc-7958-848e-8abf6bc217d7', '2026-04-22T00:00:00.000Z', NULL, 60, NULL, NULL, NULL, NULL, NULL, NULL, NULL),
  ('019dc041-cdbc-7958-848e-8abf6bc217d7', '2026-04-23T00:00:00.000Z', NULL, 60, NULL, NULL, NULL, NULL, NULL, NULL, 139),
  ('019dc041-cdbc-7958-848e-8abf6bc217d7', '2026-04-24T00:00:00.000Z', NULL, 60, NULL, NULL, NULL, NULL, NULL, NULL, 139),
  ('019dc041-cdbc-7e33-8382-ab6aaf0084e7', '2026-04-20T00:00:00.000Z', NULL, 1220, NULL, NULL, NULL, NULL, NULL, NULL, NULL),
  ('019dc041-cdbc-7e33-8382-ab6aaf0084e7', '2026-04-21T00:00:00.000Z', NULL, 1220, NULL, NULL, NULL, NULL, NULL, NULL, NULL),
  ('019dc041-cdbc-7e33-8382-ab6aaf0084e7', '2026-04-22T00:00:00.000Z', NULL, 1220, NULL, NULL, NULL, NULL, NULL, NULL, NULL),
  ('019dc041-cdbc-7e33-8382-ab6aaf0084e7', '2026-04-23T00:00:00.000Z', NULL, 745, NULL, NULL, NULL, NULL, NULL, NULL, 799),
  ('019dc041-cdbc-7e33-8382-ab6aaf0084e7', '2026-04-24T00:00:00.000Z', NULL, 745, NULL, NULL, NULL, NULL, NULL, NULL, 799),
  ('019dc041-cdbd-708d-bb64-ab7f38eb2c70', '2026-04-19T00:50:04.000Z', 997, 700, NULL, NULL, 855, 780, 874, 899, NULL),
  ('019dc041-cdbd-708d-bb64-ab7f38eb2c70', '2026-04-20T00:43:18.000Z', 997, 700, NULL, NULL, 848, 830, 874, 895, NULL),
  ('019dc041-cdbd-708d-bb64-ab7f38eb2c70', '2026-04-22T00:43:02.000Z', 896, 700, NULL, NULL, 859, 950, 891, 898, NULL),
  ('019dc041-cdbd-708d-bb64-ab7f38eb2c70', '2026-04-23T00:46:09.000Z', 896, 700, NULL, NULL, 843, 950, 891, 898, NULL),
  ('019dc041-cdbd-708d-bb64-ab7f38eb2c70', '2026-04-24T00:44:56.000Z', 896, 700, NULL, NULL, 841, 883, 886, 900, NULL),
  ('019dc041-cdbd-7296-9cc7-fb8f61459720', '2026-04-20T00:00:00.000Z', NULL, 110, NULL, NULL, NULL, NULL, NULL, NULL, NULL),
  ('019dc041-cdbd-7296-9cc7-fb8f61459720', '2026-04-21T00:00:00.000Z', NULL, 110, NULL, NULL, NULL, NULL, NULL, NULL, NULL),
  ('019dc041-cdbd-7296-9cc7-fb8f61459720', '2026-04-22T00:00:00.000Z', NULL, 110, NULL, NULL, NULL, NULL, NULL, NULL, NULL),
  ('019dc041-cdbd-7296-9cc7-fb8f61459720', '2026-04-23T00:00:00.000Z', NULL, 110, NULL, NULL, NULL, NULL, NULL, NULL, 110),
  ('019dc041-cdbd-7296-9cc7-fb8f61459720', '2026-04-24T00:00:00.000Z', NULL, 110, NULL, NULL, NULL, NULL, NULL, NULL, 110),
  ('019dc041-cdbd-7320-a33b-78659edc0340', '2026-04-20T00:00:00.000Z', NULL, 564, NULL, NULL, NULL, NULL, NULL, NULL, NULL),
  ('019dc041-cdbd-7320-a33b-78659edc0340', '2026-04-21T00:00:00.000Z', NULL, 564, NULL, NULL, NULL, NULL, NULL, NULL, NULL),
  ('019dc041-cdbd-7320-a33b-78659edc0340', '2026-04-22T00:00:00.000Z', NULL, 563, NULL, NULL, NULL, NULL, NULL, NULL, NULL),
  ('019dc041-cdbd-7320-a33b-78659edc0340', '2026-04-23T00:00:00.000Z', NULL, 544, NULL, NULL, NULL, NULL, NULL, NULL, 544),
  ('019dc041-cdbd-7320-a33b-78659edc0340', '2026-04-24T00:00:00.000Z', NULL, 544, NULL, NULL, NULL, NULL, NULL, NULL, 544),
  ('019dc041-cdbd-73fd-b792-9169a21011ef', '2026-04-20T00:00:00.000Z', NULL, 160, NULL, NULL, NULL, NULL, NULL, NULL, NULL),
  ('019dc041-cdbd-73fd-b792-9169a21011ef', '2026-04-21T00:00:00.000Z', NULL, 160, NULL, NULL, NULL, NULL, NULL, NULL, NULL),
  ('019dc041-cdbd-73fd-b792-9169a21011ef', '2026-04-22T00:00:00.000Z', NULL, 160, NULL, NULL, NULL, NULL, NULL, NULL, NULL),
  ('019dc041-cdbd-73fd-b792-9169a21011ef', '2026-04-23T00:00:00.000Z', NULL, 160, NULL, NULL, NULL, NULL, NULL, NULL, 160),
  ('019dc041-cdbd-73fd-b792-9169a21011ef', '2026-04-24T00:00:00.000Z', NULL, 160, NULL, NULL, NULL, NULL, NULL, NULL, 160),
  ('019dc041-cdbd-74ae-971c-032b37b79c72', '2026-04-19T00:50:04.000Z', 770, 600, NULL, NULL, 750, 726, 769, 762, NULL),
  ('019dc041-cdbd-74ae-971c-032b37b79c72', '2026-04-20T00:43:18.000Z', 770, 595, NULL, NULL, 751, 733, 776, 759, NULL),
  ('019dc041-cdbd-74ae-971c-032b37b79c72', '2026-04-22T00:43:02.000Z', 770, 595, NULL, NULL, 765, 811, 797, 756, NULL),
  ('019dc041-cdbd-74ae-971c-032b37b79c72', '2026-04-23T00:46:09.000Z', 770, 470, NULL, NULL, 761, 811, 797, 756, NULL),
  ('019dc041-cdbd-74ae-971c-032b37b79c72', '2026-04-24T00:44:56.000Z', 758, 470, NULL, NULL, 735, 600, 748, 757, NULL),
  ('019dc041-cdbd-76ce-9441-95b4fe27cd26', '2026-04-20T00:00:00.000Z', NULL, 909, NULL, NULL, NULL, NULL, NULL, NULL, NULL),
  ('019dc041-cdbd-76ce-9441-95b4fe27cd26', '2026-04-21T00:00:00.000Z', NULL, 995, NULL, NULL, NULL, NULL, NULL, NULL, NULL),
  ('019dc041-cdbd-76ce-9441-95b4fe27cd26', '2026-04-22T00:00:00.000Z', NULL, 995, NULL, NULL, NULL, NULL, NULL, NULL, NULL),
  ('019dc041-cdbd-76ce-9441-95b4fe27cd26', '2026-04-23T00:00:00.000Z', NULL, 995, NULL, NULL, NULL, NULL, NULL, NULL, 995),
  ('019dc041-cdbd-76ce-9441-95b4fe27cd26', '2026-04-24T00:00:00.000Z', NULL, 995, NULL, NULL, NULL, NULL, NULL, NULL, 995),
  ('019dc041-cdbd-784c-be55-31f39c02a82b', '2026-04-20T00:00:00.000Z', NULL, 491, NULL, NULL, NULL, NULL, NULL, NULL, NULL),
  ('019dc041-cdbd-784c-be55-31f39c02a82b', '2026-04-21T00:00:00.000Z', NULL, 492, NULL, NULL, NULL, NULL, NULL, NULL, NULL),
  ('019dc041-cdbd-784c-be55-31f39c02a82b', '2026-04-22T00:00:00.000Z', NULL, 492, NULL, NULL, NULL, NULL, NULL, NULL, NULL),
  ('019dc041-cdbd-784c-be55-31f39c02a82b', '2026-04-23T00:00:00.000Z', NULL, 491, NULL, NULL, NULL, NULL, NULL, NULL, 491),
  ('019dc041-cdbd-784c-be55-31f39c02a82b', '2026-04-24T00:00:00.000Z', NULL, 493, NULL, NULL, NULL, NULL, NULL, NULL, 493),
  ('019dc041-cdbd-7b5c-9e15-26924ef9b82e', '2026-04-20T00:00:00.000Z', NULL, 260, NULL, NULL, NULL, NULL, NULL, NULL, NULL),
  ('019dc041-cdbd-7b5c-9e15-26924ef9b82e', '2026-04-21T00:00:00.000Z', NULL, 260, NULL, NULL, NULL, NULL, NULL, NULL, NULL),
  ('019dc041-cdbd-7b5c-9e15-26924ef9b82e', '2026-04-22T00:00:00.000Z', NULL, 260, NULL, NULL, NULL, NULL, NULL, NULL, NULL),
  ('019dc041-cdbd-7b5c-9e15-26924ef9b82e', '2026-04-23T00:00:00.000Z', NULL, 260, NULL, NULL, NULL, NULL, NULL, NULL, 260),
  ('019dc041-cdbd-7b5c-9e15-26924ef9b82e', '2026-04-24T00:00:00.000Z', NULL, 260, NULL, NULL, NULL, NULL, NULL, NULL, 260),
  ('019dc041-cdbd-7bf6-a3bb-b71149f55de1', '2026-04-19T00:50:04.000Z', 12, 2, NULL, NULL, 9, 2, 12, 12, NULL),
  ('019dc041-cdbd-7bf6-a3bb-b71149f55de1', '2026-04-20T00:43:18.000Z', 12, 2, NULL, NULL, 9, 13, 12, 13, NULL),
  ('019dc041-cdbd-7bf6-a3bb-b71149f55de1', '2026-04-22T00:43:02.000Z', 12, 2, NULL, NULL, 10, 8, 11, 12, NULL),
  ('019dc041-cdbd-7bf6-a3bb-b71149f55de1', '2026-04-23T00:46:09.000Z', 12, 2, NULL, NULL, 10, 8, 11, 12, NULL),
  ('019dc041-cdbd-7bf6-a3bb-b71149f55de1', '2026-04-24T00:44:56.000Z', 12, 2, NULL, NULL, 9, 7, 11, 12, NULL),
  ('019dc041-cdbd-7d8f-bce2-d190d6b9fe0f', '2026-04-19T00:50:04.000Z', 147, 87, NULL, NULL, 145, 172, 147, 148, NULL),
  ('019dc041-cdbd-7d8f-bce2-d190d6b9fe0f', '2026-04-20T00:43:18.000Z', 147, 87, NULL, NULL, 145, 148, 147, 148, NULL),
  ('019dc041-cdbd-7d8f-bce2-d190d6b9fe0f', '2026-04-22T00:43:02.000Z', 147, 87, NULL, NULL, 137, 148, 147, 148, NULL),
  ('019dc041-cdbd-7d8f-bce2-d190d6b9fe0f', '2026-04-23T00:46:09.000Z', 147, 87, NULL, NULL, 138, 148, 147, 148, NULL),
  ('019dc041-cdbd-7d8f-bce2-d190d6b9fe0f', '2026-04-24T00:44:56.000Z', 147, 87, NULL, NULL, 138, 161, 153, 150, NULL),
  ('019dc041-cdbe-7117-b79d-3bc91690829a', '2026-04-20T00:00:00.000Z', NULL, 509, NULL, NULL, NULL, NULL, NULL, NULL, NULL),
  ('019dc041-cdbe-7117-b79d-3bc91690829a', '2026-04-21T00:00:00.000Z', NULL, 509, NULL, NULL, NULL, NULL, NULL, NULL, NULL),
  ('019dc041-cdbe-7117-b79d-3bc91690829a', '2026-04-22T00:00:00.000Z', NULL, 509, NULL, NULL, NULL, NULL, NULL, NULL, NULL),
  ('019dc041-cdbe-7117-b79d-3bc91690829a', '2026-04-23T00:00:00.000Z', NULL, 509, NULL, NULL, NULL, NULL, NULL, NULL, 616),
  ('019dc041-cdbe-7117-b79d-3bc91690829a', '2026-04-24T00:00:00.000Z', NULL, 509, NULL, NULL, NULL, NULL, NULL, NULL, 631),
  ('019dc041-cdbe-7151-8c3d-d550c95b42a4', '2026-04-20T00:00:00.000Z', NULL, 914, NULL, NULL, NULL, NULL, NULL, NULL, NULL),
  ('019dc041-cdbe-7151-8c3d-d550c95b42a4', '2026-04-21T00:00:00.000Z', NULL, 914, NULL, NULL, NULL, NULL, NULL, NULL, NULL),
  ('019dc041-cdbe-7151-8c3d-d550c95b42a4', '2026-04-22T00:00:00.000Z', NULL, 904, NULL, NULL, NULL, NULL, NULL, NULL, NULL),
  ('019dc041-cdbe-7151-8c3d-d550c95b42a4', '2026-04-23T00:00:00.000Z', NULL, 895, NULL, NULL, NULL, NULL, NULL, NULL, 895),
  ('019dc041-cdbe-7151-8c3d-d550c95b42a4', '2026-04-24T00:00:00.000Z', NULL, 895, NULL, NULL, NULL, NULL, NULL, NULL, 895),
  ('019dc041-cdbe-71eb-85dc-de5d68ddc4cd', '2026-04-20T00:00:00.000Z', NULL, 68, NULL, NULL, NULL, NULL, NULL, NULL, NULL),
  ('019dc041-cdbe-71eb-85dc-de5d68ddc4cd', '2026-04-21T00:00:00.000Z', NULL, 68, NULL, NULL, NULL, NULL, NULL, NULL, NULL),
  ('019dc041-cdbe-71eb-85dc-de5d68ddc4cd', '2026-04-22T00:00:00.000Z', NULL, 68, NULL, NULL, NULL, NULL, NULL, NULL, NULL),
  ('019dc041-cdbe-71eb-85dc-de5d68ddc4cd', '2026-04-23T00:00:00.000Z', NULL, 68, NULL, NULL, NULL, NULL, NULL, NULL, 98),
  ('019dc041-cdbe-71eb-85dc-de5d68ddc4cd', '2026-04-24T00:00:00.000Z', NULL, 68, NULL, NULL, NULL, NULL, NULL, NULL, 98),
  ('019dc041-cdbe-72cc-bd68-88f92385b9ee', '2026-04-19T00:50:04.000Z', 31, 2, NULL, NULL, 28, 40, 23, 26, NULL),
  ('019dc041-cdbe-72cc-bd68-88f92385b9ee', '2026-04-20T00:43:18.000Z', 31, 2, NULL, NULL, 28, 40, 23, 26, NULL),
  ('019dc041-cdbe-72cc-bd68-88f92385b9ee', '2026-04-22T00:43:02.000Z', 31, 2, NULL, NULL, 28, 40, 23, 26, NULL),
  ('019dc041-cdbe-72cc-bd68-88f92385b9ee', '2026-04-23T00:46:09.000Z', 31, 2, NULL, NULL, 28, 40, 23, 26, NULL),
  ('019dc041-cdbe-72cc-bd68-88f92385b9ee', '2026-04-24T00:44:56.000Z', 31, 2, NULL, NULL, 24, 3, 18, 25, NULL),
  ('019dc041-cdbe-7580-ba4b-6eca5d83b769', '2026-04-20T00:00:00.000Z', NULL, 1015, NULL, NULL, NULL, NULL, NULL, NULL, NULL),
  ('019dc041-cdbe-7580-ba4b-6eca5d83b769', '2026-04-21T00:00:00.000Z', NULL, 1015, NULL, NULL, NULL, NULL, NULL, NULL, NULL),
  ('019dc041-cdbe-7580-ba4b-6eca5d83b769', '2026-04-22T00:00:00.000Z', NULL, 1015, NULL, NULL, NULL, NULL, NULL, NULL, NULL),
  ('019dc041-cdbe-7580-ba4b-6eca5d83b769', '2026-04-23T00:00:00.000Z', NULL, 1015, NULL, NULL, NULL, NULL, NULL, NULL, 1201),
  ('019dc041-cdbe-7580-ba4b-6eca5d83b769', '2026-04-24T00:00:00.000Z', NULL, 1015, NULL, NULL, NULL, NULL, NULL, NULL, 1211),
  ('019dc041-cdbe-7738-8f06-5a966f529ce8', '2026-04-19T20:00:17.000Z', 3400, 3029, 3649, 7500, NULL, NULL, NULL, NULL, NULL),
  ('019dc041-cdbe-7738-8f06-5a966f529ce8', '2026-04-20T20:00:17.000Z', 3401, 2978, 3599, 7500, NULL, NULL, NULL, NULL, NULL),
  ('019dc041-cdbe-7738-8f06-5a966f529ce8', '2026-04-21T20:00:17.000Z', 3386, 2976, 3591, 7500, NULL, NULL, NULL, NULL, NULL),
  ('019dc041-cdbe-7738-8f06-5a966f529ce8', '2026-04-22T20:00:15.000Z', 3386, 2976, 3500, 7500, NULL, NULL, NULL, NULL, NULL),
  ('019dc041-cdbe-7738-8f06-5a966f529ce8', '2026-04-23T20:00:17.000Z', 3386, 2938, 3500, 7500, NULL, NULL, NULL, NULL, NULL),
  ('019dc041-cdbe-7fa5-b363-1296a8f87345', '2026-04-19T20:00:17.000Z', 783, 592, 856, 1597, NULL, NULL, NULL, NULL, NULL),
  ('019dc041-cdbe-7fa5-b363-1296a8f87345', '2026-04-20T20:00:17.000Z', 779, 550, 869, 1597, NULL, NULL, NULL, NULL, NULL),
  ('019dc041-cdbe-7fa5-b363-1296a8f87345', '2026-04-21T20:00:17.000Z', 764, 660, 869, 1597, NULL, NULL, NULL, NULL, NULL),
  ('019dc041-cdbe-7fa5-b363-1296a8f87345', '2026-04-22T20:00:15.000Z', 764, 660, 869, 1597, NULL, NULL, NULL, NULL, NULL),
  ('019dc041-cdbe-7fa5-b363-1296a8f87345', '2026-04-23T20:00:17.000Z', 764, 660, 862, 1597, NULL, NULL, NULL, NULL, NULL),
  ('019dc041-cdbf-721d-a8a2-d6c353f2a63a', '2026-04-19T00:50:04.000Z', 266, 150, NULL, NULL, 244, 275, 238, 270, NULL),
  ('019dc041-cdbf-721d-a8a2-d6c353f2a63a', '2026-04-20T00:43:18.000Z', 266, 150, NULL, NULL, 244, 275, 238, 270, NULL),
  ('019dc041-cdbf-721d-a8a2-d6c353f2a63a', '2026-04-22T00:43:02.000Z', 266, 150, NULL, NULL, 229, 197, 239, 267, NULL),
  ('019dc041-cdbf-721d-a8a2-d6c353f2a63a', '2026-04-23T00:46:09.000Z', 266, 150, NULL, NULL, 229, 197, 239, 267, NULL),
  ('019dc041-cdbf-721d-a8a2-d6c353f2a63a', '2026-04-24T00:44:56.000Z', 253, 150, NULL, NULL, 229, 217, 242, 265, NULL),
  ('019dc041-cdbf-7271-8a6f-fd52596a3f63', '2026-04-20T00:00:00.000Z', NULL, 210, NULL, NULL, NULL, NULL, NULL, NULL, NULL),
  ('019dc041-cdbf-7271-8a6f-fd52596a3f63', '2026-04-21T00:00:00.000Z', NULL, 210, NULL, NULL, NULL, NULL, NULL, NULL, NULL),
  ('019dc041-cdbf-7271-8a6f-fd52596a3f63', '2026-04-22T00:00:00.000Z', NULL, 210, NULL, NULL, NULL, NULL, NULL, NULL, NULL),
  ('019dc041-cdbf-7271-8a6f-fd52596a3f63', '2026-04-23T00:00:00.000Z', NULL, 210, NULL, NULL, NULL, NULL, NULL, NULL, 210),
  ('019dc041-cdbf-7271-8a6f-fd52596a3f63', '2026-04-24T00:00:00.000Z', NULL, 210, NULL, NULL, NULL, NULL, NULL, NULL, 210),
  ('019dc041-cdbf-79c9-9852-cb0d9012eb47', '2026-04-20T00:00:00.000Z', NULL, 14, NULL, NULL, NULL, NULL, NULL, NULL, NULL),
  ('019dc041-cdbf-79c9-9852-cb0d9012eb47', '2026-04-21T00:00:00.000Z', NULL, 14, NULL, NULL, NULL, NULL, NULL, NULL, NULL),
  ('019dc041-cdbf-79c9-9852-cb0d9012eb47', '2026-04-22T00:00:00.000Z', NULL, 14, NULL, NULL, NULL, NULL, NULL, NULL, NULL),
  ('019dc041-cdbf-79c9-9852-cb0d9012eb47', '2026-04-23T00:00:00.000Z', NULL, 14, NULL, NULL, NULL, NULL, NULL, NULL, 14),
  ('019dc041-cdbf-79c9-9852-cb0d9012eb47', '2026-04-24T00:00:00.000Z', NULL, 14, NULL, NULL, NULL, NULL, NULL, NULL, 14),
  ('019dc041-cdbf-7a9e-b58d-8e3224f045be', '2026-04-19T20:00:16.000Z', 303, 224, 314, 99900, NULL, NULL, NULL, NULL, NULL),
  ('019dc041-cdbf-7a9e-b58d-8e3224f045be', '2026-04-20T20:00:16.000Z', 303, 224, 313, 99900, NULL, NULL, NULL, NULL, NULL),
  ('019dc041-cdbf-7a9e-b58d-8e3224f045be', '2026-04-21T20:00:16.000Z', 303, 224, 313, 99900, NULL, NULL, NULL, NULL, NULL),
  ('019dc041-cdbf-7a9e-b58d-8e3224f045be', '2026-04-22T20:00:14.000Z', 304, 224, 312, 99900, NULL, NULL, NULL, NULL, NULL),
  ('019dc041-cdbf-7a9e-b58d-8e3224f045be', '2026-04-23T20:00:16.000Z', 304, 249, 307, 99900, NULL, NULL, NULL, NULL, NULL),
  ('019dc041-cdbf-7ff2-9860-a546efc1f082', '2026-04-19T20:00:16.000Z', 172, 139, 188, 500, NULL, NULL, NULL, NULL, NULL),
  ('019dc041-cdbf-7ff2-9860-a546efc1f082', '2026-04-20T20:00:16.000Z', 172, 139, 188, 500, NULL, NULL, NULL, NULL, NULL),
  ('019dc041-cdbf-7ff2-9860-a546efc1f082', '2026-04-21T20:00:16.000Z', 172, 71, 183, 500, NULL, NULL, NULL, NULL, NULL),
  ('019dc041-cdbf-7ff2-9860-a546efc1f082', '2026-04-22T20:00:14.000Z', 169, 71, 183, 500, NULL, NULL, NULL, NULL, NULL),
  ('019dc041-cdbf-7ff2-9860-a546efc1f082', '2026-04-23T20:00:16.000Z', 169, 71, 188, 500, NULL, NULL, NULL, NULL, NULL),
  ('019dc041-cdc0-70c7-9001-6f60a3c6c8a8', '2026-04-19T00:50:04.000Z', 273, 180, NULL, NULL, 307, 315, 309, 278, NULL),
  ('019dc041-cdc0-70c7-9001-6f60a3c6c8a8', '2026-04-20T00:43:18.000Z', 273, 220, NULL, NULL, 301, 245, 304, 277, NULL),
  ('019dc041-cdc0-70c7-9001-6f60a3c6c8a8', '2026-04-22T00:43:02.000Z', 273, 220, NULL, NULL, 298, 284, 300, 279, NULL),
  ('019dc041-cdc0-70c7-9001-6f60a3c6c8a8', '2026-04-23T00:46:09.000Z', 273, 177, NULL, NULL, 300, 284, 300, 279, NULL),
  ('019dc041-cdc0-70c7-9001-6f60a3c6c8a8', '2026-04-24T00:44:56.000Z', 273, 220, NULL, NULL, 305, 315, 308, 284, NULL),
  ('019dc041-cdc0-72f1-b3bd-3cc78326e0a6', '2026-04-20T00:00:00.000Z', NULL, 110, NULL, NULL, NULL, NULL, NULL, NULL, NULL),
  ('019dc041-cdc0-72f1-b3bd-3cc78326e0a6', '2026-04-21T00:00:00.000Z', NULL, 110, NULL, NULL, NULL, NULL, NULL, NULL, NULL),
  ('019dc041-cdc0-72f1-b3bd-3cc78326e0a6', '2026-04-22T00:00:00.000Z', NULL, 110, NULL, NULL, NULL, NULL, NULL, NULL, NULL),
  ('019dc041-cdc0-72f1-b3bd-3cc78326e0a6', '2026-04-23T00:00:00.000Z', NULL, 110, NULL, NULL, NULL, NULL, NULL, NULL, 110),
  ('019dc041-cdc0-72f1-b3bd-3cc78326e0a6', '2026-04-24T00:00:00.000Z', NULL, 110, NULL, NULL, NULL, NULL, NULL, NULL, 110),
  ('019dc041-ce32-712b-93bf-79db5e0a7433', '2026-03-02T00:00:00.000Z', 204871, NULL, NULL, NULL, NULL, NULL, NULL, NULL, NULL),
  ('019dc041-ce32-712b-93bf-79db5e0a7433', '2026-03-03T00:00:00.000Z', 204871, NULL, NULL, NULL, NULL, NULL, NULL, NULL, NULL),
  ('019dc041-ce32-712b-93bf-79db5e0a7433', '2026-03-04T00:00:00.000Z', 204871, NULL, NULL, NULL, NULL, NULL, NULL, NULL, NULL),
  ('019dc041-ce32-712b-93bf-79db5e0a7433', '2026-03-05T00:00:00.000Z', 204871, NULL, NULL, NULL, NULL, NULL, NULL, NULL, NULL),
  ('019dc041-ce32-712b-93bf-79db5e0a7433', '2026-03-06T00:00:00.000Z', 204871, NULL, NULL, NULL, NULL, NULL, NULL, NULL, NULL),
  ('019dc045-24c3-72d8-8811-a9378f4875f8', '2026-04-19T00:50:04.000Z', 3000, 3000, NULL, NULL, 3000, 3000, 3000, 3000, NULL),
  ('019dc045-24c3-72d8-8811-a9378f4875f8', '2026-04-20T00:43:18.000Z', 3000, 3000, NULL, NULL, 3000, 3000, 3000, 3000, NULL),
  ('019dc045-24c3-72d8-8811-a9378f4875f8', '2026-04-22T00:43:02.000Z', 3000, 3000, NULL, NULL, 3000, 3000, 3000, 3000, NULL),
  ('019dc045-24c3-72d8-8811-a9378f4875f8', '2026-04-23T00:46:09.000Z', 3000, 3000, NULL, NULL, 3000, 3000, 3000, 3000, NULL),
  ('019dc045-24c3-72d8-8811-a9378f4875f8', '2026-04-24T00:44:56.000Z', 3000, 3000, NULL, NULL, 3000, 3000, 3000, 3000, NULL),
  ('019dc059-66f2-7c36-92f6-34e872a13fe5', '2026-04-19T20:00:17.000Z', 193500, 169999, 178414, 222222, NULL, NULL, NULL, NULL, NULL),
  ('019dc059-66f2-7c36-92f6-34e872a13fe5', '2026-04-20T20:00:17.000Z', 193500, 169999, 178414, 222222, NULL, NULL, NULL, NULL, NULL),
  ('019dc059-66f2-7c36-92f6-34e872a13fe5', '2026-04-21T20:00:17.000Z', 193500, 169999, 178414, 222222, NULL, NULL, NULL, NULL, NULL),
  ('019dc059-66f2-7c36-92f6-34e872a13fe5', '2026-04-22T20:00:15.000Z', 193500, 169999, 178414, 222222, NULL, NULL, NULL, NULL, NULL),
  ('019dc059-66f2-7c36-92f6-34e872a13fe5', '2026-04-23T20:00:17.000Z', 193500, 169999, 178414, 222222, NULL, NULL, NULL, NULL, NULL);


-- Feature flags
INSERT INTO feature_flags (key, enabled, description) VALUES
  ('copies-tracked', TRUE, 'Show the total copies tracked counter on the landing page'),
  ('rules', TRUE, 'Show the game rules page and header link'),
  ('price-history', TRUE, 'Show the Value Over Time chart on the collection stats page'),
  ('stats', TRUE, 'Show the collection statistics page and sidebar link');


-- Rules

